iNumb:; 1;999;8991;8082;8532;6174;6174;
iNumb:; 2;1998;8082;8532;6174;6174;
iNumb:; 3;2997;7173;6354;3087;8352;6174;6174;
iNumb:; 4;3996;6264;4176;6174;6174;
iNumb:; 5;4995;5355;1998;8082;8532;6174;6174;
iNumb:; 6;5994;5355;1998;8082;8532;6174;6174;
iNumb:; 7;6993;6264;4176;6174;6174;
iNumb:; 8;7992;7173;6354;3087;8352;6174;6174;
iNumb:; 9;8991;8082;8532;6174;6174;
iNumb:; 10;999;8991;8082;8532;6174;6174;
iNumb:; 11;1089;9621;8352;6174;6174;
iNumb:; 12;2088;8532;6174;6174;
iNumb:; 13;3087;8352;6174;6174;
iNumb:; 14;4086;8172;7443;3996;6264;4176;6174;6174;
iNumb:; 15;5085;7992;7173;6354;3087;8352;6174;6174;
iNumb:; 16;6084;8172;7443;3996;6264;4176;6174;6174;
iNumb:; 17;7083;8352;6174;6174;
iNumb:; 18;8082;8532;6174;6174;
iNumb:; 19;9081;9621;8352;6174;6174;
iNumb:; 20;1998;8082;8532;6174;6174;
iNumb:; 21;2088;8532;6174;6174;
iNumb:; 22;2178;7443;3996;6264;4176;6174;6174;
iNumb:; 23;3177;6354;3087;8352;6174;6174;
iNumb:; 24;4176;6174;6174;
iNumb:; 25;5175;5994;5355;1998;8082;8532;6174;6174;
iNumb:; 26;6174;6174;
iNumb:; 27;7173;6354;3087;8352;6174;6174;
iNumb:; 28;8172;7443;3996;6264;4176;6174;6174;
iNumb:; 29;9171;8532;6174;6174;
iNumb:; 30;2997;7173;6354;3087;8352;6174;6174;
iNumb:; 31;3087;8352;6174;6174;
iNumb:; 32;3177;6354;3087;8352;6174;6174;
iNumb:; 33;3267;5265;3996;6264;4176;6174;6174;
iNumb:; 34;4266;4176;6174;6174;
iNumb:; 35;5265;3996;6264;4176;6174;6174;
iNumb:; 36;6264;4176;6174;6174;
iNumb:; 37;7263;5265;3996;6264;4176;6174;6174;
iNumb:; 38;8262;6354;3087;8352;6174;6174;
iNumb:; 39;9261;8352;6174;6174;
iNumb:; 40;3996;6264;4176;6174;6174;
iNumb:; 41;4086;8172;7443;3996;6264;4176;6174;6174;
iNumb:; 42;4176;6174;6174;
iNumb:; 43;4266;4176;6174;6174;
iNumb:; 44;4356;3087;8352;6174;6174;
iNumb:; 45;5355;1998;8082;8532;6174;6174;
iNumb:; 46;6354;3087;8352;6174;6174;
iNumb:; 47;7353;4176;6174;6174;
iNumb:; 48;8352;6174;6174;
iNumb:; 49;9351;8172;7443;3996;6264;4176;6174;6174;
iNumb:; 50;4995;5355;1998;8082;8532;6174;6174;
iNumb:; 51;5085;7992;7173;6354;3087;8352;6174;6174;
iNumb:; 52;5175;5994;5355;1998;8082;8532;6174;6174;
iNumb:; 53;5265;3996;6264;4176;6174;6174;
iNumb:; 54;5355;1998;8082;8532;6174;6174;
iNumb:; 55;5445;1089;9621;8352;6174;6174;
iNumb:; 56;6444;1998;8082;8532;6174;6174;
iNumb:; 57;7443;3996;6264;4176;6174;6174;
iNumb:; 58;8442;5994;5355;1998;8082;8532;6174;6174;
iNumb:; 59;9441;7992;7173;6354;3087;8352;6174;6174;
iNumb:; 60;5994;5355;1998;8082;8532;6174;6174;
iNumb:; 61;6084;8172;7443;3996;6264;4176;6174;6174;
iNumb:; 62;6174;6174;
iNumb:; 63;6264;4176;6174;6174;
iNumb:; 64;6354;3087;8352;6174;6174;
iNumb:; 65;6444;1998;8082;8532;6174;6174;
iNumb:; 66;6534;3087;8352;6174;6174;
iNumb:; 67;7533;4176;6174;6174;
iNumb:; 68;8532;6174;6174;
iNumb:; 69;9531;8172;7443;3996;6264;4176;6174;6174;
iNumb:; 70;6993;6264;4176;6174;6174;
iNumb:; 71;7083;8352;6174;6174;
iNumb:; 72;7173;6354;3087;8352;6174;6174;
iNumb:; 73;7263;5265;3996;6264;4176;6174;6174;
iNumb:; 74;7353;4176;6174;6174;
iNumb:; 75;7443;3996;6264;4176;6174;6174;
iNumb:; 76;7533;4176;6174;6174;
iNumb:; 77;7623;5265;3996;6264;4176;6174;6174;
iNumb:; 78;8622;6354;3087;8352;6174;6174;
iNumb:; 79;9621;8352;6174;6174;
iNumb:; 80;7992;7173;6354;3087;8352;6174;6174;
iNumb:; 81;8082;8532;6174;6174;
iNumb:; 82;8172;7443;3996;6264;4176;6174;6174;
iNumb:; 83;8262;6354;3087;8352;6174;6174;
iNumb:; 84;8352;6174;6174;
iNumb:; 85;8442;5994;5355;1998;8082;8532;6174;6174;
iNumb:; 86;8532;6174;6174;
iNumb:; 87;8622;6354;3087;8352;6174;6174;
iNumb:; 88;8712;7443;3996;6264;4176;6174;6174;
iNumb:; 89;9711;8532;6174;6174;
iNumb:; 90;8991;8082;8532;6174;6174;
iNumb:; 91;9081;9621;8352;6174;6174;
iNumb:; 92;9171;8532;6174;6174;
iNumb:; 93;9261;8352;6174;6174;
iNumb:; 94;9351;8172;7443;3996;6264;4176;6174;6174;
iNumb:; 95;9441;7992;7173;6354;3087;8352;6174;6174;
iNumb:; 96;9531;8172;7443;3996;6264;4176;6174;6174;
iNumb:; 97;9621;8352;6174;6174;
iNumb:; 98;9711;8532;6174;6174;
iNumb:; 99;9801;9621;8352;6174;6174;
iNumb:; 100;999;8991;8082;8532;6174;6174;
iNumb:; 101;1089;9621;8352;6174;6174;
iNumb:; 102;2088;8532;6174;6174;
iNumb:; 103;3087;8352;6174;6174;
iNumb:; 104;4086;8172;7443;3996;6264;4176;6174;6174;
iNumb:; 105;5085;7992;7173;6354;3087;8352;6174;6174;
iNumb:; 106;6084;8172;7443;3996;6264;4176;6174;6174;
iNumb:; 107;7083;8352;6174;6174;
iNumb:; 108;8082;8532;6174;6174;
iNumb:; 109;9081;9621;8352;6174;6174;
iNumb:; 110;1089;9621;8352;6174;6174;
iNumb:; 111;999;8991;8082;8532;6174;6174;
iNumb:; 112;1998;8082;8532;6174;6174;
iNumb:; 113;2997;7173;6354;3087;8352;6174;6174;
iNumb:; 114;3996;6264;4176;6174;6174;
iNumb:; 115;4995;5355;1998;8082;8532;6174;6174;
iNumb:; 116;5994;5355;1998;8082;8532;6174;6174;
iNumb:; 117;6993;6264;4176;6174;6174;
iNumb:; 118;7992;7173;6354;3087;8352;6174;6174;
iNumb:; 119;8991;8082;8532;6174;6174;
iNumb:; 120;2088;8532;6174;6174;
iNumb:; 121;1998;8082;8532;6174;6174;
iNumb:; 122;2088;8532;6174;6174;
iNumb:; 123;3087;8352;6174;6174;
iNumb:; 124;4086;8172;7443;3996;6264;4176;6174;6174;
iNumb:; 125;5085;7992;7173;6354;3087;8352;6174;6174;
iNumb:; 126;6084;8172;7443;3996;6264;4176;6174;6174;
iNumb:; 127;7083;8352;6174;6174;
iNumb:; 128;8082;8532;6174;6174;
iNumb:; 129;9081;9621;8352;6174;6174;
iNumb:; 130;3087;8352;6174;6174;
iNumb:; 131;2997;7173;6354;3087;8352;6174;6174;
iNumb:; 132;3087;8352;6174;6174;
iNumb:; 133;3177;6354;3087;8352;6174;6174;
iNumb:; 134;4176;6174;6174;
iNumb:; 135;5175;5994;5355;1998;8082;8532;6174;6174;
iNumb:; 136;6174;6174;
iNumb:; 137;7173;6354;3087;8352;6174;6174;
iNumb:; 138;8172;7443;3996;6264;4176;6174;6174;
iNumb:; 139;9171;8532;6174;6174;
iNumb:; 140;4086;8172;7443;3996;6264;4176;6174;6174;
iNumb:; 141;3996;6264;4176;6174;6174;
iNumb:; 142;4086;8172;7443;3996;6264;4176;6174;6174;
iNumb:; 143;4176;6174;6174;
iNumb:; 144;4266;4176;6174;6174;
iNumb:; 145;5265;3996;6264;4176;6174;6174;
iNumb:; 146;6264;4176;6174;6174;
iNumb:; 147;7263;5265;3996;6264;4176;6174;6174;
iNumb:; 148;8262;6354;3087;8352;6174;6174;
iNumb:; 149;9261;8352;6174;6174;
iNumb:; 150;5085;7992;7173;6354;3087;8352;6174;6174;
iNumb:; 151;4995;5355;1998;8082;8532;6174;6174;
iNumb:; 152;5085;7992;7173;6354;3087;8352;6174;6174;
iNumb:; 153;5175;5994;5355;1998;8082;8532;6174;6174;
iNumb:; 154;5265;3996;6264;4176;6174;6174;
iNumb:; 155;5355;1998;8082;8532;6174;6174;
iNumb:; 156;6354;3087;8352;6174;6174;
iNumb:; 157;7353;4176;6174;6174;
iNumb:; 158;8352;6174;6174;
iNumb:; 159;9351;8172;7443;3996;6264;4176;6174;6174;
iNumb:; 160;6084;8172;7443;3996;6264;4176;6174;6174;
iNumb:; 161;5994;5355;1998;8082;8532;6174;6174;
iNumb:; 162;6084;8172;7443;3996;6264;4176;6174;6174;
iNumb:; 163;6174;6174;
iNumb:; 164;6264;4176;6174;6174;
iNumb:; 165;6354;3087;8352;6174;6174;
iNumb:; 166;6444;1998;8082;8532;6174;6174;
iNumb:; 167;7443;3996;6264;4176;6174;6174;
iNumb:; 168;8442;5994;5355;1998;8082;8532;6174;6174;
iNumb:; 169;9441;7992;7173;6354;3087;8352;6174;6174;
iNumb:; 170;7083;8352;6174;6174;
iNumb:; 171;6993;6264;4176;6174;6174;
iNumb:; 172;7083;8352;6174;6174;
iNumb:; 173;7173;6354;3087;8352;6174;6174;
iNumb:; 174;7263;5265;3996;6264;4176;6174;6174;
iNumb:; 175;7353;4176;6174;6174;
iNumb:; 176;7443;3996;6264;4176;6174;6174;
iNumb:; 177;7533;4176;6174;6174;
iNumb:; 178;8532;6174;6174;
iNumb:; 179;9531;8172;7443;3996;6264;4176;6174;6174;
iNumb:; 180;8082;8532;6174;6174;
iNumb:; 181;7992;7173;6354;3087;8352;6174;6174;
iNumb:; 182;8082;8532;6174;6174;
iNumb:; 183;8172;7443;3996;6264;4176;6174;6174;
iNumb:; 184;8262;6354;3087;8352;6174;6174;
iNumb:; 185;8352;6174;6174;
iNumb:; 186;8442;5994;5355;1998;8082;8532;6174;6174;
iNumb:; 187;8532;6174;6174;
iNumb:; 188;8622;6354;3087;8352;6174;6174;
iNumb:; 189;9621;8352;6174;6174;
iNumb:; 190;9081;9621;8352;6174;6174;
iNumb:; 191;8991;8082;8532;6174;6174;
iNumb:; 192;9081;9621;8352;6174;6174;
iNumb:; 193;9171;8532;6174;6174;
iNumb:; 194;9261;8352;6174;6174;
iNumb:; 195;9351;8172;7443;3996;6264;4176;6174;6174;
iNumb:; 196;9441;7992;7173;6354;3087;8352;6174;6174;
iNumb:; 197;9531;8172;7443;3996;6264;4176;6174;6174;
iNumb:; 198;9621;8352;6174;6174;
iNumb:; 199;9711;8532;6174;6174;
iNumb:; 200;1998;8082;8532;6174;6174;
iNumb:; 201;2088;8532;6174;6174;
iNumb:; 202;2178;7443;3996;6264;4176;6174;6174;
iNumb:; 203;3177;6354;3087;8352;6174;6174;
iNumb:; 204;4176;6174;6174;
iNumb:; 205;5175;5994;5355;1998;8082;8532;6174;6174;
iNumb:; 206;6174;6174;
iNumb:; 207;7173;6354;3087;8352;6174;6174;
iNumb:; 208;8172;7443;3996;6264;4176;6174;6174;
iNumb:; 209;9171;8532;6174;6174;
iNumb:; 210;2088;8532;6174;6174;
iNumb:; 211;1998;8082;8532;6174;6174;
iNumb:; 212;2088;8532;6174;6174;
iNumb:; 213;3087;8352;6174;6174;
iNumb:; 214;4086;8172;7443;3996;6264;4176;6174;6174;
iNumb:; 215;5085;7992;7173;6354;3087;8352;6174;6174;
iNumb:; 216;6084;8172;7443;3996;6264;4176;6174;6174;
iNumb:; 217;7083;8352;6174;6174;
iNumb:; 218;8082;8532;6174;6174;
iNumb:; 219;9081;9621;8352;6174;6174;
iNumb:; 220;2178;7443;3996;6264;4176;6174;6174;
iNumb:; 221;2088;8532;6174;6174;
iNumb:; 222;1998;8082;8532;6174;6174;
iNumb:; 223;2997;7173;6354;3087;8352;6174;6174;
iNumb:; 224;3996;6264;4176;6174;6174;
iNumb:; 225;4995;5355;1998;8082;8532;6174;6174;
iNumb:; 226;5994;5355;1998;8082;8532;6174;6174;
iNumb:; 227;6993;6264;4176;6174;6174;
iNumb:; 228;7992;7173;6354;3087;8352;6174;6174;
iNumb:; 229;8991;8082;8532;6174;6174;
iNumb:; 230;3177;6354;3087;8352;6174;6174;
iNumb:; 231;3087;8352;6174;6174;
iNumb:; 232;2997;7173;6354;3087;8352;6174;6174;
iNumb:; 233;3087;8352;6174;6174;
iNumb:; 234;4086;8172;7443;3996;6264;4176;6174;6174;
iNumb:; 235;5085;7992;7173;6354;3087;8352;6174;6174;
iNumb:; 236;6084;8172;7443;3996;6264;4176;6174;6174;
iNumb:; 237;7083;8352;6174;6174;
iNumb:; 238;8082;8532;6174;6174;
iNumb:; 239;9081;9621;8352;6174;6174;
iNumb:; 240;4176;6174;6174;
iNumb:; 241;4086;8172;7443;3996;6264;4176;6174;6174;
iNumb:; 242;3996;6264;4176;6174;6174;
iNumb:; 243;4086;8172;7443;3996;6264;4176;6174;6174;
iNumb:; 244;4176;6174;6174;
iNumb:; 245;5175;5994;5355;1998;8082;8532;6174;6174;
iNumb:; 246;6174;6174;
iNumb:; 247;7173;6354;3087;8352;6174;6174;
iNumb:; 248;8172;7443;3996;6264;4176;6174;6174;
iNumb:; 249;9171;8532;6174;6174;
iNumb:; 250;5175;5994;5355;1998;8082;8532;6174;6174;
iNumb:; 251;5085;7992;7173;6354;3087;8352;6174;6174;
iNumb:; 252;4995;5355;1998;8082;8532;6174;6174;
iNumb:; 253;5085;7992;7173;6354;3087;8352;6174;6174;
iNumb:; 254;5175;5994;5355;1998;8082;8532;6174;6174;
iNumb:; 255;5265;3996;6264;4176;6174;6174;
iNumb:; 256;6264;4176;6174;6174;
iNumb:; 257;7263;5265;3996;6264;4176;6174;6174;
iNumb:; 258;8262;6354;3087;8352;6174;6174;
iNumb:; 259;9261;8352;6174;6174;
iNumb:; 260;6174;6174;
iNumb:; 261;6084;8172;7443;3996;6264;4176;6174;6174;
iNumb:; 262;5994;5355;1998;8082;8532;6174;6174;
iNumb:; 263;6084;8172;7443;3996;6264;4176;6174;6174;
iNumb:; 264;6174;6174;
iNumb:; 265;6264;4176;6174;6174;
iNumb:; 266;6354;3087;8352;6174;6174;
iNumb:; 267;7353;4176;6174;6174;
iNumb:; 268;8352;6174;6174;
iNumb:; 269;9351;8172;7443;3996;6264;4176;6174;6174;
iNumb:; 270;7173;6354;3087;8352;6174;6174;
iNumb:; 271;7083;8352;6174;6174;
iNumb:; 272;6993;6264;4176;6174;6174;
iNumb:; 273;7083;8352;6174;6174;
iNumb:; 274;7173;6354;3087;8352;6174;6174;
iNumb:; 275;7263;5265;3996;6264;4176;6174;6174;
iNumb:; 276;7353;4176;6174;6174;
iNumb:; 277;7443;3996;6264;4176;6174;6174;
iNumb:; 278;8442;5994;5355;1998;8082;8532;6174;6174;
iNumb:; 279;9441;7992;7173;6354;3087;8352;6174;6174;
iNumb:; 280;8172;7443;3996;6264;4176;6174;6174;
iNumb:; 281;8082;8532;6174;6174;
iNumb:; 282;7992;7173;6354;3087;8352;6174;6174;
iNumb:; 283;8082;8532;6174;6174;
iNumb:; 284;8172;7443;3996;6264;4176;6174;6174;
iNumb:; 285;8262;6354;3087;8352;6174;6174;
iNumb:; 286;8352;6174;6174;
iNumb:; 287;8442;5994;5355;1998;8082;8532;6174;6174;
iNumb:; 288;8532;6174;6174;
iNumb:; 289;9531;8172;7443;3996;6264;4176;6174;6174;
iNumb:; 290;9171;8532;6174;6174;
iNumb:; 291;9081;9621;8352;6174;6174;
iNumb:; 292;8991;8082;8532;6174;6174;
iNumb:; 293;9081;9621;8352;6174;6174;
iNumb:; 294;9171;8532;6174;6174;
iNumb:; 295;9261;8352;6174;6174;
iNumb:; 296;9351;8172;7443;3996;6264;4176;6174;6174;
iNumb:; 297;9441;7992;7173;6354;3087;8352;6174;6174;
iNumb:; 298;9531;8172;7443;3996;6264;4176;6174;6174;
iNumb:; 299;9621;8352;6174;6174;
iNumb:; 300;2997;7173;6354;3087;8352;6174;6174;
iNumb:; 301;3087;8352;6174;6174;
iNumb:; 302;3177;6354;3087;8352;6174;6174;
iNumb:; 303;3267;5265;3996;6264;4176;6174;6174;
iNumb:; 304;4266;4176;6174;6174;
iNumb:; 305;5265;3996;6264;4176;6174;6174;
iNumb:; 306;6264;4176;6174;6174;
iNumb:; 307;7263;5265;3996;6264;4176;6174;6174;
iNumb:; 308;8262;6354;3087;8352;6174;6174;
iNumb:; 309;9261;8352;6174;6174;
iNumb:; 310;3087;8352;6174;6174;
iNumb:; 311;2997;7173;6354;3087;8352;6174;6174;
iNumb:; 312;3087;8352;6174;6174;
iNumb:; 313;3177;6354;3087;8352;6174;6174;
iNumb:; 314;4176;6174;6174;
iNumb:; 315;5175;5994;5355;1998;8082;8532;6174;6174;
iNumb:; 316;6174;6174;
iNumb:; 317;7173;6354;3087;8352;6174;6174;
iNumb:; 318;8172;7443;3996;6264;4176;6174;6174;
iNumb:; 319;9171;8532;6174;6174;
iNumb:; 320;3177;6354;3087;8352;6174;6174;
iNumb:; 321;3087;8352;6174;6174;
iNumb:; 322;2997;7173;6354;3087;8352;6174;6174;
iNumb:; 323;3087;8352;6174;6174;
iNumb:; 324;4086;8172;7443;3996;6264;4176;6174;6174;
iNumb:; 325;5085;7992;7173;6354;3087;8352;6174;6174;
iNumb:; 326;6084;8172;7443;3996;6264;4176;6174;6174;
iNumb:; 327;7083;8352;6174;6174;
iNumb:; 328;8082;8532;6174;6174;
iNumb:; 329;9081;9621;8352;6174;6174;
iNumb:; 330;3267;5265;3996;6264;4176;6174;6174;
iNumb:; 331;3177;6354;3087;8352;6174;6174;
iNumb:; 332;3087;8352;6174;6174;
iNumb:; 333;2997;7173;6354;3087;8352;6174;6174;
iNumb:; 334;3996;6264;4176;6174;6174;
iNumb:; 335;4995;5355;1998;8082;8532;6174;6174;
iNumb:; 336;5994;5355;1998;8082;8532;6174;6174;
iNumb:; 337;6993;6264;4176;6174;6174;
iNumb:; 338;7992;7173;6354;3087;8352;6174;6174;
iNumb:; 339;8991;8082;8532;6174;6174;
iNumb:; 340;4266;4176;6174;6174;
iNumb:; 341;4176;6174;6174;
iNumb:; 342;4086;8172;7443;3996;6264;4176;6174;6174;
iNumb:; 343;3996;6264;4176;6174;6174;
iNumb:; 344;4086;8172;7443;3996;6264;4176;6174;6174;
iNumb:; 345;5085;7992;7173;6354;3087;8352;6174;6174;
iNumb:; 346;6084;8172;7443;3996;6264;4176;6174;6174;
iNumb:; 347;7083;8352;6174;6174;
iNumb:; 348;8082;8532;6174;6174;
iNumb:; 349;9081;9621;8352;6174;6174;
iNumb:; 350;5265;3996;6264;4176;6174;6174;
iNumb:; 351;5175;5994;5355;1998;8082;8532;6174;6174;
iNumb:; 352;5085;7992;7173;6354;3087;8352;6174;6174;
iNumb:; 353;4995;5355;1998;8082;8532;6174;6174;
iNumb:; 354;5085;7992;7173;6354;3087;8352;6174;6174;
iNumb:; 355;5175;5994;5355;1998;8082;8532;6174;6174;
iNumb:; 356;6174;6174;
iNumb:; 357;7173;6354;3087;8352;6174;6174;
iNumb:; 358;8172;7443;3996;6264;4176;6174;6174;
iNumb:; 359;9171;8532;6174;6174;
iNumb:; 360;6264;4176;6174;6174;
iNumb:; 361;6174;6174;
iNumb:; 362;6084;8172;7443;3996;6264;4176;6174;6174;
iNumb:; 363;5994;5355;1998;8082;8532;6174;6174;
iNumb:; 364;6084;8172;7443;3996;6264;4176;6174;6174;
iNumb:; 365;6174;6174;
iNumb:; 366;6264;4176;6174;6174;
iNumb:; 367;7263;5265;3996;6264;4176;6174;6174;
iNumb:; 368;8262;6354;3087;8352;6174;6174;
iNumb:; 369;9261;8352;6174;6174;
iNumb:; 370;7263;5265;3996;6264;4176;6174;6174;
iNumb:; 371;7173;6354;3087;8352;6174;6174;
iNumb:; 372;7083;8352;6174;6174;
iNumb:; 373;6993;6264;4176;6174;6174;
iNumb:; 374;7083;8352;6174;6174;
iNumb:; 375;7173;6354;3087;8352;6174;6174;
iNumb:; 376;7263;5265;3996;6264;4176;6174;6174;
iNumb:; 377;7353;4176;6174;6174;
iNumb:; 378;8352;6174;6174;
iNumb:; 379;9351;8172;7443;3996;6264;4176;6174;6174;
iNumb:; 380;8262;6354;3087;8352;6174;6174;
iNumb:; 381;8172;7443;3996;6264;4176;6174;6174;
iNumb:; 382;8082;8532;6174;6174;
iNumb:; 383;7992;7173;6354;3087;8352;6174;6174;
iNumb:; 384;8082;8532;6174;6174;
iNumb:; 385;8172;7443;3996;6264;4176;6174;6174;
iNumb:; 386;8262;6354;3087;8352;6174;6174;
iNumb:; 387;8352;6174;6174;
iNumb:; 388;8442;5994;5355;1998;8082;8532;6174;6174;
iNumb:; 389;9441;7992;7173;6354;3087;8352;6174;6174;
iNumb:; 390;9261;8352;6174;6174;
iNumb:; 391;9171;8532;6174;6174;
iNumb:; 392;9081;9621;8352;6174;6174;
iNumb:; 393;8991;8082;8532;6174;6174;
iNumb:; 394;9081;9621;8352;6174;6174;
iNumb:; 395;9171;8532;6174;6174;
iNumb:; 396;9261;8352;6174;6174;
iNumb:; 397;9351;8172;7443;3996;6264;4176;6174;6174;
iNumb:; 398;9441;7992;7173;6354;3087;8352;6174;6174;
iNumb:; 399;9531;8172;7443;3996;6264;4176;6174;6174;
iNumb:; 400;3996;6264;4176;6174;6174;
iNumb:; 401;4086;8172;7443;3996;6264;4176;6174;6174;
iNumb:; 402;4176;6174;6174;
iNumb:; 403;4266;4176;6174;6174;
iNumb:; 404;4356;3087;8352;6174;6174;
iNumb:; 405;5355;1998;8082;8532;6174;6174;
iNumb:; 406;6354;3087;8352;6174;6174;
iNumb:; 407;7353;4176;6174;6174;
iNumb:; 408;8352;6174;6174;
iNumb:; 409;9351;8172;7443;3996;6264;4176;6174;6174;
iNumb:; 410;4086;8172;7443;3996;6264;4176;6174;6174;
iNumb:; 411;3996;6264;4176;6174;6174;
iNumb:; 412;4086;8172;7443;3996;6264;4176;6174;6174;
iNumb:; 413;4176;6174;6174;
iNumb:; 414;4266;4176;6174;6174;
iNumb:; 415;5265;3996;6264;4176;6174;6174;
iNumb:; 416;6264;4176;6174;6174;
iNumb:; 417;7263;5265;3996;6264;4176;6174;6174;
iNumb:; 418;8262;6354;3087;8352;6174;6174;
iNumb:; 419;9261;8352;6174;6174;
iNumb:; 420;4176;6174;6174;
iNumb:; 421;4086;8172;7443;3996;6264;4176;6174;6174;
iNumb:; 422;3996;6264;4176;6174;6174;
iNumb:; 423;4086;8172;7443;3996;6264;4176;6174;6174;
iNumb:; 424;4176;6174;6174;
iNumb:; 425;5175;5994;5355;1998;8082;8532;6174;6174;
iNumb:; 426;6174;6174;
iNumb:; 427;7173;6354;3087;8352;6174;6174;
iNumb:; 428;8172;7443;3996;6264;4176;6174;6174;
iNumb:; 429;9171;8532;6174;6174;
iNumb:; 430;4266;4176;6174;6174;
iNumb:; 431;4176;6174;6174;
iNumb:; 432;4086;8172;7443;3996;6264;4176;6174;6174;
iNumb:; 433;3996;6264;4176;6174;6174;
iNumb:; 434;4086;8172;7443;3996;6264;4176;6174;6174;
iNumb:; 435;5085;7992;7173;6354;3087;8352;6174;6174;
iNumb:; 436;6084;8172;7443;3996;6264;4176;6174;6174;
iNumb:; 437;7083;8352;6174;6174;
iNumb:; 438;8082;8532;6174;6174;
iNumb:; 439;9081;9621;8352;6174;6174;
iNumb:; 440;4356;3087;8352;6174;6174;
iNumb:; 441;4266;4176;6174;6174;
iNumb:; 442;4176;6174;6174;
iNumb:; 443;4086;8172;7443;3996;6264;4176;6174;6174;
iNumb:; 444;3996;6264;4176;6174;6174;
iNumb:; 445;4995;5355;1998;8082;8532;6174;6174;
iNumb:; 446;5994;5355;1998;8082;8532;6174;6174;
iNumb:; 447;6993;6264;4176;6174;6174;
iNumb:; 448;7992;7173;6354;3087;8352;6174;6174;
iNumb:; 449;8991;8082;8532;6174;6174;
iNumb:; 450;5355;1998;8082;8532;6174;6174;
iNumb:; 451;5265;3996;6264;4176;6174;6174;
iNumb:; 452;5175;5994;5355;1998;8082;8532;6174;6174;
iNumb:; 453;5085;7992;7173;6354;3087;8352;6174;6174;
iNumb:; 454;4995;5355;1998;8082;8532;6174;6174;
iNumb:; 455;5085;7992;7173;6354;3087;8352;6174;6174;
iNumb:; 456;6084;8172;7443;3996;6264;4176;6174;6174;
iNumb:; 457;7083;8352;6174;6174;
iNumb:; 458;8082;8532;6174;6174;
iNumb:; 459;9081;9621;8352;6174;6174;
iNumb:; 460;6354;3087;8352;6174;6174;
iNumb:; 461;6264;4176;6174;6174;
iNumb:; 462;6174;6174;
iNumb:; 463;6084;8172;7443;3996;6264;4176;6174;6174;
iNumb:; 464;5994;5355;1998;8082;8532;6174;6174;
iNumb:; 465;6084;8172;7443;3996;6264;4176;6174;6174;
iNumb:; 466;6174;6174;
iNumb:; 467;7173;6354;3087;8352;6174;6174;
iNumb:; 468;8172;7443;3996;6264;4176;6174;6174;
iNumb:; 469;9171;8532;6174;6174;
iNumb:; 470;7353;4176;6174;6174;
iNumb:; 471;7263;5265;3996;6264;4176;6174;6174;
iNumb:; 472;7173;6354;3087;8352;6174;6174;
iNumb:; 473;7083;8352;6174;6174;
iNumb:; 474;6993;6264;4176;6174;6174;
iNumb:; 475;7083;8352;6174;6174;
iNumb:; 476;7173;6354;3087;8352;6174;6174;
iNumb:; 477;7263;5265;3996;6264;4176;6174;6174;
iNumb:; 478;8262;6354;3087;8352;6174;6174;
iNumb:; 479;9261;8352;6174;6174;
iNumb:; 480;8352;6174;6174;
iNumb:; 481;8262;6354;3087;8352;6174;6174;
iNumb:; 482;8172;7443;3996;6264;4176;6174;6174;
iNumb:; 483;8082;8532;6174;6174;
iNumb:; 484;7992;7173;6354;3087;8352;6174;6174;
iNumb:; 485;8082;8532;6174;6174;
iNumb:; 486;8172;7443;3996;6264;4176;6174;6174;
iNumb:; 487;8262;6354;3087;8352;6174;6174;
iNumb:; 488;8352;6174;6174;
iNumb:; 489;9351;8172;7443;3996;6264;4176;6174;6174;
iNumb:; 490;9351;8172;7443;3996;6264;4176;6174;6174;
iNumb:; 491;9261;8352;6174;6174;
iNumb:; 492;9171;8532;6174;6174;
iNumb:; 493;9081;9621;8352;6174;6174;
iNumb:; 494;8991;8082;8532;6174;6174;
iNumb:; 495;9081;9621;8352;6174;6174;
iNumb:; 496;9171;8532;6174;6174;
iNumb:; 497;9261;8352;6174;6174;
iNumb:; 498;9351;8172;7443;3996;6264;4176;6174;6174;
iNumb:; 499;9441;7992;7173;6354;3087;8352;6174;6174;
iNumb:; 500;4995;5355;1998;8082;8532;6174;6174;
iNumb:; 501;5085;7992;7173;6354;3087;8352;6174;6174;
iNumb:; 502;5175;5994;5355;1998;8082;8532;6174;6174;
iNumb:; 503;5265;3996;6264;4176;6174;6174;
iNumb:; 504;5355;1998;8082;8532;6174;6174;
iNumb:; 505;5445;1089;9621;8352;6174;6174;
iNumb:; 506;6444;1998;8082;8532;6174;6174;
iNumb:; 507;7443;3996;6264;4176;6174;6174;
iNumb:; 508;8442;5994;5355;1998;8082;8532;6174;6174;
iNumb:; 509;9441;7992;7173;6354;3087;8352;6174;6174;
iNumb:; 510;5085;7992;7173;6354;3087;8352;6174;6174;
iNumb:; 511;4995;5355;1998;8082;8532;6174;6174;
iNumb:; 512;5085;7992;7173;6354;3087;8352;6174;6174;
iNumb:; 513;5175;5994;5355;1998;8082;8532;6174;6174;
iNumb:; 514;5265;3996;6264;4176;6174;6174;
iNumb:; 515;5355;1998;8082;8532;6174;6174;
iNumb:; 516;6354;3087;8352;6174;6174;
iNumb:; 517;7353;4176;6174;6174;
iNumb:; 518;8352;6174;6174;
iNumb:; 519;9351;8172;7443;3996;6264;4176;6174;6174;
iNumb:; 520;5175;5994;5355;1998;8082;8532;6174;6174;
iNumb:; 521;5085;7992;7173;6354;3087;8352;6174;6174;
iNumb:; 522;4995;5355;1998;8082;8532;6174;6174;
iNumb:; 523;5085;7992;7173;6354;3087;8352;6174;6174;
iNumb:; 524;5175;5994;5355;1998;8082;8532;6174;6174;
iNumb:; 525;5265;3996;6264;4176;6174;6174;
iNumb:; 526;6264;4176;6174;6174;
iNumb:; 527;7263;5265;3996;6264;4176;6174;6174;
iNumb:; 528;8262;6354;3087;8352;6174;6174;
iNumb:; 529;9261;8352;6174;6174;
iNumb:; 530;5265;3996;6264;4176;6174;6174;
iNumb:; 531;5175;5994;5355;1998;8082;8532;6174;6174;
iNumb:; 532;5085;7992;7173;6354;3087;8352;6174;6174;
iNumb:; 533;4995;5355;1998;8082;8532;6174;6174;
iNumb:; 534;5085;7992;7173;6354;3087;8352;6174;6174;
iNumb:; 535;5175;5994;5355;1998;8082;8532;6174;6174;
iNumb:; 536;6174;6174;
iNumb:; 537;7173;6354;3087;8352;6174;6174;
iNumb:; 538;8172;7443;3996;6264;4176;6174;6174;
iNumb:; 539;9171;8532;6174;6174;
iNumb:; 540;5355;1998;8082;8532;6174;6174;
iNumb:; 541;5265;3996;6264;4176;6174;6174;
iNumb:; 542;5175;5994;5355;1998;8082;8532;6174;6174;
iNumb:; 543;5085;7992;7173;6354;3087;8352;6174;6174;
iNumb:; 544;4995;5355;1998;8082;8532;6174;6174;
iNumb:; 545;5085;7992;7173;6354;3087;8352;6174;6174;
iNumb:; 546;6084;8172;7443;3996;6264;4176;6174;6174;
iNumb:; 547;7083;8352;6174;6174;
iNumb:; 548;8082;8532;6174;6174;
iNumb:; 549;9081;9621;8352;6174;6174;
iNumb:; 550;5445;1089;9621;8352;6174;6174;
iNumb:; 551;5355;1998;8082;8532;6174;6174;
iNumb:; 552;5265;3996;6264;4176;6174;6174;
iNumb:; 553;5175;5994;5355;1998;8082;8532;6174;6174;
iNumb:; 554;5085;7992;7173;6354;3087;8352;6174;6174;
iNumb:; 555;4995;5355;1998;8082;8532;6174;6174;
iNumb:; 556;5994;5355;1998;8082;8532;6174;6174;
iNumb:; 557;6993;6264;4176;6174;6174;
iNumb:; 558;7992;7173;6354;3087;8352;6174;6174;
iNumb:; 559;8991;8082;8532;6174;6174;
iNumb:; 560;6444;1998;8082;8532;6174;6174;
iNumb:; 561;6354;3087;8352;6174;6174;
iNumb:; 562;6264;4176;6174;6174;
iNumb:; 563;6174;6174;
iNumb:; 564;6084;8172;7443;3996;6264;4176;6174;6174;
iNumb:; 565;5994;5355;1998;8082;8532;6174;6174;
iNumb:; 566;6084;8172;7443;3996;6264;4176;6174;6174;
iNumb:; 567;7083;8352;6174;6174;
iNumb:; 568;8082;8532;6174;6174;
iNumb:; 569;9081;9621;8352;6174;6174;
iNumb:; 570;7443;3996;6264;4176;6174;6174;
iNumb:; 571;7353;4176;6174;6174;
iNumb:; 572;7263;5265;3996;6264;4176;6174;6174;
iNumb:; 573;7173;6354;3087;8352;6174;6174;
iNumb:; 574;7083;8352;6174;6174;
iNumb:; 575;6993;6264;4176;6174;6174;
iNumb:; 576;7083;8352;6174;6174;
iNumb:; 577;7173;6354;3087;8352;6174;6174;
iNumb:; 578;8172;7443;3996;6264;4176;6174;6174;
iNumb:; 579;9171;8532;6174;6174;
iNumb:; 580;8442;5994;5355;1998;8082;8532;6174;6174;
iNumb:; 581;8352;6174;6174;
iNumb:; 582;8262;6354;3087;8352;6174;6174;
iNumb:; 583;8172;7443;3996;6264;4176;6174;6174;
iNumb:; 584;8082;8532;6174;6174;
iNumb:; 585;7992;7173;6354;3087;8352;6174;6174;
iNumb:; 586;8082;8532;6174;6174;
iNumb:; 587;8172;7443;3996;6264;4176;6174;6174;
iNumb:; 588;8262;6354;3087;8352;6174;6174;
iNumb:; 589;9261;8352;6174;6174;
iNumb:; 590;9441;7992;7173;6354;3087;8352;6174;6174;
iNumb:; 591;9351;8172;7443;3996;6264;4176;6174;6174;
iNumb:; 592;9261;8352;6174;6174;
iNumb:; 593;9171;8532;6174;6174;
iNumb:; 594;9081;9621;8352;6174;6174;
iNumb:; 595;8991;8082;8532;6174;6174;
iNumb:; 596;9081;9621;8352;6174;6174;
iNumb:; 597;9171;8532;6174;6174;
iNumb:; 598;9261;8352;6174;6174;
iNumb:; 599;9351;8172;7443;3996;6264;4176;6174;6174;
iNumb:; 600;5994;5355;1998;8082;8532;6174;6174;
iNumb:; 601;6084;8172;7443;3996;6264;4176;6174;6174;
iNumb:; 602;6174;6174;
iNumb:; 603;6264;4176;6174;6174;
iNumb:; 604;6354;3087;8352;6174;6174;
iNumb:; 605;6444;1998;8082;8532;6174;6174;
iNumb:; 606;6534;3087;8352;6174;6174;
iNumb:; 607;7533;4176;6174;6174;
iNumb:; 608;8532;6174;6174;
iNumb:; 609;9531;8172;7443;3996;6264;4176;6174;6174;
iNumb:; 610;6084;8172;7443;3996;6264;4176;6174;6174;
iNumb:; 611;5994;5355;1998;8082;8532;6174;6174;
iNumb:; 612;6084;8172;7443;3996;6264;4176;6174;6174;
iNumb:; 613;6174;6174;
iNumb:; 614;6264;4176;6174;6174;
iNumb:; 615;6354;3087;8352;6174;6174;
iNumb:; 616;6444;1998;8082;8532;6174;6174;
iNumb:; 617;7443;3996;6264;4176;6174;6174;
iNumb:; 618;8442;5994;5355;1998;8082;8532;6174;6174;
iNumb:; 619;9441;7992;7173;6354;3087;8352;6174;6174;
iNumb:; 620;6174;6174;
iNumb:; 621;6084;8172;7443;3996;6264;4176;6174;6174;
iNumb:; 622;5994;5355;1998;8082;8532;6174;6174;
iNumb:; 623;6084;8172;7443;3996;6264;4176;6174;6174;
iNumb:; 624;6174;6174;
iNumb:; 625;6264;4176;6174;6174;
iNumb:; 626;6354;3087;8352;6174;6174;
iNumb:; 627;7353;4176;6174;6174;
iNumb:; 628;8352;6174;6174;
iNumb:; 629;9351;8172;7443;3996;6264;4176;6174;6174;
iNumb:; 630;6264;4176;6174;6174;
iNumb:; 631;6174;6174;
iNumb:; 632;6084;8172;7443;3996;6264;4176;6174;6174;
iNumb:; 633;5994;5355;1998;8082;8532;6174;6174;
iNumb:; 634;6084;8172;7443;3996;6264;4176;6174;6174;
iNumb:; 635;6174;6174;
iNumb:; 636;6264;4176;6174;6174;
iNumb:; 637;7263;5265;3996;6264;4176;6174;6174;
iNumb:; 638;8262;6354;3087;8352;6174;6174;
iNumb:; 639;9261;8352;6174;6174;
iNumb:; 640;6354;3087;8352;6174;6174;
iNumb:; 641;6264;4176;6174;6174;
iNumb:; 642;6174;6174;
iNumb:; 643;6084;8172;7443;3996;6264;4176;6174;6174;
iNumb:; 644;5994;5355;1998;8082;8532;6174;6174;
iNumb:; 645;6084;8172;7443;3996;6264;4176;6174;6174;
iNumb:; 646;6174;6174;
iNumb:; 647;7173;6354;3087;8352;6174;6174;
iNumb:; 648;8172;7443;3996;6264;4176;6174;6174;
iNumb:; 649;9171;8532;6174;6174;
iNumb:; 650;6444;1998;8082;8532;6174;6174;
iNumb:; 651;6354;3087;8352;6174;6174;
iNumb:; 652;6264;4176;6174;6174;
iNumb:; 653;6174;6174;
iNumb:; 654;6084;8172;7443;3996;6264;4176;6174;6174;
iNumb:; 655;5994;5355;1998;8082;8532;6174;6174;
iNumb:; 656;6084;8172;7443;3996;6264;4176;6174;6174;
iNumb:; 657;7083;8352;6174;6174;
iNumb:; 658;8082;8532;6174;6174;
iNumb:; 659;9081;9621;8352;6174;6174;
iNumb:; 660;6534;3087;8352;6174;6174;
iNumb:; 661;6444;1998;8082;8532;6174;6174;
iNumb:; 662;6354;3087;8352;6174;6174;
iNumb:; 663;6264;4176;6174;6174;
iNumb:; 664;6174;6174;
iNumb:; 665;6084;8172;7443;3996;6264;4176;6174;6174;
iNumb:; 666;5994;5355;1998;8082;8532;6174;6174;
iNumb:; 667;6993;6264;4176;6174;6174;
iNumb:; 668;7992;7173;6354;3087;8352;6174;6174;
iNumb:; 669;8991;8082;8532;6174;6174;
iNumb:; 670;7533;4176;6174;6174;
iNumb:; 671;7443;3996;6264;4176;6174;6174;
iNumb:; 672;7353;4176;6174;6174;
iNumb:; 673;7263;5265;3996;6264;4176;6174;6174;
iNumb:; 674;7173;6354;3087;8352;6174;6174;
iNumb:; 675;7083;8352;6174;6174;
iNumb:; 676;6993;6264;4176;6174;6174;
iNumb:; 677;7083;8352;6174;6174;
iNumb:; 678;8082;8532;6174;6174;
iNumb:; 679;9081;9621;8352;6174;6174;
iNumb:; 680;8532;6174;6174;
iNumb:; 681;8442;5994;5355;1998;8082;8532;6174;6174;
iNumb:; 682;8352;6174;6174;
iNumb:; 683;8262;6354;3087;8352;6174;6174;
iNumb:; 684;8172;7443;3996;6264;4176;6174;6174;
iNumb:; 685;8082;8532;6174;6174;
iNumb:; 686;7992;7173;6354;3087;8352;6174;6174;
iNumb:; 687;8082;8532;6174;6174;
iNumb:; 688;8172;7443;3996;6264;4176;6174;6174;
iNumb:; 689;9171;8532;6174;6174;
iNumb:; 690;9531;8172;7443;3996;6264;4176;6174;6174;
iNumb:; 691;9441;7992;7173;6354;3087;8352;6174;6174;
iNumb:; 692;9351;8172;7443;3996;6264;4176;6174;6174;
iNumb:; 693;9261;8352;6174;6174;
iNumb:; 694;9171;8532;6174;6174;
iNumb:; 695;9081;9621;8352;6174;6174;
iNumb:; 696;8991;8082;8532;6174;6174;
iNumb:; 697;9081;9621;8352;6174;6174;
iNumb:; 698;9171;8532;6174;6174;
iNumb:; 699;9261;8352;6174;6174;
iNumb:; 700;6993;6264;4176;6174;6174;
iNumb:; 701;7083;8352;6174;6174;
iNumb:; 702;7173;6354;3087;8352;6174;6174;
iNumb:; 703;7263;5265;3996;6264;4176;6174;6174;
iNumb:; 704;7353;4176;6174;6174;
iNumb:; 705;7443;3996;6264;4176;6174;6174;
iNumb:; 706;7533;4176;6174;6174;
iNumb:; 707;7623;5265;3996;6264;4176;6174;6174;
iNumb:; 708;8622;6354;3087;8352;6174;6174;
iNumb:; 709;9621;8352;6174;6174;
iNumb:; 710;7083;8352;6174;6174;
iNumb:; 711;6993;6264;4176;6174;6174;
iNumb:; 712;7083;8352;6174;6174;
iNumb:; 713;7173;6354;3087;8352;6174;6174;
iNumb:; 714;7263;5265;3996;6264;4176;6174;6174;
iNumb:; 715;7353;4176;6174;6174;
iNumb:; 716;7443;3996;6264;4176;6174;6174;
iNumb:; 717;7533;4176;6174;6174;
iNumb:; 718;8532;6174;6174;
iNumb:; 719;9531;8172;7443;3996;6264;4176;6174;6174;
iNumb:; 720;7173;6354;3087;8352;6174;6174;
iNumb:; 721;7083;8352;6174;6174;
iNumb:; 722;6993;6264;4176;6174;6174;
iNumb:; 723;7083;8352;6174;6174;
iNumb:; 724;7173;6354;3087;8352;6174;6174;
iNumb:; 725;7263;5265;3996;6264;4176;6174;6174;
iNumb:; 726;7353;4176;6174;6174;
iNumb:; 727;7443;3996;6264;4176;6174;6174;
iNumb:; 728;8442;5994;5355;1998;8082;8532;6174;6174;
iNumb:; 729;9441;7992;7173;6354;3087;8352;6174;6174;
iNumb:; 730;7263;5265;3996;6264;4176;6174;6174;
iNumb:; 731;7173;6354;3087;8352;6174;6174;
iNumb:; 732;7083;8352;6174;6174;
iNumb:; 733;6993;6264;4176;6174;6174;
iNumb:; 734;7083;8352;6174;6174;
iNumb:; 735;7173;6354;3087;8352;6174;6174;
iNumb:; 736;7263;5265;3996;6264;4176;6174;6174;
iNumb:; 737;7353;4176;6174;6174;
iNumb:; 738;8352;6174;6174;
iNumb:; 739;9351;8172;7443;3996;6264;4176;6174;6174;
iNumb:; 740;7353;4176;6174;6174;
iNumb:; 741;7263;5265;3996;6264;4176;6174;6174;
iNumb:; 742;7173;6354;3087;8352;6174;6174;
iNumb:; 743;7083;8352;6174;6174;
iNumb:; 744;6993;6264;4176;6174;6174;
iNumb:; 745;7083;8352;6174;6174;
iNumb:; 746;7173;6354;3087;8352;6174;6174;
iNumb:; 747;7263;5265;3996;6264;4176;6174;6174;
iNumb:; 748;8262;6354;3087;8352;6174;6174;
iNumb:; 749;9261;8352;6174;6174;
iNumb:; 750;7443;3996;6264;4176;6174;6174;
iNumb:; 751;7353;4176;6174;6174;
iNumb:; 752;7263;5265;3996;6264;4176;6174;6174;
iNumb:; 753;7173;6354;3087;8352;6174;6174;
iNumb:; 754;7083;8352;6174;6174;
iNumb:; 755;6993;6264;4176;6174;6174;
iNumb:; 756;7083;8352;6174;6174;
iNumb:; 757;7173;6354;3087;8352;6174;6174;
iNumb:; 758;8172;7443;3996;6264;4176;6174;6174;
iNumb:; 759;9171;8532;6174;6174;
iNumb:; 760;7533;4176;6174;6174;
iNumb:; 761;7443;3996;6264;4176;6174;6174;
iNumb:; 762;7353;4176;6174;6174;
iNumb:; 763;7263;5265;3996;6264;4176;6174;6174;
iNumb:; 764;7173;6354;3087;8352;6174;6174;
iNumb:; 765;7083;8352;6174;6174;
iNumb:; 766;6993;6264;4176;6174;6174;
iNumb:; 767;7083;8352;6174;6174;
iNumb:; 768;8082;8532;6174;6174;
iNumb:; 769;9081;9621;8352;6174;6174;
iNumb:; 770;7623;5265;3996;6264;4176;6174;6174;
iNumb:; 771;7533;4176;6174;6174;
iNumb:; 772;7443;3996;6264;4176;6174;6174;
iNumb:; 773;7353;4176;6174;6174;
iNumb:; 774;7263;5265;3996;6264;4176;6174;6174;
iNumb:; 775;7173;6354;3087;8352;6174;6174;
iNumb:; 776;7083;8352;6174;6174;
iNumb:; 777;6993;6264;4176;6174;6174;
iNumb:; 778;7992;7173;6354;3087;8352;6174;6174;
iNumb:; 779;8991;8082;8532;6174;6174;
iNumb:; 780;8622;6354;3087;8352;6174;6174;
iNumb:; 781;8532;6174;6174;
iNumb:; 782;8442;5994;5355;1998;8082;8532;6174;6174;
iNumb:; 783;8352;6174;6174;
iNumb:; 784;8262;6354;3087;8352;6174;6174;
iNumb:; 785;8172;7443;3996;6264;4176;6174;6174;
iNumb:; 786;8082;8532;6174;6174;
iNumb:; 787;7992;7173;6354;3087;8352;6174;6174;
iNumb:; 788;8082;8532;6174;6174;
iNumb:; 789;9081;9621;8352;6174;6174;
iNumb:; 790;9621;8352;6174;6174;
iNumb:; 791;9531;8172;7443;3996;6264;4176;6174;6174;
iNumb:; 792;9441;7992;7173;6354;3087;8352;6174;6174;
iNumb:; 793;9351;8172;7443;3996;6264;4176;6174;6174;
iNumb:; 794;9261;8352;6174;6174;
iNumb:; 795;9171;8532;6174;6174;
iNumb:; 796;9081;9621;8352;6174;6174;
iNumb:; 797;8991;8082;8532;6174;6174;
iNumb:; 798;9081;9621;8352;6174;6174;
iNumb:; 799;9171;8532;6174;6174;
iNumb:; 800;7992;7173;6354;3087;8352;6174;6174;
iNumb:; 801;8082;8532;6174;6174;
iNumb:; 802;8172;7443;3996;6264;4176;6174;6174;
iNumb:; 803;8262;6354;3087;8352;6174;6174;
iNumb:; 804;8352;6174;6174;
iNumb:; 805;8442;5994;5355;1998;8082;8532;6174;6174;
iNumb:; 806;8532;6174;6174;
iNumb:; 807;8622;6354;3087;8352;6174;6174;
iNumb:; 808;8712;7443;3996;6264;4176;6174;6174;
iNumb:; 809;9711;8532;6174;6174;
iNumb:; 810;8082;8532;6174;6174;
iNumb:; 811;7992;7173;6354;3087;8352;6174;6174;
iNumb:; 812;8082;8532;6174;6174;
iNumb:; 813;8172;7443;3996;6264;4176;6174;6174;
iNumb:; 814;8262;6354;3087;8352;6174;6174;
iNumb:; 815;8352;6174;6174;
iNumb:; 816;8442;5994;5355;1998;8082;8532;6174;6174;
iNumb:; 817;8532;6174;6174;
iNumb:; 818;8622;6354;3087;8352;6174;6174;
iNumb:; 819;9621;8352;6174;6174;
iNumb:; 820;8172;7443;3996;6264;4176;6174;6174;
iNumb:; 821;8082;8532;6174;6174;
iNumb:; 822;7992;7173;6354;3087;8352;6174;6174;
iNumb:; 823;8082;8532;6174;6174;
iNumb:; 824;8172;7443;3996;6264;4176;6174;6174;
iNumb:; 825;8262;6354;3087;8352;6174;6174;
iNumb:; 826;8352;6174;6174;
iNumb:; 827;8442;5994;5355;1998;8082;8532;6174;6174;
iNumb:; 828;8532;6174;6174;
iNumb:; 829;9531;8172;7443;3996;6264;4176;6174;6174;
iNumb:; 830;8262;6354;3087;8352;6174;6174;
iNumb:; 831;8172;7443;3996;6264;4176;6174;6174;
iNumb:; 832;8082;8532;6174;6174;
iNumb:; 833;7992;7173;6354;3087;8352;6174;6174;
iNumb:; 834;8082;8532;6174;6174;
iNumb:; 835;8172;7443;3996;6264;4176;6174;6174;
iNumb:; 836;8262;6354;3087;8352;6174;6174;
iNumb:; 837;8352;6174;6174;
iNumb:; 838;8442;5994;5355;1998;8082;8532;6174;6174;
iNumb:; 839;9441;7992;7173;6354;3087;8352;6174;6174;
iNumb:; 840;8352;6174;6174;
iNumb:; 841;8262;6354;3087;8352;6174;6174;
iNumb:; 842;8172;7443;3996;6264;4176;6174;6174;
iNumb:; 843;8082;8532;6174;6174;
iNumb:; 844;7992;7173;6354;3087;8352;6174;6174;
iNumb:; 845;8082;8532;6174;6174;
iNumb:; 846;8172;7443;3996;6264;4176;6174;6174;
iNumb:; 847;8262;6354;3087;8352;6174;6174;
iNumb:; 848;8352;6174;6174;
iNumb:; 849;9351;8172;7443;3996;6264;4176;6174;6174;
iNumb:; 850;8442;5994;5355;1998;8082;8532;6174;6174;
iNumb:; 851;8352;6174;6174;
iNumb:; 852;8262;6354;3087;8352;6174;6174;
iNumb:; 853;8172;7443;3996;6264;4176;6174;6174;
iNumb:; 854;8082;8532;6174;6174;
iNumb:; 855;7992;7173;6354;3087;8352;6174;6174;
iNumb:; 856;8082;8532;6174;6174;
iNumb:; 857;8172;7443;3996;6264;4176;6174;6174;
iNumb:; 858;8262;6354;3087;8352;6174;6174;
iNumb:; 859;9261;8352;6174;6174;
iNumb:; 860;8532;6174;6174;
iNumb:; 861;8442;5994;5355;1998;8082;8532;6174;6174;
iNumb:; 862;8352;6174;6174;
iNumb:; 863;8262;6354;3087;8352;6174;6174;
iNumb:; 864;8172;7443;3996;6264;4176;6174;6174;
iNumb:; 865;8082;8532;6174;6174;
iNumb:; 866;7992;7173;6354;3087;8352;6174;6174;
iNumb:; 867;8082;8532;6174;6174;
iNumb:; 868;8172;7443;3996;6264;4176;6174;6174;
iNumb:; 869;9171;8532;6174;6174;
iNumb:; 870;8622;6354;3087;8352;6174;6174;
iNumb:; 871;8532;6174;6174;
iNumb:; 872;8442;5994;5355;1998;8082;8532;6174;6174;
iNumb:; 873;8352;6174;6174;
iNumb:; 874;8262;6354;3087;8352;6174;6174;
iNumb:; 875;8172;7443;3996;6264;4176;6174;6174;
iNumb:; 876;8082;8532;6174;6174;
iNumb:; 877;7992;7173;6354;3087;8352;6174;6174;
iNumb:; 878;8082;8532;6174;6174;
iNumb:; 879;9081;9621;8352;6174;6174;
iNumb:; 880;8712;7443;3996;6264;4176;6174;6174;
iNumb:; 881;8622;6354;3087;8352;6174;6174;
iNumb:; 882;8532;6174;6174;
iNumb:; 883;8442;5994;5355;1998;8082;8532;6174;6174;
iNumb:; 884;8352;6174;6174;
iNumb:; 885;8262;6354;3087;8352;6174;6174;
iNumb:; 886;8172;7443;3996;6264;4176;6174;6174;
iNumb:; 887;8082;8532;6174;6174;
iNumb:; 888;7992;7173;6354;3087;8352;6174;6174;
iNumb:; 889;8991;8082;8532;6174;6174;
iNumb:; 890;9711;8532;6174;6174;
iNumb:; 891;9621;8352;6174;6174;
iNumb:; 892;9531;8172;7443;3996;6264;4176;6174;6174;
iNumb:; 893;9441;7992;7173;6354;3087;8352;6174;6174;
iNumb:; 894;9351;8172;7443;3996;6264;4176;6174;6174;
iNumb:; 895;9261;8352;6174;6174;
iNumb:; 896;9171;8532;6174;6174;
iNumb:; 897;9081;9621;8352;6174;6174;
iNumb:; 898;8991;8082;8532;6174;6174;
iNumb:; 899;9081;9621;8352;6174;6174;
iNumb:; 900;8991;8082;8532;6174;6174;
iNumb:; 901;9081;9621;8352;6174;6174;
iNumb:; 902;9171;8532;6174;6174;
iNumb:; 903;9261;8352;6174;6174;
iNumb:; 904;9351;8172;7443;3996;6264;4176;6174;6174;
iNumb:; 905;9441;7992;7173;6354;3087;8352;6174;6174;
iNumb:; 906;9531;8172;7443;3996;6264;4176;6174;6174;
iNumb:; 907;9621;8352;6174;6174;
iNumb:; 908;9711;8532;6174;6174;
iNumb:; 909;9801;9621;8352;6174;6174;
iNumb:; 910;9081;9621;8352;6174;6174;
iNumb:; 911;8991;8082;8532;6174;6174;
iNumb:; 912;9081;9621;8352;6174;6174;
iNumb:; 913;9171;8532;6174;6174;
iNumb:; 914;9261;8352;6174;6174;
iNumb:; 915;9351;8172;7443;3996;6264;4176;6174;6174;
iNumb:; 916;9441;7992;7173;6354;3087;8352;6174;6174;
iNumb:; 917;9531;8172;7443;3996;6264;4176;6174;6174;
iNumb:; 918;9621;8352;6174;6174;
iNumb:; 919;9711;8532;6174;6174;
iNumb:; 920;9171;8532;6174;6174;
iNumb:; 921;9081;9621;8352;6174;6174;
iNumb:; 922;8991;8082;8532;6174;6174;
iNumb:; 923;9081;9621;8352;6174;6174;
iNumb:; 924;9171;8532;6174;6174;
iNumb:; 925;9261;8352;6174;6174;
iNumb:; 926;9351;8172;7443;3996;6264;4176;6174;6174;
iNumb:; 927;9441;7992;7173;6354;3087;8352;6174;6174;
iNumb:; 928;9531;8172;7443;3996;6264;4176;6174;6174;
iNumb:; 929;9621;8352;6174;6174;
iNumb:; 930;9261;8352;6174;6174;
iNumb:; 931;9171;8532;6174;6174;
iNumb:; 932;9081;9621;8352;6174;6174;
iNumb:; 933;8991;8082;8532;6174;6174;
iNumb:; 934;9081;9621;8352;6174;6174;
iNumb:; 935;9171;8532;6174;6174;
iNumb:; 936;9261;8352;6174;6174;
iNumb:; 937;9351;8172;7443;3996;6264;4176;6174;6174;
iNumb:; 938;9441;7992;7173;6354;3087;8352;6174;6174;
iNumb:; 939;9531;8172;7443;3996;6264;4176;6174;6174;
iNumb:; 940;9351;8172;7443;3996;6264;4176;6174;6174;
iNumb:; 941;9261;8352;6174;6174;
iNumb:; 942;9171;8532;6174;6174;
iNumb:; 943;9081;9621;8352;6174;6174;
iNumb:; 944;8991;8082;8532;6174;6174;
iNumb:; 945;9081;9621;8352;6174;6174;
iNumb:; 946;9171;8532;6174;6174;
iNumb:; 947;9261;8352;6174;6174;
iNumb:; 948;9351;8172;7443;3996;6264;4176;6174;6174;
iNumb:; 949;9441;7992;7173;6354;3087;8352;6174;6174;
iNumb:; 950;9441;7992;7173;6354;3087;8352;6174;6174;
iNumb:; 951;9351;8172;7443;3996;6264;4176;6174;6174;
iNumb:; 952;9261;8352;6174;6174;
iNumb:; 953;9171;8532;6174;6174;
iNumb:; 954;9081;9621;8352;6174;6174;
iNumb:; 955;8991;8082;8532;6174;6174;
iNumb:; 956;9081;9621;8352;6174;6174;
iNumb:; 957;9171;8532;6174;6174;
iNumb:; 958;9261;8352;6174;6174;
iNumb:; 959;9351;8172;7443;3996;6264;4176;6174;6174;
iNumb:; 960;9531;8172;7443;3996;6264;4176;6174;6174;
iNumb:; 961;9441;7992;7173;6354;3087;8352;6174;6174;
iNumb:; 962;9351;8172;7443;3996;6264;4176;6174;6174;
iNumb:; 963;9261;8352;6174;6174;
iNumb:; 964;9171;8532;6174;6174;
iNumb:; 965;9081;9621;8352;6174;6174;
iNumb:; 966;8991;8082;8532;6174;6174;
iNumb:; 967;9081;9621;8352;6174;6174;
iNumb:; 968;9171;8532;6174;6174;
iNumb:; 969;9261;8352;6174;6174;
iNumb:; 970;9621;8352;6174;6174;
iNumb:; 971;9531;8172;7443;3996;6264;4176;6174;6174;
iNumb:; 972;9441;7992;7173;6354;3087;8352;6174;6174;
iNumb:; 973;9351;8172;7443;3996;6264;4176;6174;6174;
iNumb:; 974;9261;8352;6174;6174;
iNumb:; 975;9171;8532;6174;6174;
iNumb:; 976;9081;9621;8352;6174;6174;
iNumb:; 977;8991;8082;8532;6174;6174;
iNumb:; 978;9081;9621;8352;6174;6174;
iNumb:; 979;9171;8532;6174;6174;
iNumb:; 980;9711;8532;6174;6174;
iNumb:; 981;9621;8352;6174;6174;
iNumb:; 982;9531;8172;7443;3996;6264;4176;6174;6174;
iNumb:; 983;9441;7992;7173;6354;3087;8352;6174;6174;
iNumb:; 984;9351;8172;7443;3996;6264;4176;6174;6174;
iNumb:; 985;9261;8352;6174;6174;
iNumb:; 986;9171;8532;6174;6174;
iNumb:; 987;9081;9621;8352;6174;6174;
iNumb:; 988;8991;8082;8532;6174;6174;
iNumb:; 989;9081;9621;8352;6174;6174;
iNumb:; 990;9801;9621;8352;6174;6174;
iNumb:; 991;9711;8532;6174;6174;
iNumb:; 992;9621;8352;6174;6174;
iNumb:; 993;9531;8172;7443;3996;6264;4176;6174;6174;
iNumb:; 994;9441;7992;7173;6354;3087;8352;6174;6174;
iNumb:; 995;9351;8172;7443;3996;6264;4176;6174;6174;
iNumb:; 996;9261;8352;6174;6174;
iNumb:; 997;9171;8532;6174;6174;
iNumb:; 998;9081;9621;8352;6174;6174;
iNumb:; 999;8991;8082;8532;6174;6174;
iNumb:; 1000;999;8991;8082;8532;6174;6174;
iNumb:; 1001;1089;9621;8352;6174;6174;
iNumb:; 1002;2088;8532;6174;6174;
iNumb:; 1003;3087;8352;6174;6174;
iNumb:; 1004;4086;8172;7443;3996;6264;4176;6174;6174;
iNumb:; 1005;5085;7992;7173;6354;3087;8352;6174;6174;
iNumb:; 1006;6084;8172;7443;3996;6264;4176;6174;6174;
iNumb:; 1007;7083;8352;6174;6174;
iNumb:; 1008;8082;8532;6174;6174;
iNumb:; 1009;9081;9621;8352;6174;6174;
iNumb:; 1010;1089;9621;8352;6174;6174;
iNumb:; 1011;999;8991;8082;8532;6174;6174;
iNumb:; 1012;1998;8082;8532;6174;6174;
iNumb:; 1013;2997;7173;6354;3087;8352;6174;6174;
iNumb:; 1014;3996;6264;4176;6174;6174;
iNumb:; 1015;4995;5355;1998;8082;8532;6174;6174;
iNumb:; 1016;5994;5355;1998;8082;8532;6174;6174;
iNumb:; 1017;6993;6264;4176;6174;6174;
iNumb:; 1018;7992;7173;6354;3087;8352;6174;6174;
iNumb:; 1019;8991;8082;8532;6174;6174;
iNumb:; 1020;2088;8532;6174;6174;
iNumb:; 1021;1998;8082;8532;6174;6174;
iNumb:; 1022;2088;8532;6174;6174;
iNumb:; 1023;3087;8352;6174;6174;
iNumb:; 1024;4086;8172;7443;3996;6264;4176;6174;6174;
iNumb:; 1025;5085;7992;7173;6354;3087;8352;6174;6174;
iNumb:; 1026;6084;8172;7443;3996;6264;4176;6174;6174;
iNumb:; 1027;7083;8352;6174;6174;
iNumb:; 1028;8082;8532;6174;6174;
iNumb:; 1029;9081;9621;8352;6174;6174;
iNumb:; 1030;3087;8352;6174;6174;
iNumb:; 1031;2997;7173;6354;3087;8352;6174;6174;
iNumb:; 1032;3087;8352;6174;6174;
iNumb:; 1033;3177;6354;3087;8352;6174;6174;
iNumb:; 1034;4176;6174;6174;
iNumb:; 1035;5175;5994;5355;1998;8082;8532;6174;6174;
iNumb:; 1036;6174;6174;
iNumb:; 1037;7173;6354;3087;8352;6174;6174;
iNumb:; 1038;8172;7443;3996;6264;4176;6174;6174;
iNumb:; 1039;9171;8532;6174;6174;
iNumb:; 1040;4086;8172;7443;3996;6264;4176;6174;6174;
iNumb:; 1041;3996;6264;4176;6174;6174;
iNumb:; 1042;4086;8172;7443;3996;6264;4176;6174;6174;
iNumb:; 1043;4176;6174;6174;
iNumb:; 1044;4266;4176;6174;6174;
iNumb:; 1045;5265;3996;6264;4176;6174;6174;
iNumb:; 1046;6264;4176;6174;6174;
iNumb:; 1047;7263;5265;3996;6264;4176;6174;6174;
iNumb:; 1048;8262;6354;3087;8352;6174;6174;
iNumb:; 1049;9261;8352;6174;6174;
iNumb:; 1050;5085;7992;7173;6354;3087;8352;6174;6174;
iNumb:; 1051;4995;5355;1998;8082;8532;6174;6174;
iNumb:; 1052;5085;7992;7173;6354;3087;8352;6174;6174;
iNumb:; 1053;5175;5994;5355;1998;8082;8532;6174;6174;
iNumb:; 1054;5265;3996;6264;4176;6174;6174;
iNumb:; 1055;5355;1998;8082;8532;6174;6174;
iNumb:; 1056;6354;3087;8352;6174;6174;
iNumb:; 1057;7353;4176;6174;6174;
iNumb:; 1058;8352;6174;6174;
iNumb:; 1059;9351;8172;7443;3996;6264;4176;6174;6174;
iNumb:; 1060;6084;8172;7443;3996;6264;4176;6174;6174;
iNumb:; 1061;5994;5355;1998;8082;8532;6174;6174;
iNumb:; 1062;6084;8172;7443;3996;6264;4176;6174;6174;
iNumb:; 1063;6174;6174;
iNumb:; 1064;6264;4176;6174;6174;
iNumb:; 1065;6354;3087;8352;6174;6174;
iNumb:; 1066;6444;1998;8082;8532;6174;6174;
iNumb:; 1067;7443;3996;6264;4176;6174;6174;
iNumb:; 1068;8442;5994;5355;1998;8082;8532;6174;6174;
iNumb:; 1069;9441;7992;7173;6354;3087;8352;6174;6174;
iNumb:; 1070;7083;8352;6174;6174;
iNumb:; 1071;6993;6264;4176;6174;6174;
iNumb:; 1072;7083;8352;6174;6174;
iNumb:; 1073;7173;6354;3087;8352;6174;6174;
iNumb:; 1074;7263;5265;3996;6264;4176;6174;6174;
iNumb:; 1075;7353;4176;6174;6174;
iNumb:; 1076;7443;3996;6264;4176;6174;6174;
iNumb:; 1077;7533;4176;6174;6174;
iNumb:; 1078;8532;6174;6174;
iNumb:; 1079;9531;8172;7443;3996;6264;4176;6174;6174;
iNumb:; 1080;8082;8532;6174;6174;
iNumb:; 1081;7992;7173;6354;3087;8352;6174;6174;
iNumb:; 1082;8082;8532;6174;6174;
iNumb:; 1083;8172;7443;3996;6264;4176;6174;6174;
iNumb:; 1084;8262;6354;3087;8352;6174;6174;
iNumb:; 1085;8352;6174;6174;
iNumb:; 1086;8442;5994;5355;1998;8082;8532;6174;6174;
iNumb:; 1087;8532;6174;6174;
iNumb:; 1088;8622;6354;3087;8352;6174;6174;
iNumb:; 1089;9621;8352;6174;6174;
iNumb:; 1090;9081;9621;8352;6174;6174;
iNumb:; 1091;8991;8082;8532;6174;6174;
iNumb:; 1092;9081;9621;8352;6174;6174;
iNumb:; 1093;9171;8532;6174;6174;
iNumb:; 1094;9261;8352;6174;6174;
iNumb:; 1095;9351;8172;7443;3996;6264;4176;6174;6174;
iNumb:; 1096;9441;7992;7173;6354;3087;8352;6174;6174;
iNumb:; 1097;9531;8172;7443;3996;6264;4176;6174;6174;
iNumb:; 1098;9621;8352;6174;6174;
iNumb:; 1099;9711;8532;6174;6174;
iNumb:; 1100;1089;9621;8352;6174;6174;
iNumb:; 1101;999;8991;8082;8532;6174;6174;
iNumb:; 1102;1998;8082;8532;6174;6174;
iNumb:; 1103;2997;7173;6354;3087;8352;6174;6174;
iNumb:; 1104;3996;6264;4176;6174;6174;
iNumb:; 1105;4995;5355;1998;8082;8532;6174;6174;
iNumb:; 1106;5994;5355;1998;8082;8532;6174;6174;
iNumb:; 1107;6993;6264;4176;6174;6174;
iNumb:; 1108;7992;7173;6354;3087;8352;6174;6174;
iNumb:; 1109;8991;8082;8532;6174;6174;
iNumb:; 1110;999;8991;8082;8532;6174;6174;
iNumb:; 1112;999;8991;8082;8532;6174;6174;
iNumb:; 1113;1998;8082;8532;6174;6174;
iNumb:; 1114;2997;7173;6354;3087;8352;6174;6174;
iNumb:; 1115;3996;6264;4176;6174;6174;
iNumb:; 1116;4995;5355;1998;8082;8532;6174;6174;
iNumb:; 1117;5994;5355;1998;8082;8532;6174;6174;
iNumb:; 1118;6993;6264;4176;6174;6174;
iNumb:; 1119;7992;7173;6354;3087;8352;6174;6174;
iNumb:; 1120;1998;8082;8532;6174;6174;
iNumb:; 1121;999;8991;8082;8532;6174;6174;
iNumb:; 1122;1089;9621;8352;6174;6174;
iNumb:; 1123;2088;8532;6174;6174;
iNumb:; 1124;3087;8352;6174;6174;
iNumb:; 1125;4086;8172;7443;3996;6264;4176;6174;6174;
iNumb:; 1126;5085;7992;7173;6354;3087;8352;6174;6174;
iNumb:; 1127;6084;8172;7443;3996;6264;4176;6174;6174;
iNumb:; 1128;7083;8352;6174;6174;
iNumb:; 1129;8082;8532;6174;6174;
iNumb:; 1130;2997;7173;6354;3087;8352;6174;6174;
iNumb:; 1131;1998;8082;8532;6174;6174;
iNumb:; 1132;2088;8532;6174;6174;
iNumb:; 1133;2178;7443;3996;6264;4176;6174;6174;
iNumb:; 1134;3177;6354;3087;8352;6174;6174;
iNumb:; 1135;4176;6174;6174;
iNumb:; 1136;5175;5994;5355;1998;8082;8532;6174;6174;
iNumb:; 1137;6174;6174;
iNumb:; 1138;7173;6354;3087;8352;6174;6174;
iNumb:; 1139;8172;7443;3996;6264;4176;6174;6174;
iNumb:; 1140;3996;6264;4176;6174;6174;
iNumb:; 1141;2997;7173;6354;3087;8352;6174;6174;
iNumb:; 1142;3087;8352;6174;6174;
iNumb:; 1143;3177;6354;3087;8352;6174;6174;
iNumb:; 1144;3267;5265;3996;6264;4176;6174;6174;
iNumb:; 1145;4266;4176;6174;6174;
iNumb:; 1146;5265;3996;6264;4176;6174;6174;
iNumb:; 1147;6264;4176;6174;6174;
iNumb:; 1148;7263;5265;3996;6264;4176;6174;6174;
iNumb:; 1149;8262;6354;3087;8352;6174;6174;
iNumb:; 1150;4995;5355;1998;8082;8532;6174;6174;
iNumb:; 1151;3996;6264;4176;6174;6174;
iNumb:; 1152;4086;8172;7443;3996;6264;4176;6174;6174;
iNumb:; 1153;4176;6174;6174;
iNumb:; 1154;4266;4176;6174;6174;
iNumb:; 1155;4356;3087;8352;6174;6174;
iNumb:; 1156;5355;1998;8082;8532;6174;6174;
iNumb:; 1157;6354;3087;8352;6174;6174;
iNumb:; 1158;7353;4176;6174;6174;
iNumb:; 1159;8352;6174;6174;
iNumb:; 1160;5994;5355;1998;8082;8532;6174;6174;
iNumb:; 1161;4995;5355;1998;8082;8532;6174;6174;
iNumb:; 1162;5085;7992;7173;6354;3087;8352;6174;6174;
iNumb:; 1163;5175;5994;5355;1998;8082;8532;6174;6174;
iNumb:; 1164;5265;3996;6264;4176;6174;6174;
iNumb:; 1165;5355;1998;8082;8532;6174;6174;
iNumb:; 1166;5445;1089;9621;8352;6174;6174;
iNumb:; 1167;6444;1998;8082;8532;6174;6174;
iNumb:; 1168;7443;3996;6264;4176;6174;6174;
iNumb:; 1169;8442;5994;5355;1998;8082;8532;6174;6174;
iNumb:; 1170;6993;6264;4176;6174;6174;
iNumb:; 1171;5994;5355;1998;8082;8532;6174;6174;
iNumb:; 1172;6084;8172;7443;3996;6264;4176;6174;6174;
iNumb:; 1173;6174;6174;
iNumb:; 1174;6264;4176;6174;6174;
iNumb:; 1175;6354;3087;8352;6174;6174;
iNumb:; 1176;6444;1998;8082;8532;6174;6174;
iNumb:; 1177;6534;3087;8352;6174;6174;
iNumb:; 1178;7533;4176;6174;6174;
iNumb:; 1179;8532;6174;6174;
iNumb:; 1180;7992;7173;6354;3087;8352;6174;6174;
iNumb:; 1181;6993;6264;4176;6174;6174;
iNumb:; 1182;7083;8352;6174;6174;
iNumb:; 1183;7173;6354;3087;8352;6174;6174;
iNumb:; 1184;7263;5265;3996;6264;4176;6174;6174;
iNumb:; 1185;7353;4176;6174;6174;
iNumb:; 1186;7443;3996;6264;4176;6174;6174;
iNumb:; 1187;7533;4176;6174;6174;
iNumb:; 1188;7623;5265;3996;6264;4176;6174;6174;
iNumb:; 1189;8622;6354;3087;8352;6174;6174;
iNumb:; 1190;8991;8082;8532;6174;6174;
iNumb:; 1191;7992;7173;6354;3087;8352;6174;6174;
iNumb:; 1192;8082;8532;6174;6174;
iNumb:; 1193;8172;7443;3996;6264;4176;6174;6174;
iNumb:; 1194;8262;6354;3087;8352;6174;6174;
iNumb:; 1195;8352;6174;6174;
iNumb:; 1196;8442;5994;5355;1998;8082;8532;6174;6174;
iNumb:; 1197;8532;6174;6174;
iNumb:; 1198;8622;6354;3087;8352;6174;6174;
iNumb:; 1199;8712;7443;3996;6264;4176;6174;6174;
iNumb:; 1200;2088;8532;6174;6174;
iNumb:; 1201;1998;8082;8532;6174;6174;
iNumb:; 1202;2088;8532;6174;6174;
iNumb:; 1203;3087;8352;6174;6174;
iNumb:; 1204;4086;8172;7443;3996;6264;4176;6174;6174;
iNumb:; 1205;5085;7992;7173;6354;3087;8352;6174;6174;
iNumb:; 1206;6084;8172;7443;3996;6264;4176;6174;6174;
iNumb:; 1207;7083;8352;6174;6174;
iNumb:; 1208;8082;8532;6174;6174;
iNumb:; 1209;9081;9621;8352;6174;6174;
iNumb:; 1210;1998;8082;8532;6174;6174;
iNumb:; 1211;999;8991;8082;8532;6174;6174;
iNumb:; 1212;1089;9621;8352;6174;6174;
iNumb:; 1213;2088;8532;6174;6174;
iNumb:; 1214;3087;8352;6174;6174;
iNumb:; 1215;4086;8172;7443;3996;6264;4176;6174;6174;
iNumb:; 1216;5085;7992;7173;6354;3087;8352;6174;6174;
iNumb:; 1217;6084;8172;7443;3996;6264;4176;6174;6174;
iNumb:; 1218;7083;8352;6174;6174;
iNumb:; 1219;8082;8532;6174;6174;
iNumb:; 1220;2088;8532;6174;6174;
iNumb:; 1221;1089;9621;8352;6174;6174;
iNumb:; 1222;999;8991;8082;8532;6174;6174;
iNumb:; 1223;1998;8082;8532;6174;6174;
iNumb:; 1224;2997;7173;6354;3087;8352;6174;6174;
iNumb:; 1225;3996;6264;4176;6174;6174;
iNumb:; 1226;4995;5355;1998;8082;8532;6174;6174;
iNumb:; 1227;5994;5355;1998;8082;8532;6174;6174;
iNumb:; 1228;6993;6264;4176;6174;6174;
iNumb:; 1229;7992;7173;6354;3087;8352;6174;6174;
iNumb:; 1230;3087;8352;6174;6174;
iNumb:; 1231;2088;8532;6174;6174;
iNumb:; 1232;1998;8082;8532;6174;6174;
iNumb:; 1233;2088;8532;6174;6174;
iNumb:; 1234;3087;8352;6174;6174;
iNumb:; 1235;4086;8172;7443;3996;6264;4176;6174;6174;
iNumb:; 1236;5085;7992;7173;6354;3087;8352;6174;6174;
iNumb:; 1237;6084;8172;7443;3996;6264;4176;6174;6174;
iNumb:; 1238;7083;8352;6174;6174;
iNumb:; 1239;8082;8532;6174;6174;
iNumb:; 1240;4086;8172;7443;3996;6264;4176;6174;6174;
iNumb:; 1241;3087;8352;6174;6174;
iNumb:; 1242;2997;7173;6354;3087;8352;6174;6174;
iNumb:; 1243;3087;8352;6174;6174;
iNumb:; 1244;3177;6354;3087;8352;6174;6174;
iNumb:; 1245;4176;6174;6174;
iNumb:; 1246;5175;5994;5355;1998;8082;8532;6174;6174;
iNumb:; 1247;6174;6174;
iNumb:; 1248;7173;6354;3087;8352;6174;6174;
iNumb:; 1249;8172;7443;3996;6264;4176;6174;6174;
iNumb:; 1250;5085;7992;7173;6354;3087;8352;6174;6174;
iNumb:; 1251;4086;8172;7443;3996;6264;4176;6174;6174;
iNumb:; 1252;3996;6264;4176;6174;6174;
iNumb:; 1253;4086;8172;7443;3996;6264;4176;6174;6174;
iNumb:; 1254;4176;6174;6174;
iNumb:; 1255;4266;4176;6174;6174;
iNumb:; 1256;5265;3996;6264;4176;6174;6174;
iNumb:; 1257;6264;4176;6174;6174;
iNumb:; 1258;7263;5265;3996;6264;4176;6174;6174;
iNumb:; 1259;8262;6354;3087;8352;6174;6174;
iNumb:; 1260;6084;8172;7443;3996;6264;4176;6174;6174;
iNumb:; 1261;5085;7992;7173;6354;3087;8352;6174;6174;
iNumb:; 1262;4995;5355;1998;8082;8532;6174;6174;
iNumb:; 1263;5085;7992;7173;6354;3087;8352;6174;6174;
iNumb:; 1264;5175;5994;5355;1998;8082;8532;6174;6174;
iNumb:; 1265;5265;3996;6264;4176;6174;6174;
iNumb:; 1266;5355;1998;8082;8532;6174;6174;
iNumb:; 1267;6354;3087;8352;6174;6174;
iNumb:; 1268;7353;4176;6174;6174;
iNumb:; 1269;8352;6174;6174;
iNumb:; 1270;7083;8352;6174;6174;
iNumb:; 1271;6084;8172;7443;3996;6264;4176;6174;6174;
iNumb:; 1272;5994;5355;1998;8082;8532;6174;6174;
iNumb:; 1273;6084;8172;7443;3996;6264;4176;6174;6174;
iNumb:; 1274;6174;6174;
iNumb:; 1275;6264;4176;6174;6174;
iNumb:; 1276;6354;3087;8352;6174;6174;
iNumb:; 1277;6444;1998;8082;8532;6174;6174;
iNumb:; 1278;7443;3996;6264;4176;6174;6174;
iNumb:; 1279;8442;5994;5355;1998;8082;8532;6174;6174;
iNumb:; 1280;8082;8532;6174;6174;
iNumb:; 1281;7083;8352;6174;6174;
iNumb:; 1282;6993;6264;4176;6174;6174;
iNumb:; 1283;7083;8352;6174;6174;
iNumb:; 1284;7173;6354;3087;8352;6174;6174;
iNumb:; 1285;7263;5265;3996;6264;4176;6174;6174;
iNumb:; 1286;7353;4176;6174;6174;
iNumb:; 1287;7443;3996;6264;4176;6174;6174;
iNumb:; 1288;7533;4176;6174;6174;
iNumb:; 1289;8532;6174;6174;
iNumb:; 1290;9081;9621;8352;6174;6174;
iNumb:; 1291;8082;8532;6174;6174;
iNumb:; 1292;7992;7173;6354;3087;8352;6174;6174;
iNumb:; 1293;8082;8532;6174;6174;
iNumb:; 1294;8172;7443;3996;6264;4176;6174;6174;
iNumb:; 1295;8262;6354;3087;8352;6174;6174;
iNumb:; 1296;8352;6174;6174;
iNumb:; 1297;8442;5994;5355;1998;8082;8532;6174;6174;
iNumb:; 1298;8532;6174;6174;
iNumb:; 1299;8622;6354;3087;8352;6174;6174;
iNumb:; 1300;3087;8352;6174;6174;
iNumb:; 1301;2997;7173;6354;3087;8352;6174;6174;
iNumb:; 1302;3087;8352;6174;6174;
iNumb:; 1303;3177;6354;3087;8352;6174;6174;
iNumb:; 1304;4176;6174;6174;
iNumb:; 1305;5175;5994;5355;1998;8082;8532;6174;6174;
iNumb:; 1306;6174;6174;
iNumb:; 1307;7173;6354;3087;8352;6174;6174;
iNumb:; 1308;8172;7443;3996;6264;4176;6174;6174;
iNumb:; 1309;9171;8532;6174;6174;
iNumb:; 1310;2997;7173;6354;3087;8352;6174;6174;
iNumb:; 1311;1998;8082;8532;6174;6174;
iNumb:; 1312;2088;8532;6174;6174;
iNumb:; 1313;2178;7443;3996;6264;4176;6174;6174;
iNumb:; 1314;3177;6354;3087;8352;6174;6174;
iNumb:; 1315;4176;6174;6174;
iNumb:; 1316;5175;5994;5355;1998;8082;8532;6174;6174;
iNumb:; 1317;6174;6174;
iNumb:; 1318;7173;6354;3087;8352;6174;6174;
iNumb:; 1319;8172;7443;3996;6264;4176;6174;6174;
iNumb:; 1320;3087;8352;6174;6174;
iNumb:; 1321;2088;8532;6174;6174;
iNumb:; 1322;1998;8082;8532;6174;6174;
iNumb:; 1323;2088;8532;6174;6174;
iNumb:; 1324;3087;8352;6174;6174;
iNumb:; 1325;4086;8172;7443;3996;6264;4176;6174;6174;
iNumb:; 1326;5085;7992;7173;6354;3087;8352;6174;6174;
iNumb:; 1327;6084;8172;7443;3996;6264;4176;6174;6174;
iNumb:; 1328;7083;8352;6174;6174;
iNumb:; 1329;8082;8532;6174;6174;
iNumb:; 1330;3177;6354;3087;8352;6174;6174;
iNumb:; 1331;2178;7443;3996;6264;4176;6174;6174;
iNumb:; 1332;2088;8532;6174;6174;
iNumb:; 1333;1998;8082;8532;6174;6174;
iNumb:; 1334;2997;7173;6354;3087;8352;6174;6174;
iNumb:; 1335;3996;6264;4176;6174;6174;
iNumb:; 1336;4995;5355;1998;8082;8532;6174;6174;
iNumb:; 1337;5994;5355;1998;8082;8532;6174;6174;
iNumb:; 1338;6993;6264;4176;6174;6174;
iNumb:; 1339;7992;7173;6354;3087;8352;6174;6174;
iNumb:; 1340;4176;6174;6174;
iNumb:; 1341;3177;6354;3087;8352;6174;6174;
iNumb:; 1342;3087;8352;6174;6174;
iNumb:; 1343;2997;7173;6354;3087;8352;6174;6174;
iNumb:; 1344;3087;8352;6174;6174;
iNumb:; 1345;4086;8172;7443;3996;6264;4176;6174;6174;
iNumb:; 1346;5085;7992;7173;6354;3087;8352;6174;6174;
iNumb:; 1347;6084;8172;7443;3996;6264;4176;6174;6174;
iNumb:; 1348;7083;8352;6174;6174;
iNumb:; 1349;8082;8532;6174;6174;
iNumb:; 1350;5175;5994;5355;1998;8082;8532;6174;6174;
iNumb:; 1351;4176;6174;6174;
iNumb:; 1352;4086;8172;7443;3996;6264;4176;6174;6174;
iNumb:; 1353;3996;6264;4176;6174;6174;
iNumb:; 1354;4086;8172;7443;3996;6264;4176;6174;6174;
iNumb:; 1355;4176;6174;6174;
iNumb:; 1356;5175;5994;5355;1998;8082;8532;6174;6174;
iNumb:; 1357;6174;6174;
iNumb:; 1358;7173;6354;3087;8352;6174;6174;
iNumb:; 1359;8172;7443;3996;6264;4176;6174;6174;
iNumb:; 1360;6174;6174;
iNumb:; 1361;5175;5994;5355;1998;8082;8532;6174;6174;
iNumb:; 1362;5085;7992;7173;6354;3087;8352;6174;6174;
iNumb:; 1363;4995;5355;1998;8082;8532;6174;6174;
iNumb:; 1364;5085;7992;7173;6354;3087;8352;6174;6174;
iNumb:; 1365;5175;5994;5355;1998;8082;8532;6174;6174;
iNumb:; 1366;5265;3996;6264;4176;6174;6174;
iNumb:; 1367;6264;4176;6174;6174;
iNumb:; 1368;7263;5265;3996;6264;4176;6174;6174;
iNumb:; 1369;8262;6354;3087;8352;6174;6174;
iNumb:; 1370;7173;6354;3087;8352;6174;6174;
iNumb:; 1371;6174;6174;
iNumb:; 1372;6084;8172;7443;3996;6264;4176;6174;6174;
iNumb:; 1373;5994;5355;1998;8082;8532;6174;6174;
iNumb:; 1374;6084;8172;7443;3996;6264;4176;6174;6174;
iNumb:; 1375;6174;6174;
iNumb:; 1376;6264;4176;6174;6174;
iNumb:; 1377;6354;3087;8352;6174;6174;
iNumb:; 1378;7353;4176;6174;6174;
iNumb:; 1379;8352;6174;6174;
iNumb:; 1380;8172;7443;3996;6264;4176;6174;6174;
iNumb:; 1381;7173;6354;3087;8352;6174;6174;
iNumb:; 1382;7083;8352;6174;6174;
iNumb:; 1383;6993;6264;4176;6174;6174;
iNumb:; 1384;7083;8352;6174;6174;
iNumb:; 1385;7173;6354;3087;8352;6174;6174;
iNumb:; 1386;7263;5265;3996;6264;4176;6174;6174;
iNumb:; 1387;7353;4176;6174;6174;
iNumb:; 1388;7443;3996;6264;4176;6174;6174;
iNumb:; 1389;8442;5994;5355;1998;8082;8532;6174;6174;
iNumb:; 1390;9171;8532;6174;6174;
iNumb:; 1391;8172;7443;3996;6264;4176;6174;6174;
iNumb:; 1392;8082;8532;6174;6174;
iNumb:; 1393;7992;7173;6354;3087;8352;6174;6174;
iNumb:; 1394;8082;8532;6174;6174;
iNumb:; 1395;8172;7443;3996;6264;4176;6174;6174;
iNumb:; 1396;8262;6354;3087;8352;6174;6174;
iNumb:; 1397;8352;6174;6174;
iNumb:; 1398;8442;5994;5355;1998;8082;8532;6174;6174;
iNumb:; 1399;8532;6174;6174;
iNumb:; 1400;4086;8172;7443;3996;6264;4176;6174;6174;
iNumb:; 1401;3996;6264;4176;6174;6174;
iNumb:; 1402;4086;8172;7443;3996;6264;4176;6174;6174;
iNumb:; 1403;4176;6174;6174;
iNumb:; 1404;4266;4176;6174;6174;
iNumb:; 1405;5265;3996;6264;4176;6174;6174;
iNumb:; 1406;6264;4176;6174;6174;
iNumb:; 1407;7263;5265;3996;6264;4176;6174;6174;
iNumb:; 1408;8262;6354;3087;8352;6174;6174;
iNumb:; 1409;9261;8352;6174;6174;
iNumb:; 1410;3996;6264;4176;6174;6174;
iNumb:; 1411;2997;7173;6354;3087;8352;6174;6174;
iNumb:; 1412;3087;8352;6174;6174;
iNumb:; 1413;3177;6354;3087;8352;6174;6174;
iNumb:; 1414;3267;5265;3996;6264;4176;6174;6174;
iNumb:; 1415;4266;4176;6174;6174;
iNumb:; 1416;5265;3996;6264;4176;6174;6174;
iNumb:; 1417;6264;4176;6174;6174;
iNumb:; 1418;7263;5265;3996;6264;4176;6174;6174;
iNumb:; 1419;8262;6354;3087;8352;6174;6174;
iNumb:; 1420;4086;8172;7443;3996;6264;4176;6174;6174;
iNumb:; 1421;3087;8352;6174;6174;
iNumb:; 1422;2997;7173;6354;3087;8352;6174;6174;
iNumb:; 1423;3087;8352;6174;6174;
iNumb:; 1424;3177;6354;3087;8352;6174;6174;
iNumb:; 1425;4176;6174;6174;
iNumb:; 1426;5175;5994;5355;1998;8082;8532;6174;6174;
iNumb:; 1427;6174;6174;
iNumb:; 1428;7173;6354;3087;8352;6174;6174;
iNumb:; 1429;8172;7443;3996;6264;4176;6174;6174;
iNumb:; 1430;4176;6174;6174;
iNumb:; 1431;3177;6354;3087;8352;6174;6174;
iNumb:; 1432;3087;8352;6174;6174;
iNumb:; 1433;2997;7173;6354;3087;8352;6174;6174;
iNumb:; 1434;3087;8352;6174;6174;
iNumb:; 1435;4086;8172;7443;3996;6264;4176;6174;6174;
iNumb:; 1436;5085;7992;7173;6354;3087;8352;6174;6174;
iNumb:; 1437;6084;8172;7443;3996;6264;4176;6174;6174;
iNumb:; 1438;7083;8352;6174;6174;
iNumb:; 1439;8082;8532;6174;6174;
iNumb:; 1440;4266;4176;6174;6174;
iNumb:; 1441;3267;5265;3996;6264;4176;6174;6174;
iNumb:; 1442;3177;6354;3087;8352;6174;6174;
iNumb:; 1443;3087;8352;6174;6174;
iNumb:; 1444;2997;7173;6354;3087;8352;6174;6174;
iNumb:; 1445;3996;6264;4176;6174;6174;
iNumb:; 1446;4995;5355;1998;8082;8532;6174;6174;
iNumb:; 1447;5994;5355;1998;8082;8532;6174;6174;
iNumb:; 1448;6993;6264;4176;6174;6174;
iNumb:; 1449;7992;7173;6354;3087;8352;6174;6174;
iNumb:; 1450;5265;3996;6264;4176;6174;6174;
iNumb:; 1451;4266;4176;6174;6174;
iNumb:; 1452;4176;6174;6174;
iNumb:; 1453;4086;8172;7443;3996;6264;4176;6174;6174;
iNumb:; 1454;3996;6264;4176;6174;6174;
iNumb:; 1455;4086;8172;7443;3996;6264;4176;6174;6174;
iNumb:; 1456;5085;7992;7173;6354;3087;8352;6174;6174;
iNumb:; 1457;6084;8172;7443;3996;6264;4176;6174;6174;
iNumb:; 1458;7083;8352;6174;6174;
iNumb:; 1459;8082;8532;6174;6174;
iNumb:; 1460;6264;4176;6174;6174;
iNumb:; 1461;5265;3996;6264;4176;6174;6174;
iNumb:; 1462;5175;5994;5355;1998;8082;8532;6174;6174;
iNumb:; 1463;5085;7992;7173;6354;3087;8352;6174;6174;
iNumb:; 1464;4995;5355;1998;8082;8532;6174;6174;
iNumb:; 1465;5085;7992;7173;6354;3087;8352;6174;6174;
iNumb:; 1466;5175;5994;5355;1998;8082;8532;6174;6174;
iNumb:; 1467;6174;6174;
iNumb:; 1468;7173;6354;3087;8352;6174;6174;
iNumb:; 1469;8172;7443;3996;6264;4176;6174;6174;
iNumb:; 1470;7263;5265;3996;6264;4176;6174;6174;
iNumb:; 1471;6264;4176;6174;6174;
iNumb:; 1472;6174;6174;
iNumb:; 1473;6084;8172;7443;3996;6264;4176;6174;6174;
iNumb:; 1474;5994;5355;1998;8082;8532;6174;6174;
iNumb:; 1475;6084;8172;7443;3996;6264;4176;6174;6174;
iNumb:; 1476;6174;6174;
iNumb:; 1477;6264;4176;6174;6174;
iNumb:; 1478;7263;5265;3996;6264;4176;6174;6174;
iNumb:; 1479;8262;6354;3087;8352;6174;6174;
iNumb:; 1480;8262;6354;3087;8352;6174;6174;
iNumb:; 1481;7263;5265;3996;6264;4176;6174;6174;
iNumb:; 1482;7173;6354;3087;8352;6174;6174;
iNumb:; 1483;7083;8352;6174;6174;
iNumb:; 1484;6993;6264;4176;6174;6174;
iNumb:; 1485;7083;8352;6174;6174;
iNumb:; 1486;7173;6354;3087;8352;6174;6174;
iNumb:; 1487;7263;5265;3996;6264;4176;6174;6174;
iNumb:; 1488;7353;4176;6174;6174;
iNumb:; 1489;8352;6174;6174;
iNumb:; 1490;9261;8352;6174;6174;
iNumb:; 1491;8262;6354;3087;8352;6174;6174;
iNumb:; 1492;8172;7443;3996;6264;4176;6174;6174;
iNumb:; 1493;8082;8532;6174;6174;
iNumb:; 1494;7992;7173;6354;3087;8352;6174;6174;
iNumb:; 1495;8082;8532;6174;6174;
iNumb:; 1496;8172;7443;3996;6264;4176;6174;6174;
iNumb:; 1497;8262;6354;3087;8352;6174;6174;
iNumb:; 1498;8352;6174;6174;
iNumb:; 1499;8442;5994;5355;1998;8082;8532;6174;6174;
iNumb:; 1500;5085;7992;7173;6354;3087;8352;6174;6174;
iNumb:; 1501;4995;5355;1998;8082;8532;6174;6174;
iNumb:; 1502;5085;7992;7173;6354;3087;8352;6174;6174;
iNumb:; 1503;5175;5994;5355;1998;8082;8532;6174;6174;
iNumb:; 1504;5265;3996;6264;4176;6174;6174;
iNumb:; 1505;5355;1998;8082;8532;6174;6174;
iNumb:; 1506;6354;3087;8352;6174;6174;
iNumb:; 1507;7353;4176;6174;6174;
iNumb:; 1508;8352;6174;6174;
iNumb:; 1509;9351;8172;7443;3996;6264;4176;6174;6174;
iNumb:; 1510;4995;5355;1998;8082;8532;6174;6174;
iNumb:; 1511;3996;6264;4176;6174;6174;
iNumb:; 1512;4086;8172;7443;3996;6264;4176;6174;6174;
iNumb:; 1513;4176;6174;6174;
iNumb:; 1514;4266;4176;6174;6174;
iNumb:; 1515;4356;3087;8352;6174;6174;
iNumb:; 1516;5355;1998;8082;8532;6174;6174;
iNumb:; 1517;6354;3087;8352;6174;6174;
iNumb:; 1518;7353;4176;6174;6174;
iNumb:; 1519;8352;6174;6174;
iNumb:; 1520;5085;7992;7173;6354;3087;8352;6174;6174;
iNumb:; 1521;4086;8172;7443;3996;6264;4176;6174;6174;
iNumb:; 1522;3996;6264;4176;6174;6174;
iNumb:; 1523;4086;8172;7443;3996;6264;4176;6174;6174;
iNumb:; 1524;4176;6174;6174;
iNumb:; 1525;4266;4176;6174;6174;
iNumb:; 1526;5265;3996;6264;4176;6174;6174;
iNumb:; 1527;6264;4176;6174;6174;
iNumb:; 1528;7263;5265;3996;6264;4176;6174;6174;
iNumb:; 1529;8262;6354;3087;8352;6174;6174;
iNumb:; 1530;5175;5994;5355;1998;8082;8532;6174;6174;
iNumb:; 1531;4176;6174;6174;
iNumb:; 1532;4086;8172;7443;3996;6264;4176;6174;6174;
iNumb:; 1533;3996;6264;4176;6174;6174;
iNumb:; 1534;4086;8172;7443;3996;6264;4176;6174;6174;
iNumb:; 1535;4176;6174;6174;
iNumb:; 1536;5175;5994;5355;1998;8082;8532;6174;6174;
iNumb:; 1537;6174;6174;
iNumb:; 1538;7173;6354;3087;8352;6174;6174;
iNumb:; 1539;8172;7443;3996;6264;4176;6174;6174;
iNumb:; 1540;5265;3996;6264;4176;6174;6174;
iNumb:; 1541;4266;4176;6174;6174;
iNumb:; 1542;4176;6174;6174;
iNumb:; 1543;4086;8172;7443;3996;6264;4176;6174;6174;
iNumb:; 1544;3996;6264;4176;6174;6174;
iNumb:; 1545;4086;8172;7443;3996;6264;4176;6174;6174;
iNumb:; 1546;5085;7992;7173;6354;3087;8352;6174;6174;
iNumb:; 1547;6084;8172;7443;3996;6264;4176;6174;6174;
iNumb:; 1548;7083;8352;6174;6174;
iNumb:; 1549;8082;8532;6174;6174;
iNumb:; 1550;5355;1998;8082;8532;6174;6174;
iNumb:; 1551;4356;3087;8352;6174;6174;
iNumb:; 1552;4266;4176;6174;6174;
iNumb:; 1553;4176;6174;6174;
iNumb:; 1554;4086;8172;7443;3996;6264;4176;6174;6174;
iNumb:; 1555;3996;6264;4176;6174;6174;
iNumb:; 1556;4995;5355;1998;8082;8532;6174;6174;
iNumb:; 1557;5994;5355;1998;8082;8532;6174;6174;
iNumb:; 1558;6993;6264;4176;6174;6174;
iNumb:; 1559;7992;7173;6354;3087;8352;6174;6174;
iNumb:; 1560;6354;3087;8352;6174;6174;
iNumb:; 1561;5355;1998;8082;8532;6174;6174;
iNumb:; 1562;5265;3996;6264;4176;6174;6174;
iNumb:; 1563;5175;5994;5355;1998;8082;8532;6174;6174;
iNumb:; 1564;5085;7992;7173;6354;3087;8352;6174;6174;
iNumb:; 1565;4995;5355;1998;8082;8532;6174;6174;
iNumb:; 1566;5085;7992;7173;6354;3087;8352;6174;6174;
iNumb:; 1567;6084;8172;7443;3996;6264;4176;6174;6174;
iNumb:; 1568;7083;8352;6174;6174;
iNumb:; 1569;8082;8532;6174;6174;
iNumb:; 1570;7353;4176;6174;6174;
iNumb:; 1571;6354;3087;8352;6174;6174;
iNumb:; 1572;6264;4176;6174;6174;
iNumb:; 1573;6174;6174;
iNumb:; 1574;6084;8172;7443;3996;6264;4176;6174;6174;
iNumb:; 1575;5994;5355;1998;8082;8532;6174;6174;
iNumb:; 1576;6084;8172;7443;3996;6264;4176;6174;6174;
iNumb:; 1577;6174;6174;
iNumb:; 1578;7173;6354;3087;8352;6174;6174;
iNumb:; 1579;8172;7443;3996;6264;4176;6174;6174;
iNumb:; 1580;8352;6174;6174;
iNumb:; 1581;7353;4176;6174;6174;
iNumb:; 1582;7263;5265;3996;6264;4176;6174;6174;
iNumb:; 1583;7173;6354;3087;8352;6174;6174;
iNumb:; 1584;7083;8352;6174;6174;
iNumb:; 1585;6993;6264;4176;6174;6174;
iNumb:; 1586;7083;8352;6174;6174;
iNumb:; 1587;7173;6354;3087;8352;6174;6174;
iNumb:; 1588;7263;5265;3996;6264;4176;6174;6174;
iNumb:; 1589;8262;6354;3087;8352;6174;6174;
iNumb:; 1590;9351;8172;7443;3996;6264;4176;6174;6174;
iNumb:; 1591;8352;6174;6174;
iNumb:; 1592;8262;6354;3087;8352;6174;6174;
iNumb:; 1593;8172;7443;3996;6264;4176;6174;6174;
iNumb:; 1594;8082;8532;6174;6174;
iNumb:; 1595;7992;7173;6354;3087;8352;6174;6174;
iNumb:; 1596;8082;8532;6174;6174;
iNumb:; 1597;8172;7443;3996;6264;4176;6174;6174;
iNumb:; 1598;8262;6354;3087;8352;6174;6174;
iNumb:; 1599;8352;6174;6174;
iNumb:; 1600;6084;8172;7443;3996;6264;4176;6174;6174;
iNumb:; 1601;5994;5355;1998;8082;8532;6174;6174;
iNumb:; 1602;6084;8172;7443;3996;6264;4176;6174;6174;
iNumb:; 1603;6174;6174;
iNumb:; 1604;6264;4176;6174;6174;
iNumb:; 1605;6354;3087;8352;6174;6174;
iNumb:; 1606;6444;1998;8082;8532;6174;6174;
iNumb:; 1607;7443;3996;6264;4176;6174;6174;
iNumb:; 1608;8442;5994;5355;1998;8082;8532;6174;6174;
iNumb:; 1609;9441;7992;7173;6354;3087;8352;6174;6174;
iNumb:; 1610;5994;5355;1998;8082;8532;6174;6174;
iNumb:; 1611;4995;5355;1998;8082;8532;6174;6174;
iNumb:; 1612;5085;7992;7173;6354;3087;8352;6174;6174;
iNumb:; 1613;5175;5994;5355;1998;8082;8532;6174;6174;
iNumb:; 1614;5265;3996;6264;4176;6174;6174;
iNumb:; 1615;5355;1998;8082;8532;6174;6174;
iNumb:; 1616;5445;1089;9621;8352;6174;6174;
iNumb:; 1617;6444;1998;8082;8532;6174;6174;
iNumb:; 1618;7443;3996;6264;4176;6174;6174;
iNumb:; 1619;8442;5994;5355;1998;8082;8532;6174;6174;
iNumb:; 1620;6084;8172;7443;3996;6264;4176;6174;6174;
iNumb:; 1621;5085;7992;7173;6354;3087;8352;6174;6174;
iNumb:; 1622;4995;5355;1998;8082;8532;6174;6174;
iNumb:; 1623;5085;7992;7173;6354;3087;8352;6174;6174;
iNumb:; 1624;5175;5994;5355;1998;8082;8532;6174;6174;
iNumb:; 1625;5265;3996;6264;4176;6174;6174;
iNumb:; 1626;5355;1998;8082;8532;6174;6174;
iNumb:; 1627;6354;3087;8352;6174;6174;
iNumb:; 1628;7353;4176;6174;6174;
iNumb:; 1629;8352;6174;6174;
iNumb:; 1630;6174;6174;
iNumb:; 1631;5175;5994;5355;1998;8082;8532;6174;6174;
iNumb:; 1632;5085;7992;7173;6354;3087;8352;6174;6174;
iNumb:; 1633;4995;5355;1998;8082;8532;6174;6174;
iNumb:; 1634;5085;7992;7173;6354;3087;8352;6174;6174;
iNumb:; 1635;5175;5994;5355;1998;8082;8532;6174;6174;
iNumb:; 1636;5265;3996;6264;4176;6174;6174;
iNumb:; 1637;6264;4176;6174;6174;
iNumb:; 1638;7263;5265;3996;6264;4176;6174;6174;
iNumb:; 1639;8262;6354;3087;8352;6174;6174;
iNumb:; 1640;6264;4176;6174;6174;
iNumb:; 1641;5265;3996;6264;4176;6174;6174;
iNumb:; 1642;5175;5994;5355;1998;8082;8532;6174;6174;
iNumb:; 1643;5085;7992;7173;6354;3087;8352;6174;6174;
iNumb:; 1644;4995;5355;1998;8082;8532;6174;6174;
iNumb:; 1645;5085;7992;7173;6354;3087;8352;6174;6174;
iNumb:; 1646;5175;5994;5355;1998;8082;8532;6174;6174;
iNumb:; 1647;6174;6174;
iNumb:; 1648;7173;6354;3087;8352;6174;6174;
iNumb:; 1649;8172;7443;3996;6264;4176;6174;6174;
iNumb:; 1650;6354;3087;8352;6174;6174;
iNumb:; 1651;5355;1998;8082;8532;6174;6174;
iNumb:; 1652;5265;3996;6264;4176;6174;6174;
iNumb:; 1653;5175;5994;5355;1998;8082;8532;6174;6174;
iNumb:; 1654;5085;7992;7173;6354;3087;8352;6174;6174;
iNumb:; 1655;4995;5355;1998;8082;8532;6174;6174;
iNumb:; 1656;5085;7992;7173;6354;3087;8352;6174;6174;
iNumb:; 1657;6084;8172;7443;3996;6264;4176;6174;6174;
iNumb:; 1658;7083;8352;6174;6174;
iNumb:; 1659;8082;8532;6174;6174;
iNumb:; 1660;6444;1998;8082;8532;6174;6174;
iNumb:; 1661;5445;1089;9621;8352;6174;6174;
iNumb:; 1662;5355;1998;8082;8532;6174;6174;
iNumb:; 1663;5265;3996;6264;4176;6174;6174;
iNumb:; 1664;5175;5994;5355;1998;8082;8532;6174;6174;
iNumb:; 1665;5085;7992;7173;6354;3087;8352;6174;6174;
iNumb:; 1666;4995;5355;1998;8082;8532;6174;6174;
iNumb:; 1667;5994;5355;1998;8082;8532;6174;6174;
iNumb:; 1668;6993;6264;4176;6174;6174;
iNumb:; 1669;7992;7173;6354;3087;8352;6174;6174;
iNumb:; 1670;7443;3996;6264;4176;6174;6174;
iNumb:; 1671;6444;1998;8082;8532;6174;6174;
iNumb:; 1672;6354;3087;8352;6174;6174;
iNumb:; 1673;6264;4176;6174;6174;
iNumb:; 1674;6174;6174;
iNumb:; 1675;6084;8172;7443;3996;6264;4176;6174;6174;
iNumb:; 1676;5994;5355;1998;8082;8532;6174;6174;
iNumb:; 1677;6084;8172;7443;3996;6264;4176;6174;6174;
iNumb:; 1678;7083;8352;6174;6174;
iNumb:; 1679;8082;8532;6174;6174;
iNumb:; 1680;8442;5994;5355;1998;8082;8532;6174;6174;
iNumb:; 1681;7443;3996;6264;4176;6174;6174;
iNumb:; 1682;7353;4176;6174;6174;
iNumb:; 1683;7263;5265;3996;6264;4176;6174;6174;
iNumb:; 1684;7173;6354;3087;8352;6174;6174;
iNumb:; 1685;7083;8352;6174;6174;
iNumb:; 1686;6993;6264;4176;6174;6174;
iNumb:; 1687;7083;8352;6174;6174;
iNumb:; 1688;7173;6354;3087;8352;6174;6174;
iNumb:; 1689;8172;7443;3996;6264;4176;6174;6174;
iNumb:; 1690;9441;7992;7173;6354;3087;8352;6174;6174;
iNumb:; 1691;8442;5994;5355;1998;8082;8532;6174;6174;
iNumb:; 1692;8352;6174;6174;
iNumb:; 1693;8262;6354;3087;8352;6174;6174;
iNumb:; 1694;8172;7443;3996;6264;4176;6174;6174;
iNumb:; 1695;8082;8532;6174;6174;
iNumb:; 1696;7992;7173;6354;3087;8352;6174;6174;
iNumb:; 1697;8082;8532;6174;6174;
iNumb:; 1698;8172;7443;3996;6264;4176;6174;6174;
iNumb:; 1699;8262;6354;3087;8352;6174;6174;
iNumb:; 1700;7083;8352;6174;6174;
iNumb:; 1701;6993;6264;4176;6174;6174;
iNumb:; 1702;7083;8352;6174;6174;
iNumb:; 1703;7173;6354;3087;8352;6174;6174;
iNumb:; 1704;7263;5265;3996;6264;4176;6174;6174;
iNumb:; 1705;7353;4176;6174;6174;
iNumb:; 1706;7443;3996;6264;4176;6174;6174;
iNumb:; 1707;7533;4176;6174;6174;
iNumb:; 1708;8532;6174;6174;
iNumb:; 1709;9531;8172;7443;3996;6264;4176;6174;6174;
iNumb:; 1710;6993;6264;4176;6174;6174;
iNumb:; 1711;5994;5355;1998;8082;8532;6174;6174;
iNumb:; 1712;6084;8172;7443;3996;6264;4176;6174;6174;
iNumb:; 1713;6174;6174;
iNumb:; 1714;6264;4176;6174;6174;
iNumb:; 1715;6354;3087;8352;6174;6174;
iNumb:; 1716;6444;1998;8082;8532;6174;6174;
iNumb:; 1717;6534;3087;8352;6174;6174;
iNumb:; 1718;7533;4176;6174;6174;
iNumb:; 1719;8532;6174;6174;
iNumb:; 1720;7083;8352;6174;6174;
iNumb:; 1721;6084;8172;7443;3996;6264;4176;6174;6174;
iNumb:; 1722;5994;5355;1998;8082;8532;6174;6174;
iNumb:; 1723;6084;8172;7443;3996;6264;4176;6174;6174;
iNumb:; 1724;6174;6174;
iNumb:; 1725;6264;4176;6174;6174;
iNumb:; 1726;6354;3087;8352;6174;6174;
iNumb:; 1727;6444;1998;8082;8532;6174;6174;
iNumb:; 1728;7443;3996;6264;4176;6174;6174;
iNumb:; 1729;8442;5994;5355;1998;8082;8532;6174;6174;
iNumb:; 1730;7173;6354;3087;8352;6174;6174;
iNumb:; 1731;6174;6174;
iNumb:; 1732;6084;8172;7443;3996;6264;4176;6174;6174;
iNumb:; 1733;5994;5355;1998;8082;8532;6174;6174;
iNumb:; 1734;6084;8172;7443;3996;6264;4176;6174;6174;
iNumb:; 1735;6174;6174;
iNumb:; 1736;6264;4176;6174;6174;
iNumb:; 1737;6354;3087;8352;6174;6174;
iNumb:; 1738;7353;4176;6174;6174;
iNumb:; 1739;8352;6174;6174;
iNumb:; 1740;7263;5265;3996;6264;4176;6174;6174;
iNumb:; 1741;6264;4176;6174;6174;
iNumb:; 1742;6174;6174;
iNumb:; 1743;6084;8172;7443;3996;6264;4176;6174;6174;
iNumb:; 1744;5994;5355;1998;8082;8532;6174;6174;
iNumb:; 1745;6084;8172;7443;3996;6264;4176;6174;6174;
iNumb:; 1746;6174;6174;
iNumb:; 1747;6264;4176;6174;6174;
iNumb:; 1748;7263;5265;3996;6264;4176;6174;6174;
iNumb:; 1749;8262;6354;3087;8352;6174;6174;
iNumb:; 1750;7353;4176;6174;6174;
iNumb:; 1751;6354;3087;8352;6174;6174;
iNumb:; 1752;6264;4176;6174;6174;
iNumb:; 1753;6174;6174;
iNumb:; 1754;6084;8172;7443;3996;6264;4176;6174;6174;
iNumb:; 1755;5994;5355;1998;8082;8532;6174;6174;
iNumb:; 1756;6084;8172;7443;3996;6264;4176;6174;6174;
iNumb:; 1757;6174;6174;
iNumb:; 1758;7173;6354;3087;8352;6174;6174;
iNumb:; 1759;8172;7443;3996;6264;4176;6174;6174;
iNumb:; 1760;7443;3996;6264;4176;6174;6174;
iNumb:; 1761;6444;1998;8082;8532;6174;6174;
iNumb:; 1762;6354;3087;8352;6174;6174;
iNumb:; 1763;6264;4176;6174;6174;
iNumb:; 1764;6174;6174;
iNumb:; 1765;6084;8172;7443;3996;6264;4176;6174;6174;
iNumb:; 1766;5994;5355;1998;8082;8532;6174;6174;
iNumb:; 1767;6084;8172;7443;3996;6264;4176;6174;6174;
iNumb:; 1768;7083;8352;6174;6174;
iNumb:; 1769;8082;8532;6174;6174;
iNumb:; 1770;7533;4176;6174;6174;
iNumb:; 1771;6534;3087;8352;6174;6174;
iNumb:; 1772;6444;1998;8082;8532;6174;6174;
iNumb:; 1773;6354;3087;8352;6174;6174;
iNumb:; 1774;6264;4176;6174;6174;
iNumb:; 1775;6174;6174;
iNumb:; 1776;6084;8172;7443;3996;6264;4176;6174;6174;
iNumb:; 1777;5994;5355;1998;8082;8532;6174;6174;
iNumb:; 1778;6993;6264;4176;6174;6174;
iNumb:; 1779;7992;7173;6354;3087;8352;6174;6174;
iNumb:; 1780;8532;6174;6174;
iNumb:; 1781;7533;4176;6174;6174;
iNumb:; 1782;7443;3996;6264;4176;6174;6174;
iNumb:; 1783;7353;4176;6174;6174;
iNumb:; 1784;7263;5265;3996;6264;4176;6174;6174;
iNumb:; 1785;7173;6354;3087;8352;6174;6174;
iNumb:; 1786;7083;8352;6174;6174;
iNumb:; 1787;6993;6264;4176;6174;6174;
iNumb:; 1788;7083;8352;6174;6174;
iNumb:; 1789;8082;8532;6174;6174;
iNumb:; 1790;9531;8172;7443;3996;6264;4176;6174;6174;
iNumb:; 1791;8532;6174;6174;
iNumb:; 1792;8442;5994;5355;1998;8082;8532;6174;6174;
iNumb:; 1793;8352;6174;6174;
iNumb:; 1794;8262;6354;3087;8352;6174;6174;
iNumb:; 1795;8172;7443;3996;6264;4176;6174;6174;
iNumb:; 1796;8082;8532;6174;6174;
iNumb:; 1797;7992;7173;6354;3087;8352;6174;6174;
iNumb:; 1798;8082;8532;6174;6174;
iNumb:; 1799;8172;7443;3996;6264;4176;6174;6174;
iNumb:; 1800;8082;8532;6174;6174;
iNumb:; 1801;7992;7173;6354;3087;8352;6174;6174;
iNumb:; 1802;8082;8532;6174;6174;
iNumb:; 1803;8172;7443;3996;6264;4176;6174;6174;
iNumb:; 1804;8262;6354;3087;8352;6174;6174;
iNumb:; 1805;8352;6174;6174;
iNumb:; 1806;8442;5994;5355;1998;8082;8532;6174;6174;
iNumb:; 1807;8532;6174;6174;
iNumb:; 1808;8622;6354;3087;8352;6174;6174;
iNumb:; 1809;9621;8352;6174;6174;
iNumb:; 1810;7992;7173;6354;3087;8352;6174;6174;
iNumb:; 1811;6993;6264;4176;6174;6174;
iNumb:; 1812;7083;8352;6174;6174;
iNumb:; 1813;7173;6354;3087;8352;6174;6174;
iNumb:; 1814;7263;5265;3996;6264;4176;6174;6174;
iNumb:; 1815;7353;4176;6174;6174;
iNumb:; 1816;7443;3996;6264;4176;6174;6174;
iNumb:; 1817;7533;4176;6174;6174;
iNumb:; 1818;7623;5265;3996;6264;4176;6174;6174;
iNumb:; 1819;8622;6354;3087;8352;6174;6174;
iNumb:; 1820;8082;8532;6174;6174;
iNumb:; 1821;7083;8352;6174;6174;
iNumb:; 1822;6993;6264;4176;6174;6174;
iNumb:; 1823;7083;8352;6174;6174;
iNumb:; 1824;7173;6354;3087;8352;6174;6174;
iNumb:; 1825;7263;5265;3996;6264;4176;6174;6174;
iNumb:; 1826;7353;4176;6174;6174;
iNumb:; 1827;7443;3996;6264;4176;6174;6174;
iNumb:; 1828;7533;4176;6174;6174;
iNumb:; 1829;8532;6174;6174;
iNumb:; 1830;8172;7443;3996;6264;4176;6174;6174;
iNumb:; 1831;7173;6354;3087;8352;6174;6174;
iNumb:; 1832;7083;8352;6174;6174;
iNumb:; 1833;6993;6264;4176;6174;6174;
iNumb:; 1834;7083;8352;6174;6174;
iNumb:; 1835;7173;6354;3087;8352;6174;6174;
iNumb:; 1836;7263;5265;3996;6264;4176;6174;6174;
iNumb:; 1837;7353;4176;6174;6174;
iNumb:; 1838;7443;3996;6264;4176;6174;6174;
iNumb:; 1839;8442;5994;5355;1998;8082;8532;6174;6174;
iNumb:; 1840;8262;6354;3087;8352;6174;6174;
iNumb:; 1841;7263;5265;3996;6264;4176;6174;6174;
iNumb:; 1842;7173;6354;3087;8352;6174;6174;
iNumb:; 1843;7083;8352;6174;6174;
iNumb:; 1844;6993;6264;4176;6174;6174;
iNumb:; 1845;7083;8352;6174;6174;
iNumb:; 1846;7173;6354;3087;8352;6174;6174;
iNumb:; 1847;7263;5265;3996;6264;4176;6174;6174;
iNumb:; 1848;7353;4176;6174;6174;
iNumb:; 1849;8352;6174;6174;
iNumb:; 1850;8352;6174;6174;
iNumb:; 1851;7353;4176;6174;6174;
iNumb:; 1852;7263;5265;3996;6264;4176;6174;6174;
iNumb:; 1853;7173;6354;3087;8352;6174;6174;
iNumb:; 1854;7083;8352;6174;6174;
iNumb:; 1855;6993;6264;4176;6174;6174;
iNumb:; 1856;7083;8352;6174;6174;
iNumb:; 1857;7173;6354;3087;8352;6174;6174;
iNumb:; 1858;7263;5265;3996;6264;4176;6174;6174;
iNumb:; 1859;8262;6354;3087;8352;6174;6174;
iNumb:; 1860;8442;5994;5355;1998;8082;8532;6174;6174;
iNumb:; 1861;7443;3996;6264;4176;6174;6174;
iNumb:; 1862;7353;4176;6174;6174;
iNumb:; 1863;7263;5265;3996;6264;4176;6174;6174;
iNumb:; 1864;7173;6354;3087;8352;6174;6174;
iNumb:; 1865;7083;8352;6174;6174;
iNumb:; 1866;6993;6264;4176;6174;6174;
iNumb:; 1867;7083;8352;6174;6174;
iNumb:; 1868;7173;6354;3087;8352;6174;6174;
iNumb:; 1869;8172;7443;3996;6264;4176;6174;6174;
iNumb:; 1870;8532;6174;6174;
iNumb:; 1871;7533;4176;6174;6174;
iNumb:; 1872;7443;3996;6264;4176;6174;6174;
iNumb:; 1873;7353;4176;6174;6174;
iNumb:; 1874;7263;5265;3996;6264;4176;6174;6174;
iNumb:; 1875;7173;6354;3087;8352;6174;6174;
iNumb:; 1876;7083;8352;6174;6174;
iNumb:; 1877;6993;6264;4176;6174;6174;
iNumb:; 1878;7083;8352;6174;6174;
iNumb:; 1879;8082;8532;6174;6174;
iNumb:; 1880;8622;6354;3087;8352;6174;6174;
iNumb:; 1881;7623;5265;3996;6264;4176;6174;6174;
iNumb:; 1882;7533;4176;6174;6174;
iNumb:; 1883;7443;3996;6264;4176;6174;6174;
iNumb:; 1884;7353;4176;6174;6174;
iNumb:; 1885;7263;5265;3996;6264;4176;6174;6174;
iNumb:; 1886;7173;6354;3087;8352;6174;6174;
iNumb:; 1887;7083;8352;6174;6174;
iNumb:; 1888;6993;6264;4176;6174;6174;
iNumb:; 1889;7992;7173;6354;3087;8352;6174;6174;
iNumb:; 1890;9621;8352;6174;6174;
iNumb:; 1891;8622;6354;3087;8352;6174;6174;
iNumb:; 1892;8532;6174;6174;
iNumb:; 1893;8442;5994;5355;1998;8082;8532;6174;6174;
iNumb:; 1894;8352;6174;6174;
iNumb:; 1895;8262;6354;3087;8352;6174;6174;
iNumb:; 1896;8172;7443;3996;6264;4176;6174;6174;
iNumb:; 1897;8082;8532;6174;6174;
iNumb:; 1898;7992;7173;6354;3087;8352;6174;6174;
iNumb:; 1899;8082;8532;6174;6174;
iNumb:; 1900;9081;9621;8352;6174;6174;
iNumb:; 1901;8991;8082;8532;6174;6174;
iNumb:; 1902;9081;9621;8352;6174;6174;
iNumb:; 1903;9171;8532;6174;6174;
iNumb:; 1904;9261;8352;6174;6174;
iNumb:; 1905;9351;8172;7443;3996;6264;4176;6174;6174;
iNumb:; 1906;9441;7992;7173;6354;3087;8352;6174;6174;
iNumb:; 1907;9531;8172;7443;3996;6264;4176;6174;6174;
iNumb:; 1908;9621;8352;6174;6174;
iNumb:; 1909;9711;8532;6174;6174;
iNumb:; 1910;8991;8082;8532;6174;6174;
iNumb:; 1911;7992;7173;6354;3087;8352;6174;6174;
iNumb:; 1912;8082;8532;6174;6174;
iNumb:; 1913;8172;7443;3996;6264;4176;6174;6174;
iNumb:; 1914;8262;6354;3087;8352;6174;6174;
iNumb:; 1915;8352;6174;6174;
iNumb:; 1916;8442;5994;5355;1998;8082;8532;6174;6174;
iNumb:; 1917;8532;6174;6174;
iNumb:; 1918;8622;6354;3087;8352;6174;6174;
iNumb:; 1919;8712;7443;3996;6264;4176;6174;6174;
iNumb:; 1920;9081;9621;8352;6174;6174;
iNumb:; 1921;8082;8532;6174;6174;
iNumb:; 1922;7992;7173;6354;3087;8352;6174;6174;
iNumb:; 1923;8082;8532;6174;6174;
iNumb:; 1924;8172;7443;3996;6264;4176;6174;6174;
iNumb:; 1925;8262;6354;3087;8352;6174;6174;
iNumb:; 1926;8352;6174;6174;
iNumb:; 1927;8442;5994;5355;1998;8082;8532;6174;6174;
iNumb:; 1928;8532;6174;6174;
iNumb:; 1929;8622;6354;3087;8352;6174;6174;
iNumb:; 1930;9171;8532;6174;6174;
iNumb:; 1931;8172;7443;3996;6264;4176;6174;6174;
iNumb:; 1932;8082;8532;6174;6174;
iNumb:; 1933;7992;7173;6354;3087;8352;6174;6174;
iNumb:; 1934;8082;8532;6174;6174;
iNumb:; 1935;8172;7443;3996;6264;4176;6174;6174;
iNumb:; 1936;8262;6354;3087;8352;6174;6174;
iNumb:; 1937;8352;6174;6174;
iNumb:; 1938;8442;5994;5355;1998;8082;8532;6174;6174;
iNumb:; 1939;8532;6174;6174;
iNumb:; 1940;9261;8352;6174;6174;
iNumb:; 1941;8262;6354;3087;8352;6174;6174;
iNumb:; 1942;8172;7443;3996;6264;4176;6174;6174;
iNumb:; 1943;8082;8532;6174;6174;
iNumb:; 1944;7992;7173;6354;3087;8352;6174;6174;
iNumb:; 1945;8082;8532;6174;6174;
iNumb:; 1946;8172;7443;3996;6264;4176;6174;6174;
iNumb:; 1947;8262;6354;3087;8352;6174;6174;
iNumb:; 1948;8352;6174;6174;
iNumb:; 1949;8442;5994;5355;1998;8082;8532;6174;6174;
iNumb:; 1950;9351;8172;7443;3996;6264;4176;6174;6174;
iNumb:; 1951;8352;6174;6174;
iNumb:; 1952;8262;6354;3087;8352;6174;6174;
iNumb:; 1953;8172;7443;3996;6264;4176;6174;6174;
iNumb:; 1954;8082;8532;6174;6174;
iNumb:; 1955;7992;7173;6354;3087;8352;6174;6174;
iNumb:; 1956;8082;8532;6174;6174;
iNumb:; 1957;8172;7443;3996;6264;4176;6174;6174;
iNumb:; 1958;8262;6354;3087;8352;6174;6174;
iNumb:; 1959;8352;6174;6174;
iNumb:; 1960;9441;7992;7173;6354;3087;8352;6174;6174;
iNumb:; 1961;8442;5994;5355;1998;8082;8532;6174;6174;
iNumb:; 1962;8352;6174;6174;
iNumb:; 1963;8262;6354;3087;8352;6174;6174;
iNumb:; 1964;8172;7443;3996;6264;4176;6174;6174;
iNumb:; 1965;8082;8532;6174;6174;
iNumb:; 1966;7992;7173;6354;3087;8352;6174;6174;
iNumb:; 1967;8082;8532;6174;6174;
iNumb:; 1968;8172;7443;3996;6264;4176;6174;6174;
iNumb:; 1969;8262;6354;3087;8352;6174;6174;
iNumb:; 1970;9531;8172;7443;3996;6264;4176;6174;6174;
iNumb:; 1971;8532;6174;6174;
iNumb:; 1972;8442;5994;5355;1998;8082;8532;6174;6174;
iNumb:; 1973;8352;6174;6174;
iNumb:; 1974;8262;6354;3087;8352;6174;6174;
iNumb:; 1975;8172;7443;3996;6264;4176;6174;6174;
iNumb:; 1976;8082;8532;6174;6174;
iNumb:; 1977;7992;7173;6354;3087;8352;6174;6174;
iNumb:; 1978;8082;8532;6174;6174;
iNumb:; 1979;8172;7443;3996;6264;4176;6174;6174;
iNumb:; 1980;9621;8352;6174;6174;
iNumb:; 1981;8622;6354;3087;8352;6174;6174;
iNumb:; 1982;8532;6174;6174;
iNumb:; 1983;8442;5994;5355;1998;8082;8532;6174;6174;
iNumb:; 1984;8352;6174;6174;
iNumb:; 1985;8262;6354;3087;8352;6174;6174;
iNumb:; 1986;8172;7443;3996;6264;4176;6174;6174;
iNumb:; 1987;8082;8532;6174;6174;
iNumb:; 1988;7992;7173;6354;3087;8352;6174;6174;
iNumb:; 1989;8082;8532;6174;6174;
iNumb:; 1990;9711;8532;6174;6174;
iNumb:; 1991;8712;7443;3996;6264;4176;6174;6174;
iNumb:; 1992;8622;6354;3087;8352;6174;6174;
iNumb:; 1993;8532;6174;6174;
iNumb:; 1994;8442;5994;5355;1998;8082;8532;6174;6174;
iNumb:; 1995;8352;6174;6174;
iNumb:; 1996;8262;6354;3087;8352;6174;6174;
iNumb:; 1997;8172;7443;3996;6264;4176;6174;6174;
iNumb:; 1998;8082;8532;6174;6174;
iNumb:; 1999;7992;7173;6354;3087;8352;6174;6174;
iNumb:; 2000;1998;8082;8532;6174;6174;
iNumb:; 2001;2088;8532;6174;6174;
iNumb:; 2002;2178;7443;3996;6264;4176;6174;6174;
iNumb:; 2003;3177;6354;3087;8352;6174;6174;
iNumb:; 2004;4176;6174;6174;
iNumb:; 2005;5175;5994;5355;1998;8082;8532;6174;6174;
iNumb:; 2006;6174;6174;
iNumb:; 2007;7173;6354;3087;8352;6174;6174;
iNumb:; 2008;8172;7443;3996;6264;4176;6174;6174;
iNumb:; 2009;9171;8532;6174;6174;
iNumb:; 2010;2088;8532;6174;6174;
iNumb:; 2011;1998;8082;8532;6174;6174;
iNumb:; 2012;2088;8532;6174;6174;
iNumb:; 2013;3087;8352;6174;6174;
iNumb:; 2014;4086;8172;7443;3996;6264;4176;6174;6174;
iNumb:; 2015;5085;7992;7173;6354;3087;8352;6174;6174;
iNumb:; 2016;6084;8172;7443;3996;6264;4176;6174;6174;
iNumb:; 2017;7083;8352;6174;6174;
iNumb:; 2018;8082;8532;6174;6174;
iNumb:; 2019;9081;9621;8352;6174;6174;
iNumb:; 2020;2178;7443;3996;6264;4176;6174;6174;
iNumb:; 2021;2088;8532;6174;6174;
iNumb:; 2022;1998;8082;8532;6174;6174;
iNumb:; 2023;2997;7173;6354;3087;8352;6174;6174;
iNumb:; 2024;3996;6264;4176;6174;6174;
iNumb:; 2025;4995;5355;1998;8082;8532;6174;6174;
iNumb:; 2026;5994;5355;1998;8082;8532;6174;6174;
iNumb:; 2027;6993;6264;4176;6174;6174;
iNumb:; 2028;7992;7173;6354;3087;8352;6174;6174;
iNumb:; 2029;8991;8082;8532;6174;6174;
iNumb:; 2030;3177;6354;3087;8352;6174;6174;
iNumb:; 2031;3087;8352;6174;6174;
iNumb:; 2032;2997;7173;6354;3087;8352;6174;6174;
iNumb:; 2033;3087;8352;6174;6174;
iNumb:; 2034;4086;8172;7443;3996;6264;4176;6174;6174;
iNumb:; 2035;5085;7992;7173;6354;3087;8352;6174;6174;
iNumb:; 2036;6084;8172;7443;3996;6264;4176;6174;6174;
iNumb:; 2037;7083;8352;6174;6174;
iNumb:; 2038;8082;8532;6174;6174;
iNumb:; 2039;9081;9621;8352;6174;6174;
iNumb:; 2040;4176;6174;6174;
iNumb:; 2041;4086;8172;7443;3996;6264;4176;6174;6174;
iNumb:; 2042;3996;6264;4176;6174;6174;
iNumb:; 2043;4086;8172;7443;3996;6264;4176;6174;6174;
iNumb:; 2044;4176;6174;6174;
iNumb:; 2045;5175;5994;5355;1998;8082;8532;6174;6174;
iNumb:; 2046;6174;6174;
iNumb:; 2047;7173;6354;3087;8352;6174;6174;
iNumb:; 2048;8172;7443;3996;6264;4176;6174;6174;
iNumb:; 2049;9171;8532;6174;6174;
iNumb:; 2050;5175;5994;5355;1998;8082;8532;6174;6174;
iNumb:; 2051;5085;7992;7173;6354;3087;8352;6174;6174;
iNumb:; 2052;4995;5355;1998;8082;8532;6174;6174;
iNumb:; 2053;5085;7992;7173;6354;3087;8352;6174;6174;
iNumb:; 2054;5175;5994;5355;1998;8082;8532;6174;6174;
iNumb:; 2055;5265;3996;6264;4176;6174;6174;
iNumb:; 2056;6264;4176;6174;6174;
iNumb:; 2057;7263;5265;3996;6264;4176;6174;6174;
iNumb:; 2058;8262;6354;3087;8352;6174;6174;
iNumb:; 2059;9261;8352;6174;6174;
iNumb:; 2060;6174;6174;
iNumb:; 2061;6084;8172;7443;3996;6264;4176;6174;6174;
iNumb:; 2062;5994;5355;1998;8082;8532;6174;6174;
iNumb:; 2063;6084;8172;7443;3996;6264;4176;6174;6174;
iNumb:; 2064;6174;6174;
iNumb:; 2065;6264;4176;6174;6174;
iNumb:; 2066;6354;3087;8352;6174;6174;
iNumb:; 2067;7353;4176;6174;6174;
iNumb:; 2068;8352;6174;6174;
iNumb:; 2069;9351;8172;7443;3996;6264;4176;6174;6174;
iNumb:; 2070;7173;6354;3087;8352;6174;6174;
iNumb:; 2071;7083;8352;6174;6174;
iNumb:; 2072;6993;6264;4176;6174;6174;
iNumb:; 2073;7083;8352;6174;6174;
iNumb:; 2074;7173;6354;3087;8352;6174;6174;
iNumb:; 2075;7263;5265;3996;6264;4176;6174;6174;
iNumb:; 2076;7353;4176;6174;6174;
iNumb:; 2077;7443;3996;6264;4176;6174;6174;
iNumb:; 2078;8442;5994;5355;1998;8082;8532;6174;6174;
iNumb:; 2079;9441;7992;7173;6354;3087;8352;6174;6174;
iNumb:; 2080;8172;7443;3996;6264;4176;6174;6174;
iNumb:; 2081;8082;8532;6174;6174;
iNumb:; 2082;7992;7173;6354;3087;8352;6174;6174;
iNumb:; 2083;8082;8532;6174;6174;
iNumb:; 2084;8172;7443;3996;6264;4176;6174;6174;
iNumb:; 2085;8262;6354;3087;8352;6174;6174;
iNumb:; 2086;8352;6174;6174;
iNumb:; 2087;8442;5994;5355;1998;8082;8532;6174;6174;
iNumb:; 2088;8532;6174;6174;
iNumb:; 2089;9531;8172;7443;3996;6264;4176;6174;6174;
iNumb:; 2090;9171;8532;6174;6174;
iNumb:; 2091;9081;9621;8352;6174;6174;
iNumb:; 2092;8991;8082;8532;6174;6174;
iNumb:; 2093;9081;9621;8352;6174;6174;
iNumb:; 2094;9171;8532;6174;6174;
iNumb:; 2095;9261;8352;6174;6174;
iNumb:; 2096;9351;8172;7443;3996;6264;4176;6174;6174;
iNumb:; 2097;9441;7992;7173;6354;3087;8352;6174;6174;
iNumb:; 2098;9531;8172;7443;3996;6264;4176;6174;6174;
iNumb:; 2099;9621;8352;6174;6174;
iNumb:; 2100;2088;8532;6174;6174;
iNumb:; 2101;1998;8082;8532;6174;6174;
iNumb:; 2102;2088;8532;6174;6174;
iNumb:; 2103;3087;8352;6174;6174;
iNumb:; 2104;4086;8172;7443;3996;6264;4176;6174;6174;
iNumb:; 2105;5085;7992;7173;6354;3087;8352;6174;6174;
iNumb:; 2106;6084;8172;7443;3996;6264;4176;6174;6174;
iNumb:; 2107;7083;8352;6174;6174;
iNumb:; 2108;8082;8532;6174;6174;
iNumb:; 2109;9081;9621;8352;6174;6174;
iNumb:; 2110;1998;8082;8532;6174;6174;
iNumb:; 2111;999;8991;8082;8532;6174;6174;
iNumb:; 2112;1089;9621;8352;6174;6174;
iNumb:; 2113;2088;8532;6174;6174;
iNumb:; 2114;3087;8352;6174;6174;
iNumb:; 2115;4086;8172;7443;3996;6264;4176;6174;6174;
iNumb:; 2116;5085;7992;7173;6354;3087;8352;6174;6174;
iNumb:; 2117;6084;8172;7443;3996;6264;4176;6174;6174;
iNumb:; 2118;7083;8352;6174;6174;
iNumb:; 2119;8082;8532;6174;6174;
iNumb:; 2120;2088;8532;6174;6174;
iNumb:; 2121;1089;9621;8352;6174;6174;
iNumb:; 2122;999;8991;8082;8532;6174;6174;
iNumb:; 2123;1998;8082;8532;6174;6174;
iNumb:; 2124;2997;7173;6354;3087;8352;6174;6174;
iNumb:; 2125;3996;6264;4176;6174;6174;
iNumb:; 2126;4995;5355;1998;8082;8532;6174;6174;
iNumb:; 2127;5994;5355;1998;8082;8532;6174;6174;
iNumb:; 2128;6993;6264;4176;6174;6174;
iNumb:; 2129;7992;7173;6354;3087;8352;6174;6174;
iNumb:; 2130;3087;8352;6174;6174;
iNumb:; 2131;2088;8532;6174;6174;
iNumb:; 2132;1998;8082;8532;6174;6174;
iNumb:; 2133;2088;8532;6174;6174;
iNumb:; 2134;3087;8352;6174;6174;
iNumb:; 2135;4086;8172;7443;3996;6264;4176;6174;6174;
iNumb:; 2136;5085;7992;7173;6354;3087;8352;6174;6174;
iNumb:; 2137;6084;8172;7443;3996;6264;4176;6174;6174;
iNumb:; 2138;7083;8352;6174;6174;
iNumb:; 2139;8082;8532;6174;6174;
iNumb:; 2140;4086;8172;7443;3996;6264;4176;6174;6174;
iNumb:; 2141;3087;8352;6174;6174;
iNumb:; 2142;2997;7173;6354;3087;8352;6174;6174;
iNumb:; 2143;3087;8352;6174;6174;
iNumb:; 2144;3177;6354;3087;8352;6174;6174;
iNumb:; 2145;4176;6174;6174;
iNumb:; 2146;5175;5994;5355;1998;8082;8532;6174;6174;
iNumb:; 2147;6174;6174;
iNumb:; 2148;7173;6354;3087;8352;6174;6174;
iNumb:; 2149;8172;7443;3996;6264;4176;6174;6174;
iNumb:; 2150;5085;7992;7173;6354;3087;8352;6174;6174;
iNumb:; 2151;4086;8172;7443;3996;6264;4176;6174;6174;
iNumb:; 2152;3996;6264;4176;6174;6174;
iNumb:; 2153;4086;8172;7443;3996;6264;4176;6174;6174;
iNumb:; 2154;4176;6174;6174;
iNumb:; 2155;4266;4176;6174;6174;
iNumb:; 2156;5265;3996;6264;4176;6174;6174;
iNumb:; 2157;6264;4176;6174;6174;
iNumb:; 2158;7263;5265;3996;6264;4176;6174;6174;
iNumb:; 2159;8262;6354;3087;8352;6174;6174;
iNumb:; 2160;6084;8172;7443;3996;6264;4176;6174;6174;
iNumb:; 2161;5085;7992;7173;6354;3087;8352;6174;6174;
iNumb:; 2162;4995;5355;1998;8082;8532;6174;6174;
iNumb:; 2163;5085;7992;7173;6354;3087;8352;6174;6174;
iNumb:; 2164;5175;5994;5355;1998;8082;8532;6174;6174;
iNumb:; 2165;5265;3996;6264;4176;6174;6174;
iNumb:; 2166;5355;1998;8082;8532;6174;6174;
iNumb:; 2167;6354;3087;8352;6174;6174;
iNumb:; 2168;7353;4176;6174;6174;
iNumb:; 2169;8352;6174;6174;
iNumb:; 2170;7083;8352;6174;6174;
iNumb:; 2171;6084;8172;7443;3996;6264;4176;6174;6174;
iNumb:; 2172;5994;5355;1998;8082;8532;6174;6174;
iNumb:; 2173;6084;8172;7443;3996;6264;4176;6174;6174;
iNumb:; 2174;6174;6174;
iNumb:; 2175;6264;4176;6174;6174;
iNumb:; 2176;6354;3087;8352;6174;6174;
iNumb:; 2177;6444;1998;8082;8532;6174;6174;
iNumb:; 2178;7443;3996;6264;4176;6174;6174;
iNumb:; 2179;8442;5994;5355;1998;8082;8532;6174;6174;
iNumb:; 2180;8082;8532;6174;6174;
iNumb:; 2181;7083;8352;6174;6174;
iNumb:; 2182;6993;6264;4176;6174;6174;
iNumb:; 2183;7083;8352;6174;6174;
iNumb:; 2184;7173;6354;3087;8352;6174;6174;
iNumb:; 2185;7263;5265;3996;6264;4176;6174;6174;
iNumb:; 2186;7353;4176;6174;6174;
iNumb:; 2187;7443;3996;6264;4176;6174;6174;
iNumb:; 2188;7533;4176;6174;6174;
iNumb:; 2189;8532;6174;6174;
iNumb:; 2190;9081;9621;8352;6174;6174;
iNumb:; 2191;8082;8532;6174;6174;
iNumb:; 2192;7992;7173;6354;3087;8352;6174;6174;
iNumb:; 2193;8082;8532;6174;6174;
iNumb:; 2194;8172;7443;3996;6264;4176;6174;6174;
iNumb:; 2195;8262;6354;3087;8352;6174;6174;
iNumb:; 2196;8352;6174;6174;
iNumb:; 2197;8442;5994;5355;1998;8082;8532;6174;6174;
iNumb:; 2198;8532;6174;6174;
iNumb:; 2199;8622;6354;3087;8352;6174;6174;
iNumb:; 2200;2178;7443;3996;6264;4176;6174;6174;
iNumb:; 2201;2088;8532;6174;6174;
iNumb:; 2202;1998;8082;8532;6174;6174;
iNumb:; 2203;2997;7173;6354;3087;8352;6174;6174;
iNumb:; 2204;3996;6264;4176;6174;6174;
iNumb:; 2205;4995;5355;1998;8082;8532;6174;6174;
iNumb:; 2206;5994;5355;1998;8082;8532;6174;6174;
iNumb:; 2207;6993;6264;4176;6174;6174;
iNumb:; 2208;7992;7173;6354;3087;8352;6174;6174;
iNumb:; 2209;8991;8082;8532;6174;6174;
iNumb:; 2210;2088;8532;6174;6174;
iNumb:; 2211;1089;9621;8352;6174;6174;
iNumb:; 2212;999;8991;8082;8532;6174;6174;
iNumb:; 2213;1998;8082;8532;6174;6174;
iNumb:; 2214;2997;7173;6354;3087;8352;6174;6174;
iNumb:; 2215;3996;6264;4176;6174;6174;
iNumb:; 2216;4995;5355;1998;8082;8532;6174;6174;
iNumb:; 2217;5994;5355;1998;8082;8532;6174;6174;
iNumb:; 2218;6993;6264;4176;6174;6174;
iNumb:; 2219;7992;7173;6354;3087;8352;6174;6174;
iNumb:; 2220;1998;8082;8532;6174;6174;
iNumb:; 2221;999;8991;8082;8532;6174;6174;
iNumb:; 2223;999;8991;8082;8532;6174;6174;
iNumb:; 2224;1998;8082;8532;6174;6174;
iNumb:; 2225;2997;7173;6354;3087;8352;6174;6174;
iNumb:; 2226;3996;6264;4176;6174;6174;
iNumb:; 2227;4995;5355;1998;8082;8532;6174;6174;
iNumb:; 2228;5994;5355;1998;8082;8532;6174;6174;
iNumb:; 2229;6993;6264;4176;6174;6174;
iNumb:; 2230;2997;7173;6354;3087;8352;6174;6174;
iNumb:; 2231;1998;8082;8532;6174;6174;
iNumb:; 2232;999;8991;8082;8532;6174;6174;
iNumb:; 2233;1089;9621;8352;6174;6174;
iNumb:; 2234;2088;8532;6174;6174;
iNumb:; 2235;3087;8352;6174;6174;
iNumb:; 2236;4086;8172;7443;3996;6264;4176;6174;6174;
iNumb:; 2237;5085;7992;7173;6354;3087;8352;6174;6174;
iNumb:; 2238;6084;8172;7443;3996;6264;4176;6174;6174;
iNumb:; 2239;7083;8352;6174;6174;
iNumb:; 2240;3996;6264;4176;6174;6174;
iNumb:; 2241;2997;7173;6354;3087;8352;6174;6174;
iNumb:; 2242;1998;8082;8532;6174;6174;
iNumb:; 2243;2088;8532;6174;6174;
iNumb:; 2244;2178;7443;3996;6264;4176;6174;6174;
iNumb:; 2245;3177;6354;3087;8352;6174;6174;
iNumb:; 2246;4176;6174;6174;
iNumb:; 2247;5175;5994;5355;1998;8082;8532;6174;6174;
iNumb:; 2248;6174;6174;
iNumb:; 2249;7173;6354;3087;8352;6174;6174;
iNumb:; 2250;4995;5355;1998;8082;8532;6174;6174;
iNumb:; 2251;3996;6264;4176;6174;6174;
iNumb:; 2252;2997;7173;6354;3087;8352;6174;6174;
iNumb:; 2253;3087;8352;6174;6174;
iNumb:; 2254;3177;6354;3087;8352;6174;6174;
iNumb:; 2255;3267;5265;3996;6264;4176;6174;6174;
iNumb:; 2256;4266;4176;6174;6174;
iNumb:; 2257;5265;3996;6264;4176;6174;6174;
iNumb:; 2258;6264;4176;6174;6174;
iNumb:; 2259;7263;5265;3996;6264;4176;6174;6174;
iNumb:; 2260;5994;5355;1998;8082;8532;6174;6174;
iNumb:; 2261;4995;5355;1998;8082;8532;6174;6174;
iNumb:; 2262;3996;6264;4176;6174;6174;
iNumb:; 2263;4086;8172;7443;3996;6264;4176;6174;6174;
iNumb:; 2264;4176;6174;6174;
iNumb:; 2265;4266;4176;6174;6174;
iNumb:; 2266;4356;3087;8352;6174;6174;
iNumb:; 2267;5355;1998;8082;8532;6174;6174;
iNumb:; 2268;6354;3087;8352;6174;6174;
iNumb:; 2269;7353;4176;6174;6174;
iNumb:; 2270;6993;6264;4176;6174;6174;
iNumb:; 2271;5994;5355;1998;8082;8532;6174;6174;
iNumb:; 2272;4995;5355;1998;8082;8532;6174;6174;
iNumb:; 2273;5085;7992;7173;6354;3087;8352;6174;6174;
iNumb:; 2274;5175;5994;5355;1998;8082;8532;6174;6174;
iNumb:; 2275;5265;3996;6264;4176;6174;6174;
iNumb:; 2276;5355;1998;8082;8532;6174;6174;
iNumb:; 2277;5445;1089;9621;8352;6174;6174;
iNumb:; 2278;6444;1998;8082;8532;6174;6174;
iNumb:; 2279;7443;3996;6264;4176;6174;6174;
iNumb:; 2280;7992;7173;6354;3087;8352;6174;6174;
iNumb:; 2281;6993;6264;4176;6174;6174;
iNumb:; 2282;5994;5355;1998;8082;8532;6174;6174;
iNumb:; 2283;6084;8172;7443;3996;6264;4176;6174;6174;
iNumb:; 2284;6174;6174;
iNumb:; 2285;6264;4176;6174;6174;
iNumb:; 2286;6354;3087;8352;6174;6174;
iNumb:; 2287;6444;1998;8082;8532;6174;6174;
iNumb:; 2288;6534;3087;8352;6174;6174;
iNumb:; 2289;7533;4176;6174;6174;
iNumb:; 2290;8991;8082;8532;6174;6174;
iNumb:; 2291;7992;7173;6354;3087;8352;6174;6174;
iNumb:; 2292;6993;6264;4176;6174;6174;
iNumb:; 2293;7083;8352;6174;6174;
iNumb:; 2294;7173;6354;3087;8352;6174;6174;
iNumb:; 2295;7263;5265;3996;6264;4176;6174;6174;
iNumb:; 2296;7353;4176;6174;6174;
iNumb:; 2297;7443;3996;6264;4176;6174;6174;
iNumb:; 2298;7533;4176;6174;6174;
iNumb:; 2299;7623;5265;3996;6264;4176;6174;6174;
iNumb:; 2300;3177;6354;3087;8352;6174;6174;
iNumb:; 2301;3087;8352;6174;6174;
iNumb:; 2302;2997;7173;6354;3087;8352;6174;6174;
iNumb:; 2303;3087;8352;6174;6174;
iNumb:; 2304;4086;8172;7443;3996;6264;4176;6174;6174;
iNumb:; 2305;5085;7992;7173;6354;3087;8352;6174;6174;
iNumb:; 2306;6084;8172;7443;3996;6264;4176;6174;6174;
iNumb:; 2307;7083;8352;6174;6174;
iNumb:; 2308;8082;8532;6174;6174;
iNumb:; 2309;9081;9621;8352;6174;6174;
iNumb:; 2310;3087;8352;6174;6174;
iNumb:; 2311;2088;8532;6174;6174;
iNumb:; 2312;1998;8082;8532;6174;6174;
iNumb:; 2313;2088;8532;6174;6174;
iNumb:; 2314;3087;8352;6174;6174;
iNumb:; 2315;4086;8172;7443;3996;6264;4176;6174;6174;
iNumb:; 2316;5085;7992;7173;6354;3087;8352;6174;6174;
iNumb:; 2317;6084;8172;7443;3996;6264;4176;6174;6174;
iNumb:; 2318;7083;8352;6174;6174;
iNumb:; 2319;8082;8532;6174;6174;
iNumb:; 2320;2997;7173;6354;3087;8352;6174;6174;
iNumb:; 2321;1998;8082;8532;6174;6174;
iNumb:; 2322;999;8991;8082;8532;6174;6174;
iNumb:; 2323;1089;9621;8352;6174;6174;
iNumb:; 2324;2088;8532;6174;6174;
iNumb:; 2325;3087;8352;6174;6174;
iNumb:; 2326;4086;8172;7443;3996;6264;4176;6174;6174;
iNumb:; 2327;5085;7992;7173;6354;3087;8352;6174;6174;
iNumb:; 2328;6084;8172;7443;3996;6264;4176;6174;6174;
iNumb:; 2329;7083;8352;6174;6174;
iNumb:; 2330;3087;8352;6174;6174;
iNumb:; 2331;2088;8532;6174;6174;
iNumb:; 2332;1089;9621;8352;6174;6174;
iNumb:; 2333;999;8991;8082;8532;6174;6174;
iNumb:; 2334;1998;8082;8532;6174;6174;
iNumb:; 2335;2997;7173;6354;3087;8352;6174;6174;
iNumb:; 2336;3996;6264;4176;6174;6174;
iNumb:; 2337;4995;5355;1998;8082;8532;6174;6174;
iNumb:; 2338;5994;5355;1998;8082;8532;6174;6174;
iNumb:; 2339;6993;6264;4176;6174;6174;
iNumb:; 2340;4086;8172;7443;3996;6264;4176;6174;6174;
iNumb:; 2341;3087;8352;6174;6174;
iNumb:; 2342;2088;8532;6174;6174;
iNumb:; 2343;1998;8082;8532;6174;6174;
iNumb:; 2344;2088;8532;6174;6174;
iNumb:; 2345;3087;8352;6174;6174;
iNumb:; 2346;4086;8172;7443;3996;6264;4176;6174;6174;
iNumb:; 2347;5085;7992;7173;6354;3087;8352;6174;6174;
iNumb:; 2348;6084;8172;7443;3996;6264;4176;6174;6174;
iNumb:; 2349;7083;8352;6174;6174;
iNumb:; 2350;5085;7992;7173;6354;3087;8352;6174;6174;
iNumb:; 2351;4086;8172;7443;3996;6264;4176;6174;6174;
iNumb:; 2352;3087;8352;6174;6174;
iNumb:; 2353;2997;7173;6354;3087;8352;6174;6174;
iNumb:; 2354;3087;8352;6174;6174;
iNumb:; 2355;3177;6354;3087;8352;6174;6174;
iNumb:; 2356;4176;6174;6174;
iNumb:; 2357;5175;5994;5355;1998;8082;8532;6174;6174;
iNumb:; 2358;6174;6174;
iNumb:; 2359;7173;6354;3087;8352;6174;6174;
iNumb:; 2360;6084;8172;7443;3996;6264;4176;6174;6174;
iNumb:; 2361;5085;7992;7173;6354;3087;8352;6174;6174;
iNumb:; 2362;4086;8172;7443;3996;6264;4176;6174;6174;
iNumb:; 2363;3996;6264;4176;6174;6174;
iNumb:; 2364;4086;8172;7443;3996;6264;4176;6174;6174;
iNumb:; 2365;4176;6174;6174;
iNumb:; 2366;4266;4176;6174;6174;
iNumb:; 2367;5265;3996;6264;4176;6174;6174;
iNumb:; 2368;6264;4176;6174;6174;
iNumb:; 2369;7263;5265;3996;6264;4176;6174;6174;
iNumb:; 2370;7083;8352;6174;6174;
iNumb:; 2371;6084;8172;7443;3996;6264;4176;6174;6174;
iNumb:; 2372;5085;7992;7173;6354;3087;8352;6174;6174;
iNumb:; 2373;4995;5355;1998;8082;8532;6174;6174;
iNumb:; 2374;5085;7992;7173;6354;3087;8352;6174;6174;
iNumb:; 2375;5175;5994;5355;1998;8082;8532;6174;6174;
iNumb:; 2376;5265;3996;6264;4176;6174;6174;
iNumb:; 2377;5355;1998;8082;8532;6174;6174;
iNumb:; 2378;6354;3087;8352;6174;6174;
iNumb:; 2379;7353;4176;6174;6174;
iNumb:; 2380;8082;8532;6174;6174;
iNumb:; 2381;7083;8352;6174;6174;
iNumb:; 2382;6084;8172;7443;3996;6264;4176;6174;6174;
iNumb:; 2383;5994;5355;1998;8082;8532;6174;6174;
iNumb:; 2384;6084;8172;7443;3996;6264;4176;6174;6174;
iNumb:; 2385;6174;6174;
iNumb:; 2386;6264;4176;6174;6174;
iNumb:; 2387;6354;3087;8352;6174;6174;
iNumb:; 2388;6444;1998;8082;8532;6174;6174;
iNumb:; 2389;7443;3996;6264;4176;6174;6174;
iNumb:; 2390;9081;9621;8352;6174;6174;
iNumb:; 2391;8082;8532;6174;6174;
iNumb:; 2392;7083;8352;6174;6174;
iNumb:; 2393;6993;6264;4176;6174;6174;
iNumb:; 2394;7083;8352;6174;6174;
iNumb:; 2395;7173;6354;3087;8352;6174;6174;
iNumb:; 2396;7263;5265;3996;6264;4176;6174;6174;
iNumb:; 2397;7353;4176;6174;6174;
iNumb:; 2398;7443;3996;6264;4176;6174;6174;
iNumb:; 2399;7533;4176;6174;6174;
iNumb:; 2400;4176;6174;6174;
iNumb:; 2401;4086;8172;7443;3996;6264;4176;6174;6174;
iNumb:; 2402;3996;6264;4176;6174;6174;
iNumb:; 2403;4086;8172;7443;3996;6264;4176;6174;6174;
iNumb:; 2404;4176;6174;6174;
iNumb:; 2405;5175;5994;5355;1998;8082;8532;6174;6174;
iNumb:; 2406;6174;6174;
iNumb:; 2407;7173;6354;3087;8352;6174;6174;
iNumb:; 2408;8172;7443;3996;6264;4176;6174;6174;
iNumb:; 2409;9171;8532;6174;6174;
iNumb:; 2410;4086;8172;7443;3996;6264;4176;6174;6174;
iNumb:; 2411;3087;8352;6174;6174;
iNumb:; 2412;2997;7173;6354;3087;8352;6174;6174;
iNumb:; 2413;3087;8352;6174;6174;
iNumb:; 2414;3177;6354;3087;8352;6174;6174;
iNumb:; 2415;4176;6174;6174;
iNumb:; 2416;5175;5994;5355;1998;8082;8532;6174;6174;
iNumb:; 2417;6174;6174;
iNumb:; 2418;7173;6354;3087;8352;6174;6174;
iNumb:; 2419;8172;7443;3996;6264;4176;6174;6174;
iNumb:; 2420;3996;6264;4176;6174;6174;
iNumb:; 2421;2997;7173;6354;3087;8352;6174;6174;
iNumb:; 2422;1998;8082;8532;6174;6174;
iNumb:; 2423;2088;8532;6174;6174;
iNumb:; 2424;2178;7443;3996;6264;4176;6174;6174;
iNumb:; 2425;3177;6354;3087;8352;6174;6174;
iNumb:; 2426;4176;6174;6174;
iNumb:; 2427;5175;5994;5355;1998;8082;8532;6174;6174;
iNumb:; 2428;6174;6174;
iNumb:; 2429;7173;6354;3087;8352;6174;6174;
iNumb:; 2430;4086;8172;7443;3996;6264;4176;6174;6174;
iNumb:; 2431;3087;8352;6174;6174;
iNumb:; 2432;2088;8532;6174;6174;
iNumb:; 2433;1998;8082;8532;6174;6174;
iNumb:; 2434;2088;8532;6174;6174;
iNumb:; 2435;3087;8352;6174;6174;
iNumb:; 2436;4086;8172;7443;3996;6264;4176;6174;6174;
iNumb:; 2437;5085;7992;7173;6354;3087;8352;6174;6174;
iNumb:; 2438;6084;8172;7443;3996;6264;4176;6174;6174;
iNumb:; 2439;7083;8352;6174;6174;
iNumb:; 2440;4176;6174;6174;
iNumb:; 2441;3177;6354;3087;8352;6174;6174;
iNumb:; 2442;2178;7443;3996;6264;4176;6174;6174;
iNumb:; 2443;2088;8532;6174;6174;
iNumb:; 2444;1998;8082;8532;6174;6174;
iNumb:; 2445;2997;7173;6354;3087;8352;6174;6174;
iNumb:; 2446;3996;6264;4176;6174;6174;
iNumb:; 2447;4995;5355;1998;8082;8532;6174;6174;
iNumb:; 2448;5994;5355;1998;8082;8532;6174;6174;
iNumb:; 2449;6993;6264;4176;6174;6174;
iNumb:; 2450;5175;5994;5355;1998;8082;8532;6174;6174;
iNumb:; 2451;4176;6174;6174;
iNumb:; 2452;3177;6354;3087;8352;6174;6174;
iNumb:; 2453;3087;8352;6174;6174;
iNumb:; 2454;2997;7173;6354;3087;8352;6174;6174;
iNumb:; 2455;3087;8352;6174;6174;
iNumb:; 2456;4086;8172;7443;3996;6264;4176;6174;6174;
iNumb:; 2457;5085;7992;7173;6354;3087;8352;6174;6174;
iNumb:; 2458;6084;8172;7443;3996;6264;4176;6174;6174;
iNumb:; 2459;7083;8352;6174;6174;
iNumb:; 2460;6174;6174;
iNumb:; 2461;5175;5994;5355;1998;8082;8532;6174;6174;
iNumb:; 2462;4176;6174;6174;
iNumb:; 2463;4086;8172;7443;3996;6264;4176;6174;6174;
iNumb:; 2464;3996;6264;4176;6174;6174;
iNumb:; 2465;4086;8172;7443;3996;6264;4176;6174;6174;
iNumb:; 2466;4176;6174;6174;
iNumb:; 2467;5175;5994;5355;1998;8082;8532;6174;6174;
iNumb:; 2468;6174;6174;
iNumb:; 2469;7173;6354;3087;8352;6174;6174;
iNumb:; 2470;7173;6354;3087;8352;6174;6174;
iNumb:; 2471;6174;6174;
iNumb:; 2472;5175;5994;5355;1998;8082;8532;6174;6174;
iNumb:; 2473;5085;7992;7173;6354;3087;8352;6174;6174;
iNumb:; 2474;4995;5355;1998;8082;8532;6174;6174;
iNumb:; 2475;5085;7992;7173;6354;3087;8352;6174;6174;
iNumb:; 2476;5175;5994;5355;1998;8082;8532;6174;6174;
iNumb:; 2477;5265;3996;6264;4176;6174;6174;
iNumb:; 2478;6264;4176;6174;6174;
iNumb:; 2479;7263;5265;3996;6264;4176;6174;6174;
iNumb:; 2480;8172;7443;3996;6264;4176;6174;6174;
iNumb:; 2481;7173;6354;3087;8352;6174;6174;
iNumb:; 2482;6174;6174;
iNumb:; 2483;6084;8172;7443;3996;6264;4176;6174;6174;
iNumb:; 2484;5994;5355;1998;8082;8532;6174;6174;
iNumb:; 2485;6084;8172;7443;3996;6264;4176;6174;6174;
iNumb:; 2486;6174;6174;
iNumb:; 2487;6264;4176;6174;6174;
iNumb:; 2488;6354;3087;8352;6174;6174;
iNumb:; 2489;7353;4176;6174;6174;
iNumb:; 2490;9171;8532;6174;6174;
iNumb:; 2491;8172;7443;3996;6264;4176;6174;6174;
iNumb:; 2492;7173;6354;3087;8352;6174;6174;
iNumb:; 2493;7083;8352;6174;6174;
iNumb:; 2494;6993;6264;4176;6174;6174;
iNumb:; 2495;7083;8352;6174;6174;
iNumb:; 2496;7173;6354;3087;8352;6174;6174;
iNumb:; 2497;7263;5265;3996;6264;4176;6174;6174;
iNumb:; 2498;7353;4176;6174;6174;
iNumb:; 2499;7443;3996;6264;4176;6174;6174;
iNumb:; 2500;5175;5994;5355;1998;8082;8532;6174;6174;
iNumb:; 2501;5085;7992;7173;6354;3087;8352;6174;6174;
iNumb:; 2502;4995;5355;1998;8082;8532;6174;6174;
iNumb:; 2503;5085;7992;7173;6354;3087;8352;6174;6174;
iNumb:; 2504;5175;5994;5355;1998;8082;8532;6174;6174;
iNumb:; 2505;5265;3996;6264;4176;6174;6174;
iNumb:; 2506;6264;4176;6174;6174;
iNumb:; 2507;7263;5265;3996;6264;4176;6174;6174;
iNumb:; 2508;8262;6354;3087;8352;6174;6174;
iNumb:; 2509;9261;8352;6174;6174;
iNumb:; 2510;5085;7992;7173;6354;3087;8352;6174;6174;
iNumb:; 2511;4086;8172;7443;3996;6264;4176;6174;6174;
iNumb:; 2512;3996;6264;4176;6174;6174;
iNumb:; 2513;4086;8172;7443;3996;6264;4176;6174;6174;
iNumb:; 2514;4176;6174;6174;
iNumb:; 2515;4266;4176;6174;6174;
iNumb:; 2516;5265;3996;6264;4176;6174;6174;
iNumb:; 2517;6264;4176;6174;6174;
iNumb:; 2518;7263;5265;3996;6264;4176;6174;6174;
iNumb:; 2519;8262;6354;3087;8352;6174;6174;
iNumb:; 2520;4995;5355;1998;8082;8532;6174;6174;
iNumb:; 2521;3996;6264;4176;6174;6174;
iNumb:; 2522;2997;7173;6354;3087;8352;6174;6174;
iNumb:; 2523;3087;8352;6174;6174;
iNumb:; 2524;3177;6354;3087;8352;6174;6174;
iNumb:; 2525;3267;5265;3996;6264;4176;6174;6174;
iNumb:; 2526;4266;4176;6174;6174;
iNumb:; 2527;5265;3996;6264;4176;6174;6174;
iNumb:; 2528;6264;4176;6174;6174;
iNumb:; 2529;7263;5265;3996;6264;4176;6174;6174;
iNumb:; 2530;5085;7992;7173;6354;3087;8352;6174;6174;
iNumb:; 2531;4086;8172;7443;3996;6264;4176;6174;6174;
iNumb:; 2532;3087;8352;6174;6174;
iNumb:; 2533;2997;7173;6354;3087;8352;6174;6174;
iNumb:; 2534;3087;8352;6174;6174;
iNumb:; 2535;3177;6354;3087;8352;6174;6174;
iNumb:; 2536;4176;6174;6174;
iNumb:; 2537;5175;5994;5355;1998;8082;8532;6174;6174;
iNumb:; 2538;6174;6174;
iNumb:; 2539;7173;6354;3087;8352;6174;6174;
iNumb:; 2540;5175;5994;5355;1998;8082;8532;6174;6174;
iNumb:; 2541;4176;6174;6174;
iNumb:; 2542;3177;6354;3087;8352;6174;6174;
iNumb:; 2543;3087;8352;6174;6174;
iNumb:; 2544;2997;7173;6354;3087;8352;6174;6174;
iNumb:; 2545;3087;8352;6174;6174;
iNumb:; 2546;4086;8172;7443;3996;6264;4176;6174;6174;
iNumb:; 2547;5085;7992;7173;6354;3087;8352;6174;6174;
iNumb:; 2548;6084;8172;7443;3996;6264;4176;6174;6174;
iNumb:; 2549;7083;8352;6174;6174;
iNumb:; 2550;5265;3996;6264;4176;6174;6174;
iNumb:; 2551;4266;4176;6174;6174;
iNumb:; 2552;3267;5265;3996;6264;4176;6174;6174;
iNumb:; 2553;3177;6354;3087;8352;6174;6174;
iNumb:; 2554;3087;8352;6174;6174;
iNumb:; 2555;2997;7173;6354;3087;8352;6174;6174;
iNumb:; 2556;3996;6264;4176;6174;6174;
iNumb:; 2557;4995;5355;1998;8082;8532;6174;6174;
iNumb:; 2558;5994;5355;1998;8082;8532;6174;6174;
iNumb:; 2559;6993;6264;4176;6174;6174;
iNumb:; 2560;6264;4176;6174;6174;
iNumb:; 2561;5265;3996;6264;4176;6174;6174;
iNumb:; 2562;4266;4176;6174;6174;
iNumb:; 2563;4176;6174;6174;
iNumb:; 2564;4086;8172;7443;3996;6264;4176;6174;6174;
iNumb:; 2565;3996;6264;4176;6174;6174;
iNumb:; 2566;4086;8172;7443;3996;6264;4176;6174;6174;
iNumb:; 2567;5085;7992;7173;6354;3087;8352;6174;6174;
iNumb:; 2568;6084;8172;7443;3996;6264;4176;6174;6174;
iNumb:; 2569;7083;8352;6174;6174;
iNumb:; 2570;7263;5265;3996;6264;4176;6174;6174;
iNumb:; 2571;6264;4176;6174;6174;
iNumb:; 2572;5265;3996;6264;4176;6174;6174;
iNumb:; 2573;5175;5994;5355;1998;8082;8532;6174;6174;
iNumb:; 2574;5085;7992;7173;6354;3087;8352;6174;6174;
iNumb:; 2575;4995;5355;1998;8082;8532;6174;6174;
iNumb:; 2576;5085;7992;7173;6354;3087;8352;6174;6174;
iNumb:; 2577;5175;5994;5355;1998;8082;8532;6174;6174;
iNumb:; 2578;6174;6174;
iNumb:; 2579;7173;6354;3087;8352;6174;6174;
iNumb:; 2580;8262;6354;3087;8352;6174;6174;
iNumb:; 2581;7263;5265;3996;6264;4176;6174;6174;
iNumb:; 2582;6264;4176;6174;6174;
iNumb:; 2583;6174;6174;
iNumb:; 2584;6084;8172;7443;3996;6264;4176;6174;6174;
iNumb:; 2585;5994;5355;1998;8082;8532;6174;6174;
iNumb:; 2586;6084;8172;7443;3996;6264;4176;6174;6174;
iNumb:; 2587;6174;6174;
iNumb:; 2588;6264;4176;6174;6174;
iNumb:; 2589;7263;5265;3996;6264;4176;6174;6174;
iNumb:; 2590;9261;8352;6174;6174;
iNumb:; 2591;8262;6354;3087;8352;6174;6174;
iNumb:; 2592;7263;5265;3996;6264;4176;6174;6174;
iNumb:; 2593;7173;6354;3087;8352;6174;6174;
iNumb:; 2594;7083;8352;6174;6174;
iNumb:; 2595;6993;6264;4176;6174;6174;
iNumb:; 2596;7083;8352;6174;6174;
iNumb:; 2597;7173;6354;3087;8352;6174;6174;
iNumb:; 2598;7263;5265;3996;6264;4176;6174;6174;
iNumb:; 2599;7353;4176;6174;6174;
iNumb:; 2600;6174;6174;
iNumb:; 2601;6084;8172;7443;3996;6264;4176;6174;6174;
iNumb:; 2602;5994;5355;1998;8082;8532;6174;6174;
iNumb:; 2603;6084;8172;7443;3996;6264;4176;6174;6174;
iNumb:; 2604;6174;6174;
iNumb:; 2605;6264;4176;6174;6174;
iNumb:; 2606;6354;3087;8352;6174;6174;
iNumb:; 2607;7353;4176;6174;6174;
iNumb:; 2608;8352;6174;6174;
iNumb:; 2609;9351;8172;7443;3996;6264;4176;6174;6174;
iNumb:; 2610;6084;8172;7443;3996;6264;4176;6174;6174;
iNumb:; 2611;5085;7992;7173;6354;3087;8352;6174;6174;
iNumb:; 2612;4995;5355;1998;8082;8532;6174;6174;
iNumb:; 2613;5085;7992;7173;6354;3087;8352;6174;6174;
iNumb:; 2614;5175;5994;5355;1998;8082;8532;6174;6174;
iNumb:; 2615;5265;3996;6264;4176;6174;6174;
iNumb:; 2616;5355;1998;8082;8532;6174;6174;
iNumb:; 2617;6354;3087;8352;6174;6174;
iNumb:; 2618;7353;4176;6174;6174;
iNumb:; 2619;8352;6174;6174;
iNumb:; 2620;5994;5355;1998;8082;8532;6174;6174;
iNumb:; 2621;4995;5355;1998;8082;8532;6174;6174;
iNumb:; 2622;3996;6264;4176;6174;6174;
iNumb:; 2623;4086;8172;7443;3996;6264;4176;6174;6174;
iNumb:; 2624;4176;6174;6174;
iNumb:; 2625;4266;4176;6174;6174;
iNumb:; 2626;4356;3087;8352;6174;6174;
iNumb:; 2627;5355;1998;8082;8532;6174;6174;
iNumb:; 2628;6354;3087;8352;6174;6174;
iNumb:; 2629;7353;4176;6174;6174;
iNumb:; 2630;6084;8172;7443;3996;6264;4176;6174;6174;
iNumb:; 2631;5085;7992;7173;6354;3087;8352;6174;6174;
iNumb:; 2632;4086;8172;7443;3996;6264;4176;6174;6174;
iNumb:; 2633;3996;6264;4176;6174;6174;
iNumb:; 2634;4086;8172;7443;3996;6264;4176;6174;6174;
iNumb:; 2635;4176;6174;6174;
iNumb:; 2636;4266;4176;6174;6174;
iNumb:; 2637;5265;3996;6264;4176;6174;6174;
iNumb:; 2638;6264;4176;6174;6174;
iNumb:; 2639;7263;5265;3996;6264;4176;6174;6174;
iNumb:; 2640;6174;6174;
iNumb:; 2641;5175;5994;5355;1998;8082;8532;6174;6174;
iNumb:; 2642;4176;6174;6174;
iNumb:; 2643;4086;8172;7443;3996;6264;4176;6174;6174;
iNumb:; 2644;3996;6264;4176;6174;6174;
iNumb:; 2645;4086;8172;7443;3996;6264;4176;6174;6174;
iNumb:; 2646;4176;6174;6174;
iNumb:; 2647;5175;5994;5355;1998;8082;8532;6174;6174;
iNumb:; 2648;6174;6174;
iNumb:; 2649;7173;6354;3087;8352;6174;6174;
iNumb:; 2650;6264;4176;6174;6174;
iNumb:; 2651;5265;3996;6264;4176;6174;6174;
iNumb:; 2652;4266;4176;6174;6174;
iNumb:; 2653;4176;6174;6174;
iNumb:; 2654;4086;8172;7443;3996;6264;4176;6174;6174;
iNumb:; 2655;3996;6264;4176;6174;6174;
iNumb:; 2656;4086;8172;7443;3996;6264;4176;6174;6174;
iNumb:; 2657;5085;7992;7173;6354;3087;8352;6174;6174;
iNumb:; 2658;6084;8172;7443;3996;6264;4176;6174;6174;
iNumb:; 2659;7083;8352;6174;6174;
iNumb:; 2660;6354;3087;8352;6174;6174;
iNumb:; 2661;5355;1998;8082;8532;6174;6174;
iNumb:; 2662;4356;3087;8352;6174;6174;
iNumb:; 2663;4266;4176;6174;6174;
iNumb:; 2664;4176;6174;6174;
iNumb:; 2665;4086;8172;7443;3996;6264;4176;6174;6174;
iNumb:; 2666;3996;6264;4176;6174;6174;
iNumb:; 2667;4995;5355;1998;8082;8532;6174;6174;
iNumb:; 2668;5994;5355;1998;8082;8532;6174;6174;
iNumb:; 2669;6993;6264;4176;6174;6174;
iNumb:; 2670;7353;4176;6174;6174;
iNumb:; 2671;6354;3087;8352;6174;6174;
iNumb:; 2672;5355;1998;8082;8532;6174;6174;
iNumb:; 2673;5265;3996;6264;4176;6174;6174;
iNumb:; 2674;5175;5994;5355;1998;8082;8532;6174;6174;
iNumb:; 2675;5085;7992;7173;6354;3087;8352;6174;6174;
iNumb:; 2676;4995;5355;1998;8082;8532;6174;6174;
iNumb:; 2677;5085;7992;7173;6354;3087;8352;6174;6174;
iNumb:; 2678;6084;8172;7443;3996;6264;4176;6174;6174;
iNumb:; 2679;7083;8352;6174;6174;
iNumb:; 2680;8352;6174;6174;
iNumb:; 2681;7353;4176;6174;6174;
iNumb:; 2682;6354;3087;8352;6174;6174;
iNumb:; 2683;6264;4176;6174;6174;
iNumb:; 2684;6174;6174;
iNumb:; 2685;6084;8172;7443;3996;6264;4176;6174;6174;
iNumb:; 2686;5994;5355;1998;8082;8532;6174;6174;
iNumb:; 2687;6084;8172;7443;3996;6264;4176;6174;6174;
iNumb:; 2688;6174;6174;
iNumb:; 2689;7173;6354;3087;8352;6174;6174;
iNumb:; 2690;9351;8172;7443;3996;6264;4176;6174;6174;
iNumb:; 2691;8352;6174;6174;
iNumb:; 2692;7353;4176;6174;6174;
iNumb:; 2693;7263;5265;3996;6264;4176;6174;6174;
iNumb:; 2694;7173;6354;3087;8352;6174;6174;
iNumb:; 2695;7083;8352;6174;6174;
iNumb:; 2696;6993;6264;4176;6174;6174;
iNumb:; 2697;7083;8352;6174;6174;
iNumb:; 2698;7173;6354;3087;8352;6174;6174;
iNumb:; 2699;7263;5265;3996;6264;4176;6174;6174;
iNumb:; 2700;7173;6354;3087;8352;6174;6174;
iNumb:; 2701;7083;8352;6174;6174;
iNumb:; 2702;6993;6264;4176;6174;6174;
iNumb:; 2703;7083;8352;6174;6174;
iNumb:; 2704;7173;6354;3087;8352;6174;6174;
iNumb:; 2705;7263;5265;3996;6264;4176;6174;6174;
iNumb:; 2706;7353;4176;6174;6174;
iNumb:; 2707;7443;3996;6264;4176;6174;6174;
iNumb:; 2708;8442;5994;5355;1998;8082;8532;6174;6174;
iNumb:; 2709;9441;7992;7173;6354;3087;8352;6174;6174;
iNumb:; 2710;7083;8352;6174;6174;
iNumb:; 2711;6084;8172;7443;3996;6264;4176;6174;6174;
iNumb:; 2712;5994;5355;1998;8082;8532;6174;6174;
iNumb:; 2713;6084;8172;7443;3996;6264;4176;6174;6174;
iNumb:; 2714;6174;6174;
iNumb:; 2715;6264;4176;6174;6174;
iNumb:; 2716;6354;3087;8352;6174;6174;
iNumb:; 2717;6444;1998;8082;8532;6174;6174;
iNumb:; 2718;7443;3996;6264;4176;6174;6174;
iNumb:; 2719;8442;5994;5355;1998;8082;8532;6174;6174;
iNumb:; 2720;6993;6264;4176;6174;6174;
iNumb:; 2721;5994;5355;1998;8082;8532;6174;6174;
iNumb:; 2722;4995;5355;1998;8082;8532;6174;6174;
iNumb:; 2723;5085;7992;7173;6354;3087;8352;6174;6174;
iNumb:; 2724;5175;5994;5355;1998;8082;8532;6174;6174;
iNumb:; 2725;5265;3996;6264;4176;6174;6174;
iNumb:; 2726;5355;1998;8082;8532;6174;6174;
iNumb:; 2727;5445;1089;9621;8352;6174;6174;
iNumb:; 2728;6444;1998;8082;8532;6174;6174;
iNumb:; 2729;7443;3996;6264;4176;6174;6174;
iNumb:; 2730;7083;8352;6174;6174;
iNumb:; 2731;6084;8172;7443;3996;6264;4176;6174;6174;
iNumb:; 2732;5085;7992;7173;6354;3087;8352;6174;6174;
iNumb:; 2733;4995;5355;1998;8082;8532;6174;6174;
iNumb:; 2734;5085;7992;7173;6354;3087;8352;6174;6174;
iNumb:; 2735;5175;5994;5355;1998;8082;8532;6174;6174;
iNumb:; 2736;5265;3996;6264;4176;6174;6174;
iNumb:; 2737;5355;1998;8082;8532;6174;6174;
iNumb:; 2738;6354;3087;8352;6174;6174;
iNumb:; 2739;7353;4176;6174;6174;
iNumb:; 2740;7173;6354;3087;8352;6174;6174;
iNumb:; 2741;6174;6174;
iNumb:; 2742;5175;5994;5355;1998;8082;8532;6174;6174;
iNumb:; 2743;5085;7992;7173;6354;3087;8352;6174;6174;
iNumb:; 2744;4995;5355;1998;8082;8532;6174;6174;
iNumb:; 2745;5085;7992;7173;6354;3087;8352;6174;6174;
iNumb:; 2746;5175;5994;5355;1998;8082;8532;6174;6174;
iNumb:; 2747;5265;3996;6264;4176;6174;6174;
iNumb:; 2748;6264;4176;6174;6174;
iNumb:; 2749;7263;5265;3996;6264;4176;6174;6174;
iNumb:; 2750;7263;5265;3996;6264;4176;6174;6174;
iNumb:; 2751;6264;4176;6174;6174;
iNumb:; 2752;5265;3996;6264;4176;6174;6174;
iNumb:; 2753;5175;5994;5355;1998;8082;8532;6174;6174;
iNumb:; 2754;5085;7992;7173;6354;3087;8352;6174;6174;
iNumb:; 2755;4995;5355;1998;8082;8532;6174;6174;
iNumb:; 2756;5085;7992;7173;6354;3087;8352;6174;6174;
iNumb:; 2757;5175;5994;5355;1998;8082;8532;6174;6174;
iNumb:; 2758;6174;6174;
iNumb:; 2759;7173;6354;3087;8352;6174;6174;
iNumb:; 2760;7353;4176;6174;6174;
iNumb:; 2761;6354;3087;8352;6174;6174;
iNumb:; 2762;5355;1998;8082;8532;6174;6174;
iNumb:; 2763;5265;3996;6264;4176;6174;6174;
iNumb:; 2764;5175;5994;5355;1998;8082;8532;6174;6174;
iNumb:; 2765;5085;7992;7173;6354;3087;8352;6174;6174;
iNumb:; 2766;4995;5355;1998;8082;8532;6174;6174;
iNumb:; 2767;5085;7992;7173;6354;3087;8352;6174;6174;
iNumb:; 2768;6084;8172;7443;3996;6264;4176;6174;6174;
iNumb:; 2769;7083;8352;6174;6174;
iNumb:; 2770;7443;3996;6264;4176;6174;6174;
iNumb:; 2771;6444;1998;8082;8532;6174;6174;
iNumb:; 2772;5445;1089;9621;8352;6174;6174;
iNumb:; 2773;5355;1998;8082;8532;6174;6174;
iNumb:; 2774;5265;3996;6264;4176;6174;6174;
iNumb:; 2775;5175;5994;5355;1998;8082;8532;6174;6174;
iNumb:; 2776;5085;7992;7173;6354;3087;8352;6174;6174;
iNumb:; 2777;4995;5355;1998;8082;8532;6174;6174;
iNumb:; 2778;5994;5355;1998;8082;8532;6174;6174;
iNumb:; 2779;6993;6264;4176;6174;6174;
iNumb:; 2780;8442;5994;5355;1998;8082;8532;6174;6174;
iNumb:; 2781;7443;3996;6264;4176;6174;6174;
iNumb:; 2782;6444;1998;8082;8532;6174;6174;
iNumb:; 2783;6354;3087;8352;6174;6174;
iNumb:; 2784;6264;4176;6174;6174;
iNumb:; 2785;6174;6174;
iNumb:; 2786;6084;8172;7443;3996;6264;4176;6174;6174;
iNumb:; 2787;5994;5355;1998;8082;8532;6174;6174;
iNumb:; 2788;6084;8172;7443;3996;6264;4176;6174;6174;
iNumb:; 2789;7083;8352;6174;6174;
iNumb:; 2790;9441;7992;7173;6354;3087;8352;6174;6174;
iNumb:; 2791;8442;5994;5355;1998;8082;8532;6174;6174;
iNumb:; 2792;7443;3996;6264;4176;6174;6174;
iNumb:; 2793;7353;4176;6174;6174;
iNumb:; 2794;7263;5265;3996;6264;4176;6174;6174;
iNumb:; 2795;7173;6354;3087;8352;6174;6174;
iNumb:; 2796;7083;8352;6174;6174;
iNumb:; 2797;6993;6264;4176;6174;6174;
iNumb:; 2798;7083;8352;6174;6174;
iNumb:; 2799;7173;6354;3087;8352;6174;6174;
iNumb:; 2800;8172;7443;3996;6264;4176;6174;6174;
iNumb:; 2801;8082;8532;6174;6174;
iNumb:; 2802;7992;7173;6354;3087;8352;6174;6174;
iNumb:; 2803;8082;8532;6174;6174;
iNumb:; 2804;8172;7443;3996;6264;4176;6174;6174;
iNumb:; 2805;8262;6354;3087;8352;6174;6174;
iNumb:; 2806;8352;6174;6174;
iNumb:; 2807;8442;5994;5355;1998;8082;8532;6174;6174;
iNumb:; 2808;8532;6174;6174;
iNumb:; 2809;9531;8172;7443;3996;6264;4176;6174;6174;
iNumb:; 2810;8082;8532;6174;6174;
iNumb:; 2811;7083;8352;6174;6174;
iNumb:; 2812;6993;6264;4176;6174;6174;
iNumb:; 2813;7083;8352;6174;6174;
iNumb:; 2814;7173;6354;3087;8352;6174;6174;
iNumb:; 2815;7263;5265;3996;6264;4176;6174;6174;
iNumb:; 2816;7353;4176;6174;6174;
iNumb:; 2817;7443;3996;6264;4176;6174;6174;
iNumb:; 2818;7533;4176;6174;6174;
iNumb:; 2819;8532;6174;6174;
iNumb:; 2820;7992;7173;6354;3087;8352;6174;6174;
iNumb:; 2821;6993;6264;4176;6174;6174;
iNumb:; 2822;5994;5355;1998;8082;8532;6174;6174;
iNumb:; 2823;6084;8172;7443;3996;6264;4176;6174;6174;
iNumb:; 2824;6174;6174;
iNumb:; 2825;6264;4176;6174;6174;
iNumb:; 2826;6354;3087;8352;6174;6174;
iNumb:; 2827;6444;1998;8082;8532;6174;6174;
iNumb:; 2828;6534;3087;8352;6174;6174;
iNumb:; 2829;7533;4176;6174;6174;
iNumb:; 2830;8082;8532;6174;6174;
iNumb:; 2831;7083;8352;6174;6174;
iNumb:; 2832;6084;8172;7443;3996;6264;4176;6174;6174;
iNumb:; 2833;5994;5355;1998;8082;8532;6174;6174;
iNumb:; 2834;6084;8172;7443;3996;6264;4176;6174;6174;
iNumb:; 2835;6174;6174;
iNumb:; 2836;6264;4176;6174;6174;
iNumb:; 2837;6354;3087;8352;6174;6174;
iNumb:; 2838;6444;1998;8082;8532;6174;6174;
iNumb:; 2839;7443;3996;6264;4176;6174;6174;
iNumb:; 2840;8172;7443;3996;6264;4176;6174;6174;
iNumb:; 2841;7173;6354;3087;8352;6174;6174;
iNumb:; 2842;6174;6174;
iNumb:; 2843;6084;8172;7443;3996;6264;4176;6174;6174;
iNumb:; 2844;5994;5355;1998;8082;8532;6174;6174;
iNumb:; 2845;6084;8172;7443;3996;6264;4176;6174;6174;
iNumb:; 2846;6174;6174;
iNumb:; 2847;6264;4176;6174;6174;
iNumb:; 2848;6354;3087;8352;6174;6174;
iNumb:; 2849;7353;4176;6174;6174;
iNumb:; 2850;8262;6354;3087;8352;6174;6174;
iNumb:; 2851;7263;5265;3996;6264;4176;6174;6174;
iNumb:; 2852;6264;4176;6174;6174;
iNumb:; 2853;6174;6174;
iNumb:; 2854;6084;8172;7443;3996;6264;4176;6174;6174;
iNumb:; 2855;5994;5355;1998;8082;8532;6174;6174;
iNumb:; 2856;6084;8172;7443;3996;6264;4176;6174;6174;
iNumb:; 2857;6174;6174;
iNumb:; 2858;6264;4176;6174;6174;
iNumb:; 2859;7263;5265;3996;6264;4176;6174;6174;
iNumb:; 2860;8352;6174;6174;
iNumb:; 2861;7353;4176;6174;6174;
iNumb:; 2862;6354;3087;8352;6174;6174;
iNumb:; 2863;6264;4176;6174;6174;
iNumb:; 2864;6174;6174;
iNumb:; 2865;6084;8172;7443;3996;6264;4176;6174;6174;
iNumb:; 2866;5994;5355;1998;8082;8532;6174;6174;
iNumb:; 2867;6084;8172;7443;3996;6264;4176;6174;6174;
iNumb:; 2868;6174;6174;
iNumb:; 2869;7173;6354;3087;8352;6174;6174;
iNumb:; 2870;8442;5994;5355;1998;8082;8532;6174;6174;
iNumb:; 2871;7443;3996;6264;4176;6174;6174;
iNumb:; 2872;6444;1998;8082;8532;6174;6174;
iNumb:; 2873;6354;3087;8352;6174;6174;
iNumb:; 2874;6264;4176;6174;6174;
iNumb:; 2875;6174;6174;
iNumb:; 2876;6084;8172;7443;3996;6264;4176;6174;6174;
iNumb:; 2877;5994;5355;1998;8082;8532;6174;6174;
iNumb:; 2878;6084;8172;7443;3996;6264;4176;6174;6174;
iNumb:; 2879;7083;8352;6174;6174;
iNumb:; 2880;8532;6174;6174;
iNumb:; 2881;7533;4176;6174;6174;
iNumb:; 2882;6534;3087;8352;6174;6174;
iNumb:; 2883;6444;1998;8082;8532;6174;6174;
iNumb:; 2884;6354;3087;8352;6174;6174;
iNumb:; 2885;6264;4176;6174;6174;
iNumb:; 2886;6174;6174;
iNumb:; 2887;6084;8172;7443;3996;6264;4176;6174;6174;
iNumb:; 2888;5994;5355;1998;8082;8532;6174;6174;
iNumb:; 2889;6993;6264;4176;6174;6174;
iNumb:; 2890;9531;8172;7443;3996;6264;4176;6174;6174;
iNumb:; 2891;8532;6174;6174;
iNumb:; 2892;7533;4176;6174;6174;
iNumb:; 2893;7443;3996;6264;4176;6174;6174;
iNumb:; 2894;7353;4176;6174;6174;
iNumb:; 2895;7263;5265;3996;6264;4176;6174;6174;
iNumb:; 2896;7173;6354;3087;8352;6174;6174;
iNumb:; 2897;7083;8352;6174;6174;
iNumb:; 2898;6993;6264;4176;6174;6174;
iNumb:; 2899;7083;8352;6174;6174;
iNumb:; 2900;9171;8532;6174;6174;
iNumb:; 2901;9081;9621;8352;6174;6174;
iNumb:; 2902;8991;8082;8532;6174;6174;
iNumb:; 2903;9081;9621;8352;6174;6174;
iNumb:; 2904;9171;8532;6174;6174;
iNumb:; 2905;9261;8352;6174;6174;
iNumb:; 2906;9351;8172;7443;3996;6264;4176;6174;6174;
iNumb:; 2907;9441;7992;7173;6354;3087;8352;6174;6174;
iNumb:; 2908;9531;8172;7443;3996;6264;4176;6174;6174;
iNumb:; 2909;9621;8352;6174;6174;
iNumb:; 2910;9081;9621;8352;6174;6174;
iNumb:; 2911;8082;8532;6174;6174;
iNumb:; 2912;7992;7173;6354;3087;8352;6174;6174;
iNumb:; 2913;8082;8532;6174;6174;
iNumb:; 2914;8172;7443;3996;6264;4176;6174;6174;
iNumb:; 2915;8262;6354;3087;8352;6174;6174;
iNumb:; 2916;8352;6174;6174;
iNumb:; 2917;8442;5994;5355;1998;8082;8532;6174;6174;
iNumb:; 2918;8532;6174;6174;
iNumb:; 2919;8622;6354;3087;8352;6174;6174;
iNumb:; 2920;8991;8082;8532;6174;6174;
iNumb:; 2921;7992;7173;6354;3087;8352;6174;6174;
iNumb:; 2922;6993;6264;4176;6174;6174;
iNumb:; 2923;7083;8352;6174;6174;
iNumb:; 2924;7173;6354;3087;8352;6174;6174;
iNumb:; 2925;7263;5265;3996;6264;4176;6174;6174;
iNumb:; 2926;7353;4176;6174;6174;
iNumb:; 2927;7443;3996;6264;4176;6174;6174;
iNumb:; 2928;7533;4176;6174;6174;
iNumb:; 2929;7623;5265;3996;6264;4176;6174;6174;
iNumb:; 2930;9081;9621;8352;6174;6174;
iNumb:; 2931;8082;8532;6174;6174;
iNumb:; 2932;7083;8352;6174;6174;
iNumb:; 2933;6993;6264;4176;6174;6174;
iNumb:; 2934;7083;8352;6174;6174;
iNumb:; 2935;7173;6354;3087;8352;6174;6174;
iNumb:; 2936;7263;5265;3996;6264;4176;6174;6174;
iNumb:; 2937;7353;4176;6174;6174;
iNumb:; 2938;7443;3996;6264;4176;6174;6174;
iNumb:; 2939;7533;4176;6174;6174;
iNumb:; 2940;9171;8532;6174;6174;
iNumb:; 2941;8172;7443;3996;6264;4176;6174;6174;
iNumb:; 2942;7173;6354;3087;8352;6174;6174;
iNumb:; 2943;7083;8352;6174;6174;
iNumb:; 2944;6993;6264;4176;6174;6174;
iNumb:; 2945;7083;8352;6174;6174;
iNumb:; 2946;7173;6354;3087;8352;6174;6174;
iNumb:; 2947;7263;5265;3996;6264;4176;6174;6174;
iNumb:; 2948;7353;4176;6174;6174;
iNumb:; 2949;7443;3996;6264;4176;6174;6174;
iNumb:; 2950;9261;8352;6174;6174;
iNumb:; 2951;8262;6354;3087;8352;6174;6174;
iNumb:; 2952;7263;5265;3996;6264;4176;6174;6174;
iNumb:; 2953;7173;6354;3087;8352;6174;6174;
iNumb:; 2954;7083;8352;6174;6174;
iNumb:; 2955;6993;6264;4176;6174;6174;
iNumb:; 2956;7083;8352;6174;6174;
iNumb:; 2957;7173;6354;3087;8352;6174;6174;
iNumb:; 2958;7263;5265;3996;6264;4176;6174;6174;
iNumb:; 2959;7353;4176;6174;6174;
iNumb:; 2960;9351;8172;7443;3996;6264;4176;6174;6174;
iNumb:; 2961;8352;6174;6174;
iNumb:; 2962;7353;4176;6174;6174;
iNumb:; 2963;7263;5265;3996;6264;4176;6174;6174;
iNumb:; 2964;7173;6354;3087;8352;6174;6174;
iNumb:; 2965;7083;8352;6174;6174;
iNumb:; 2966;6993;6264;4176;6174;6174;
iNumb:; 2967;7083;8352;6174;6174;
iNumb:; 2968;7173;6354;3087;8352;6174;6174;
iNumb:; 2969;7263;5265;3996;6264;4176;6174;6174;
iNumb:; 2970;9441;7992;7173;6354;3087;8352;6174;6174;
iNumb:; 2971;8442;5994;5355;1998;8082;8532;6174;6174;
iNumb:; 2972;7443;3996;6264;4176;6174;6174;
iNumb:; 2973;7353;4176;6174;6174;
iNumb:; 2974;7263;5265;3996;6264;4176;6174;6174;
iNumb:; 2975;7173;6354;3087;8352;6174;6174;
iNumb:; 2976;7083;8352;6174;6174;
iNumb:; 2977;6993;6264;4176;6174;6174;
iNumb:; 2978;7083;8352;6174;6174;
iNumb:; 2979;7173;6354;3087;8352;6174;6174;
iNumb:; 2980;9531;8172;7443;3996;6264;4176;6174;6174;
iNumb:; 2981;8532;6174;6174;
iNumb:; 2982;7533;4176;6174;6174;
iNumb:; 2983;7443;3996;6264;4176;6174;6174;
iNumb:; 2984;7353;4176;6174;6174;
iNumb:; 2985;7263;5265;3996;6264;4176;6174;6174;
iNumb:; 2986;7173;6354;3087;8352;6174;6174;
iNumb:; 2987;7083;8352;6174;6174;
iNumb:; 2988;6993;6264;4176;6174;6174;
iNumb:; 2989;7083;8352;6174;6174;
iNumb:; 2990;9621;8352;6174;6174;
iNumb:; 2991;8622;6354;3087;8352;6174;6174;
iNumb:; 2992;7623;5265;3996;6264;4176;6174;6174;
iNumb:; 2993;7533;4176;6174;6174;
iNumb:; 2994;7443;3996;6264;4176;6174;6174;
iNumb:; 2995;7353;4176;6174;6174;
iNumb:; 2996;7263;5265;3996;6264;4176;6174;6174;
iNumb:; 2997;7173;6354;3087;8352;6174;6174;
iNumb:; 2998;7083;8352;6174;6174;
iNumb:; 2999;6993;6264;4176;6174;6174;
iNumb:; 3000;2997;7173;6354;3087;8352;6174;6174;
iNumb:; 3001;3087;8352;6174;6174;
iNumb:; 3002;3177;6354;3087;8352;6174;6174;
iNumb:; 3003;3267;5265;3996;6264;4176;6174;6174;
iNumb:; 3004;4266;4176;6174;6174;
iNumb:; 3005;5265;3996;6264;4176;6174;6174;
iNumb:; 3006;6264;4176;6174;6174;
iNumb:; 3007;7263;5265;3996;6264;4176;6174;6174;
iNumb:; 3008;8262;6354;3087;8352;6174;6174;
iNumb:; 3009;9261;8352;6174;6174;
iNumb:; 3010;3087;8352;6174;6174;
iNumb:; 3011;2997;7173;6354;3087;8352;6174;6174;
iNumb:; 3012;3087;8352;6174;6174;
iNumb:; 3013;3177;6354;3087;8352;6174;6174;
iNumb:; 3014;4176;6174;6174;
iNumb:; 3015;5175;5994;5355;1998;8082;8532;6174;6174;
iNumb:; 3016;6174;6174;
iNumb:; 3017;7173;6354;3087;8352;6174;6174;
iNumb:; 3018;8172;7443;3996;6264;4176;6174;6174;
iNumb:; 3019;9171;8532;6174;6174;
iNumb:; 3020;3177;6354;3087;8352;6174;6174;
iNumb:; 3021;3087;8352;6174;6174;
iNumb:; 3022;2997;7173;6354;3087;8352;6174;6174;
iNumb:; 3023;3087;8352;6174;6174;
iNumb:; 3024;4086;8172;7443;3996;6264;4176;6174;6174;
iNumb:; 3025;5085;7992;7173;6354;3087;8352;6174;6174;
iNumb:; 3026;6084;8172;7443;3996;6264;4176;6174;6174;
iNumb:; 3027;7083;8352;6174;6174;
iNumb:; 3028;8082;8532;6174;6174;
iNumb:; 3029;9081;9621;8352;6174;6174;
iNumb:; 3030;3267;5265;3996;6264;4176;6174;6174;
iNumb:; 3031;3177;6354;3087;8352;6174;6174;
iNumb:; 3032;3087;8352;6174;6174;
iNumb:; 3033;2997;7173;6354;3087;8352;6174;6174;
iNumb:; 3034;3996;6264;4176;6174;6174;
iNumb:; 3035;4995;5355;1998;8082;8532;6174;6174;
iNumb:; 3036;5994;5355;1998;8082;8532;6174;6174;
iNumb:; 3037;6993;6264;4176;6174;6174;
iNumb:; 3038;7992;7173;6354;3087;8352;6174;6174;
iNumb:; 3039;8991;8082;8532;6174;6174;
iNumb:; 3040;4266;4176;6174;6174;
iNumb:; 3041;4176;6174;6174;
iNumb:; 3042;4086;8172;7443;3996;6264;4176;6174;6174;
iNumb:; 3043;3996;6264;4176;6174;6174;
iNumb:; 3044;4086;8172;7443;3996;6264;4176;6174;6174;
iNumb:; 3045;5085;7992;7173;6354;3087;8352;6174;6174;
iNumb:; 3046;6084;8172;7443;3996;6264;4176;6174;6174;
iNumb:; 3047;7083;8352;6174;6174;
iNumb:; 3048;8082;8532;6174;6174;
iNumb:; 3049;9081;9621;8352;6174;6174;
iNumb:; 3050;5265;3996;6264;4176;6174;6174;
iNumb:; 3051;5175;5994;5355;1998;8082;8532;6174;6174;
iNumb:; 3052;5085;7992;7173;6354;3087;8352;6174;6174;
iNumb:; 3053;4995;5355;1998;8082;8532;6174;6174;
iNumb:; 3054;5085;7992;7173;6354;3087;8352;6174;6174;
iNumb:; 3055;5175;5994;5355;1998;8082;8532;6174;6174;
iNumb:; 3056;6174;6174;
iNumb:; 3057;7173;6354;3087;8352;6174;6174;
iNumb:; 3058;8172;7443;3996;6264;4176;6174;6174;
iNumb:; 3059;9171;8532;6174;6174;
iNumb:; 3060;6264;4176;6174;6174;
iNumb:; 3061;6174;6174;
iNumb:; 3062;6084;8172;7443;3996;6264;4176;6174;6174;
iNumb:; 3063;5994;5355;1998;8082;8532;6174;6174;
iNumb:; 3064;6084;8172;7443;3996;6264;4176;6174;6174;
iNumb:; 3065;6174;6174;
iNumb:; 3066;6264;4176;6174;6174;
iNumb:; 3067;7263;5265;3996;6264;4176;6174;6174;
iNumb:; 3068;8262;6354;3087;8352;6174;6174;
iNumb:; 3069;9261;8352;6174;6174;
iNumb:; 3070;7263;5265;3996;6264;4176;6174;6174;
iNumb:; 3071;7173;6354;3087;8352;6174;6174;
iNumb:; 3072;7083;8352;6174;6174;
iNumb:; 3073;6993;6264;4176;6174;6174;
iNumb:; 3074;7083;8352;6174;6174;
iNumb:; 3075;7173;6354;3087;8352;6174;6174;
iNumb:; 3076;7263;5265;3996;6264;4176;6174;6174;
iNumb:; 3077;7353;4176;6174;6174;
iNumb:; 3078;8352;6174;6174;
iNumb:; 3079;9351;8172;7443;3996;6264;4176;6174;6174;
iNumb:; 3080;8262;6354;3087;8352;6174;6174;
iNumb:; 3081;8172;7443;3996;6264;4176;6174;6174;
iNumb:; 3082;8082;8532;6174;6174;
iNumb:; 3083;7992;7173;6354;3087;8352;6174;6174;
iNumb:; 3084;8082;8532;6174;6174;
iNumb:; 3085;8172;7443;3996;6264;4176;6174;6174;
iNumb:; 3086;8262;6354;3087;8352;6174;6174;
iNumb:; 3087;8352;6174;6174;
iNumb:; 3088;8442;5994;5355;1998;8082;8532;6174;6174;
iNumb:; 3089;9441;7992;7173;6354;3087;8352;6174;6174;
iNumb:; 3090;9261;8352;6174;6174;
iNumb:; 3091;9171;8532;6174;6174;
iNumb:; 3092;9081;9621;8352;6174;6174;
iNumb:; 3093;8991;8082;8532;6174;6174;
iNumb:; 3094;9081;9621;8352;6174;6174;
iNumb:; 3095;9171;8532;6174;6174;
iNumb:; 3096;9261;8352;6174;6174;
iNumb:; 3097;9351;8172;7443;3996;6264;4176;6174;6174;
iNumb:; 3098;9441;7992;7173;6354;3087;8352;6174;6174;
iNumb:; 3099;9531;8172;7443;3996;6264;4176;6174;6174;
iNumb:; 3100;3087;8352;6174;6174;
iNumb:; 3101;2997;7173;6354;3087;8352;6174;6174;
iNumb:; 3102;3087;8352;6174;6174;
iNumb:; 3103;3177;6354;3087;8352;6174;6174;
iNumb:; 3104;4176;6174;6174;
iNumb:; 3105;5175;5994;5355;1998;8082;8532;6174;6174;
iNumb:; 3106;6174;6174;
iNumb:; 3107;7173;6354;3087;8352;6174;6174;
iNumb:; 3108;8172;7443;3996;6264;4176;6174;6174;
iNumb:; 3109;9171;8532;6174;6174;
iNumb:; 3110;2997;7173;6354;3087;8352;6174;6174;
iNumb:; 3111;1998;8082;8532;6174;6174;
iNumb:; 3112;2088;8532;6174;6174;
iNumb:; 3113;2178;7443;3996;6264;4176;6174;6174;
iNumb:; 3114;3177;6354;3087;8352;6174;6174;
iNumb:; 3115;4176;6174;6174;
iNumb:; 3116;5175;5994;5355;1998;8082;8532;6174;6174;
iNumb:; 3117;6174;6174;
iNumb:; 3118;7173;6354;3087;8352;6174;6174;
iNumb:; 3119;8172;7443;3996;6264;4176;6174;6174;
iNumb:; 3120;3087;8352;6174;6174;
iNumb:; 3121;2088;8532;6174;6174;
iNumb:; 3122;1998;8082;8532;6174;6174;
iNumb:; 3123;2088;8532;6174;6174;
iNumb:; 3124;3087;8352;6174;6174;
iNumb:; 3125;4086;8172;7443;3996;6264;4176;6174;6174;
iNumb:; 3126;5085;7992;7173;6354;3087;8352;6174;6174;
iNumb:; 3127;6084;8172;7443;3996;6264;4176;6174;6174;
iNumb:; 3128;7083;8352;6174;6174;
iNumb:; 3129;8082;8532;6174;6174;
iNumb:; 3130;3177;6354;3087;8352;6174;6174;
iNumb:; 3131;2178;7443;3996;6264;4176;6174;6174;
iNumb:; 3132;2088;8532;6174;6174;
iNumb:; 3133;1998;8082;8532;6174;6174;
iNumb:; 3134;2997;7173;6354;3087;8352;6174;6174;
iNumb:; 3135;3996;6264;4176;6174;6174;
iNumb:; 3136;4995;5355;1998;8082;8532;6174;6174;
iNumb:; 3137;5994;5355;1998;8082;8532;6174;6174;
iNumb:; 3138;6993;6264;4176;6174;6174;
iNumb:; 3139;7992;7173;6354;3087;8352;6174;6174;
iNumb:; 3140;4176;6174;6174;
iNumb:; 3141;3177;6354;3087;8352;6174;6174;
iNumb:; 3142;3087;8352;6174;6174;
iNumb:; 3143;2997;7173;6354;3087;8352;6174;6174;
iNumb:; 3144;3087;8352;6174;6174;
iNumb:; 3145;4086;8172;7443;3996;6264;4176;6174;6174;
iNumb:; 3146;5085;7992;7173;6354;3087;8352;6174;6174;
iNumb:; 3147;6084;8172;7443;3996;6264;4176;6174;6174;
iNumb:; 3148;7083;8352;6174;6174;
iNumb:; 3149;8082;8532;6174;6174;
iNumb:; 3150;5175;5994;5355;1998;8082;8532;6174;6174;
iNumb:; 3151;4176;6174;6174;
iNumb:; 3152;4086;8172;7443;3996;6264;4176;6174;6174;
iNumb:; 3153;3996;6264;4176;6174;6174;
iNumb:; 3154;4086;8172;7443;3996;6264;4176;6174;6174;
iNumb:; 3155;4176;6174;6174;
iNumb:; 3156;5175;5994;5355;1998;8082;8532;6174;6174;
iNumb:; 3157;6174;6174;
iNumb:; 3158;7173;6354;3087;8352;6174;6174;
iNumb:; 3159;8172;7443;3996;6264;4176;6174;6174;
iNumb:; 3160;6174;6174;
iNumb:; 3161;5175;5994;5355;1998;8082;8532;6174;6174;
iNumb:; 3162;5085;7992;7173;6354;3087;8352;6174;6174;
iNumb:; 3163;4995;5355;1998;8082;8532;6174;6174;
iNumb:; 3164;5085;7992;7173;6354;3087;8352;6174;6174;
iNumb:; 3165;5175;5994;5355;1998;8082;8532;6174;6174;
iNumb:; 3166;5265;3996;6264;4176;6174;6174;
iNumb:; 3167;6264;4176;6174;6174;
iNumb:; 3168;7263;5265;3996;6264;4176;6174;6174;
iNumb:; 3169;8262;6354;3087;8352;6174;6174;
iNumb:; 3170;7173;6354;3087;8352;6174;6174;
iNumb:; 3171;6174;6174;
iNumb:; 3172;6084;8172;7443;3996;6264;4176;6174;6174;
iNumb:; 3173;5994;5355;1998;8082;8532;6174;6174;
iNumb:; 3174;6084;8172;7443;3996;6264;4176;6174;6174;
iNumb:; 3175;6174;6174;
iNumb:; 3176;6264;4176;6174;6174;
iNumb:; 3177;6354;3087;8352;6174;6174;
iNumb:; 3178;7353;4176;6174;6174;
iNumb:; 3179;8352;6174;6174;
iNumb:; 3180;8172;7443;3996;6264;4176;6174;6174;
iNumb:; 3181;7173;6354;3087;8352;6174;6174;
iNumb:; 3182;7083;8352;6174;6174;
iNumb:; 3183;6993;6264;4176;6174;6174;
iNumb:; 3184;7083;8352;6174;6174;
iNumb:; 3185;7173;6354;3087;8352;6174;6174;
iNumb:; 3186;7263;5265;3996;6264;4176;6174;6174;
iNumb:; 3187;7353;4176;6174;6174;
iNumb:; 3188;7443;3996;6264;4176;6174;6174;
iNumb:; 3189;8442;5994;5355;1998;8082;8532;6174;6174;
iNumb:; 3190;9171;8532;6174;6174;
iNumb:; 3191;8172;7443;3996;6264;4176;6174;6174;
iNumb:; 3192;8082;8532;6174;6174;
iNumb:; 3193;7992;7173;6354;3087;8352;6174;6174;
iNumb:; 3194;8082;8532;6174;6174;
iNumb:; 3195;8172;7443;3996;6264;4176;6174;6174;
iNumb:; 3196;8262;6354;3087;8352;6174;6174;
iNumb:; 3197;8352;6174;6174;
iNumb:; 3198;8442;5994;5355;1998;8082;8532;6174;6174;
iNumb:; 3199;8532;6174;6174;
iNumb:; 3200;3177;6354;3087;8352;6174;6174;
iNumb:; 3201;3087;8352;6174;6174;
iNumb:; 3202;2997;7173;6354;3087;8352;6174;6174;
iNumb:; 3203;3087;8352;6174;6174;
iNumb:; 3204;4086;8172;7443;3996;6264;4176;6174;6174;
iNumb:; 3205;5085;7992;7173;6354;3087;8352;6174;6174;
iNumb:; 3206;6084;8172;7443;3996;6264;4176;6174;6174;
iNumb:; 3207;7083;8352;6174;6174;
iNumb:; 3208;8082;8532;6174;6174;
iNumb:; 3209;9081;9621;8352;6174;6174;
iNumb:; 3210;3087;8352;6174;6174;
iNumb:; 3211;2088;8532;6174;6174;
iNumb:; 3212;1998;8082;8532;6174;6174;
iNumb:; 3213;2088;8532;6174;6174;
iNumb:; 3214;3087;8352;6174;6174;
iNumb:; 3215;4086;8172;7443;3996;6264;4176;6174;6174;
iNumb:; 3216;5085;7992;7173;6354;3087;8352;6174;6174;
iNumb:; 3217;6084;8172;7443;3996;6264;4176;6174;6174;
iNumb:; 3218;7083;8352;6174;6174;
iNumb:; 3219;8082;8532;6174;6174;
iNumb:; 3220;2997;7173;6354;3087;8352;6174;6174;
iNumb:; 3221;1998;8082;8532;6174;6174;
iNumb:; 3222;999;8991;8082;8532;6174;6174;
iNumb:; 3223;1089;9621;8352;6174;6174;
iNumb:; 3224;2088;8532;6174;6174;
iNumb:; 3225;3087;8352;6174;6174;
iNumb:; 3226;4086;8172;7443;3996;6264;4176;6174;6174;
iNumb:; 3227;5085;7992;7173;6354;3087;8352;6174;6174;
iNumb:; 3228;6084;8172;7443;3996;6264;4176;6174;6174;
iNumb:; 3229;7083;8352;6174;6174;
iNumb:; 3230;3087;8352;6174;6174;
iNumb:; 3231;2088;8532;6174;6174;
iNumb:; 3232;1089;9621;8352;6174;6174;
iNumb:; 3233;999;8991;8082;8532;6174;6174;
iNumb:; 3234;1998;8082;8532;6174;6174;
iNumb:; 3235;2997;7173;6354;3087;8352;6174;6174;
iNumb:; 3236;3996;6264;4176;6174;6174;
iNumb:; 3237;4995;5355;1998;8082;8532;6174;6174;
iNumb:; 3238;5994;5355;1998;8082;8532;6174;6174;
iNumb:; 3239;6993;6264;4176;6174;6174;
iNumb:; 3240;4086;8172;7443;3996;6264;4176;6174;6174;
iNumb:; 3241;3087;8352;6174;6174;
iNumb:; 3242;2088;8532;6174;6174;
iNumb:; 3243;1998;8082;8532;6174;6174;
iNumb:; 3244;2088;8532;6174;6174;
iNumb:; 3245;3087;8352;6174;6174;
iNumb:; 3246;4086;8172;7443;3996;6264;4176;6174;6174;
iNumb:; 3247;5085;7992;7173;6354;3087;8352;6174;6174;
iNumb:; 3248;6084;8172;7443;3996;6264;4176;6174;6174;
iNumb:; 3249;7083;8352;6174;6174;
iNumb:; 3250;5085;7992;7173;6354;3087;8352;6174;6174;
iNumb:; 3251;4086;8172;7443;3996;6264;4176;6174;6174;
iNumb:; 3252;3087;8352;6174;6174;
iNumb:; 3253;2997;7173;6354;3087;8352;6174;6174;
iNumb:; 3254;3087;8352;6174;6174;
iNumb:; 3255;3177;6354;3087;8352;6174;6174;
iNumb:; 3256;4176;6174;6174;
iNumb:; 3257;5175;5994;5355;1998;8082;8532;6174;6174;
iNumb:; 3258;6174;6174;
iNumb:; 3259;7173;6354;3087;8352;6174;6174;
iNumb:; 3260;6084;8172;7443;3996;6264;4176;6174;6174;
iNumb:; 3261;5085;7992;7173;6354;3087;8352;6174;6174;
iNumb:; 3262;4086;8172;7443;3996;6264;4176;6174;6174;
iNumb:; 3263;3996;6264;4176;6174;6174;
iNumb:; 3264;4086;8172;7443;3996;6264;4176;6174;6174;
iNumb:; 3265;4176;6174;6174;
iNumb:; 3266;4266;4176;6174;6174;
iNumb:; 3267;5265;3996;6264;4176;6174;6174;
iNumb:; 3268;6264;4176;6174;6174;
iNumb:; 3269;7263;5265;3996;6264;4176;6174;6174;
iNumb:; 3270;7083;8352;6174;6174;
iNumb:; 3271;6084;8172;7443;3996;6264;4176;6174;6174;
iNumb:; 3272;5085;7992;7173;6354;3087;8352;6174;6174;
iNumb:; 3273;4995;5355;1998;8082;8532;6174;6174;
iNumb:; 3274;5085;7992;7173;6354;3087;8352;6174;6174;
iNumb:; 3275;5175;5994;5355;1998;8082;8532;6174;6174;
iNumb:; 3276;5265;3996;6264;4176;6174;6174;
iNumb:; 3277;5355;1998;8082;8532;6174;6174;
iNumb:; 3278;6354;3087;8352;6174;6174;
iNumb:; 3279;7353;4176;6174;6174;
iNumb:; 3280;8082;8532;6174;6174;
iNumb:; 3281;7083;8352;6174;6174;
iNumb:; 3282;6084;8172;7443;3996;6264;4176;6174;6174;
iNumb:; 3283;5994;5355;1998;8082;8532;6174;6174;
iNumb:; 3284;6084;8172;7443;3996;6264;4176;6174;6174;
iNumb:; 3285;6174;6174;
iNumb:; 3286;6264;4176;6174;6174;
iNumb:; 3287;6354;3087;8352;6174;6174;
iNumb:; 3288;6444;1998;8082;8532;6174;6174;
iNumb:; 3289;7443;3996;6264;4176;6174;6174;
iNumb:; 3290;9081;9621;8352;6174;6174;
iNumb:; 3291;8082;8532;6174;6174;
iNumb:; 3292;7083;8352;6174;6174;
iNumb:; 3293;6993;6264;4176;6174;6174;
iNumb:; 3294;7083;8352;6174;6174;
iNumb:; 3295;7173;6354;3087;8352;6174;6174;
iNumb:; 3296;7263;5265;3996;6264;4176;6174;6174;
iNumb:; 3297;7353;4176;6174;6174;
iNumb:; 3298;7443;3996;6264;4176;6174;6174;
iNumb:; 3299;7533;4176;6174;6174;
iNumb:; 3300;3267;5265;3996;6264;4176;6174;6174;
iNumb:; 3301;3177;6354;3087;8352;6174;6174;
iNumb:; 3302;3087;8352;6174;6174;
iNumb:; 3303;2997;7173;6354;3087;8352;6174;6174;
iNumb:; 3304;3996;6264;4176;6174;6174;
iNumb:; 3305;4995;5355;1998;8082;8532;6174;6174;
iNumb:; 3306;5994;5355;1998;8082;8532;6174;6174;
iNumb:; 3307;6993;6264;4176;6174;6174;
iNumb:; 3308;7992;7173;6354;3087;8352;6174;6174;
iNumb:; 3309;8991;8082;8532;6174;6174;
iNumb:; 3310;3177;6354;3087;8352;6174;6174;
iNumb:; 3311;2178;7443;3996;6264;4176;6174;6174;
iNumb:; 3312;2088;8532;6174;6174;
iNumb:; 3313;1998;8082;8532;6174;6174;
iNumb:; 3314;2997;7173;6354;3087;8352;6174;6174;
iNumb:; 3315;3996;6264;4176;6174;6174;
iNumb:; 3316;4995;5355;1998;8082;8532;6174;6174;
iNumb:; 3317;5994;5355;1998;8082;8532;6174;6174;
iNumb:; 3318;6993;6264;4176;6174;6174;
iNumb:; 3319;7992;7173;6354;3087;8352;6174;6174;
iNumb:; 3320;3087;8352;6174;6174;
iNumb:; 3321;2088;8532;6174;6174;
iNumb:; 3322;1089;9621;8352;6174;6174;
iNumb:; 3323;999;8991;8082;8532;6174;6174;
iNumb:; 3324;1998;8082;8532;6174;6174;
iNumb:; 3325;2997;7173;6354;3087;8352;6174;6174;
iNumb:; 3326;3996;6264;4176;6174;6174;
iNumb:; 3327;4995;5355;1998;8082;8532;6174;6174;
iNumb:; 3328;5994;5355;1998;8082;8532;6174;6174;
iNumb:; 3329;6993;6264;4176;6174;6174;
iNumb:; 3330;2997;7173;6354;3087;8352;6174;6174;
iNumb:; 3331;1998;8082;8532;6174;6174;
iNumb:; 3332;999;8991;8082;8532;6174;6174;
iNumb:; 3334;999;8991;8082;8532;6174;6174;
iNumb:; 3335;1998;8082;8532;6174;6174;
iNumb:; 3336;2997;7173;6354;3087;8352;6174;6174;
iNumb:; 3337;3996;6264;4176;6174;6174;
iNumb:; 3338;4995;5355;1998;8082;8532;6174;6174;
iNumb:; 3339;5994;5355;1998;8082;8532;6174;6174;
iNumb:; 3340;3996;6264;4176;6174;6174;
iNumb:; 3341;2997;7173;6354;3087;8352;6174;6174;
iNumb:; 3342;1998;8082;8532;6174;6174;
iNumb:; 3343;999;8991;8082;8532;6174;6174;
iNumb:; 3344;1089;9621;8352;6174;6174;
iNumb:; 3345;2088;8532;6174;6174;
iNumb:; 3346;3087;8352;6174;6174;
iNumb:; 3347;4086;8172;7443;3996;6264;4176;6174;6174;
iNumb:; 3348;5085;7992;7173;6354;3087;8352;6174;6174;
iNumb:; 3349;6084;8172;7443;3996;6264;4176;6174;6174;
iNumb:; 3350;4995;5355;1998;8082;8532;6174;6174;
iNumb:; 3351;3996;6264;4176;6174;6174;
iNumb:; 3352;2997;7173;6354;3087;8352;6174;6174;
iNumb:; 3353;1998;8082;8532;6174;6174;
iNumb:; 3354;2088;8532;6174;6174;
iNumb:; 3355;2178;7443;3996;6264;4176;6174;6174;
iNumb:; 3356;3177;6354;3087;8352;6174;6174;
iNumb:; 3357;4176;6174;6174;
iNumb:; 3358;5175;5994;5355;1998;8082;8532;6174;6174;
iNumb:; 3359;6174;6174;
iNumb:; 3360;5994;5355;1998;8082;8532;6174;6174;
iNumb:; 3361;4995;5355;1998;8082;8532;6174;6174;
iNumb:; 3362;3996;6264;4176;6174;6174;
iNumb:; 3363;2997;7173;6354;3087;8352;6174;6174;
iNumb:; 3364;3087;8352;6174;6174;
iNumb:; 3365;3177;6354;3087;8352;6174;6174;
iNumb:; 3366;3267;5265;3996;6264;4176;6174;6174;
iNumb:; 3367;4266;4176;6174;6174;
iNumb:; 3368;5265;3996;6264;4176;6174;6174;
iNumb:; 3369;6264;4176;6174;6174;
iNumb:; 3370;6993;6264;4176;6174;6174;
iNumb:; 3371;5994;5355;1998;8082;8532;6174;6174;
iNumb:; 3372;4995;5355;1998;8082;8532;6174;6174;
iNumb:; 3373;3996;6264;4176;6174;6174;
iNumb:; 3374;4086;8172;7443;3996;6264;4176;6174;6174;
iNumb:; 3375;4176;6174;6174;
iNumb:; 3376;4266;4176;6174;6174;
iNumb:; 3377;4356;3087;8352;6174;6174;
iNumb:; 3378;5355;1998;8082;8532;6174;6174;
iNumb:; 3379;6354;3087;8352;6174;6174;
iNumb:; 3380;7992;7173;6354;3087;8352;6174;6174;
iNumb:; 3381;6993;6264;4176;6174;6174;
iNumb:; 3382;5994;5355;1998;8082;8532;6174;6174;
iNumb:; 3383;4995;5355;1998;8082;8532;6174;6174;
iNumb:; 3384;5085;7992;7173;6354;3087;8352;6174;6174;
iNumb:; 3385;5175;5994;5355;1998;8082;8532;6174;6174;
iNumb:; 3386;5265;3996;6264;4176;6174;6174;
iNumb:; 3387;5355;1998;8082;8532;6174;6174;
iNumb:; 3388;5445;1089;9621;8352;6174;6174;
iNumb:; 3389;6444;1998;8082;8532;6174;6174;
iNumb:; 3390;8991;8082;8532;6174;6174;
iNumb:; 3391;7992;7173;6354;3087;8352;6174;6174;
iNumb:; 3392;6993;6264;4176;6174;6174;
iNumb:; 3393;5994;5355;1998;8082;8532;6174;6174;
iNumb:; 3394;6084;8172;7443;3996;6264;4176;6174;6174;
iNumb:; 3395;6174;6174;
iNumb:; 3396;6264;4176;6174;6174;
iNumb:; 3397;6354;3087;8352;6174;6174;
iNumb:; 3398;6444;1998;8082;8532;6174;6174;
iNumb:; 3399;6534;3087;8352;6174;6174;
iNumb:; 3400;4266;4176;6174;6174;
iNumb:; 3401;4176;6174;6174;
iNumb:; 3402;4086;8172;7443;3996;6264;4176;6174;6174;
iNumb:; 3403;3996;6264;4176;6174;6174;
iNumb:; 3404;4086;8172;7443;3996;6264;4176;6174;6174;
iNumb:; 3405;5085;7992;7173;6354;3087;8352;6174;6174;
iNumb:; 3406;6084;8172;7443;3996;6264;4176;6174;6174;
iNumb:; 3407;7083;8352;6174;6174;
iNumb:; 3408;8082;8532;6174;6174;
iNumb:; 3409;9081;9621;8352;6174;6174;
iNumb:; 3410;4176;6174;6174;
iNumb:; 3411;3177;6354;3087;8352;6174;6174;
iNumb:; 3412;3087;8352;6174;6174;
iNumb:; 3413;2997;7173;6354;3087;8352;6174;6174;
iNumb:; 3414;3087;8352;6174;6174;
iNumb:; 3415;4086;8172;7443;3996;6264;4176;6174;6174;
iNumb:; 3416;5085;7992;7173;6354;3087;8352;6174;6174;
iNumb:; 3417;6084;8172;7443;3996;6264;4176;6174;6174;
iNumb:; 3418;7083;8352;6174;6174;
iNumb:; 3419;8082;8532;6174;6174;
iNumb:; 3420;4086;8172;7443;3996;6264;4176;6174;6174;
iNumb:; 3421;3087;8352;6174;6174;
iNumb:; 3422;2088;8532;6174;6174;
iNumb:; 3423;1998;8082;8532;6174;6174;
iNumb:; 3424;2088;8532;6174;6174;
iNumb:; 3425;3087;8352;6174;6174;
iNumb:; 3426;4086;8172;7443;3996;6264;4176;6174;6174;
iNumb:; 3427;5085;7992;7173;6354;3087;8352;6174;6174;
iNumb:; 3428;6084;8172;7443;3996;6264;4176;6174;6174;
iNumb:; 3429;7083;8352;6174;6174;
iNumb:; 3430;3996;6264;4176;6174;6174;
iNumb:; 3431;2997;7173;6354;3087;8352;6174;6174;
iNumb:; 3432;1998;8082;8532;6174;6174;
iNumb:; 3433;999;8991;8082;8532;6174;6174;
iNumb:; 3434;1089;9621;8352;6174;6174;
iNumb:; 3435;2088;8532;6174;6174;
iNumb:; 3436;3087;8352;6174;6174;
iNumb:; 3437;4086;8172;7443;3996;6264;4176;6174;6174;
iNumb:; 3438;5085;7992;7173;6354;3087;8352;6174;6174;
iNumb:; 3439;6084;8172;7443;3996;6264;4176;6174;6174;
iNumb:; 3440;4086;8172;7443;3996;6264;4176;6174;6174;
iNumb:; 3441;3087;8352;6174;6174;
iNumb:; 3442;2088;8532;6174;6174;
iNumb:; 3443;1089;9621;8352;6174;6174;
iNumb:; 3444;999;8991;8082;8532;6174;6174;
iNumb:; 3445;1998;8082;8532;6174;6174;
iNumb:; 3446;2997;7173;6354;3087;8352;6174;6174;
iNumb:; 3447;3996;6264;4176;6174;6174;
iNumb:; 3448;4995;5355;1998;8082;8532;6174;6174;
iNumb:; 3449;5994;5355;1998;8082;8532;6174;6174;
iNumb:; 3450;5085;7992;7173;6354;3087;8352;6174;6174;
iNumb:; 3451;4086;8172;7443;3996;6264;4176;6174;6174;
iNumb:; 3452;3087;8352;6174;6174;
iNumb:; 3453;2088;8532;6174;6174;
iNumb:; 3454;1998;8082;8532;6174;6174;
iNumb:; 3455;2088;8532;6174;6174;
iNumb:; 3456;3087;8352;6174;6174;
iNumb:; 3457;4086;8172;7443;3996;6264;4176;6174;6174;
iNumb:; 3458;5085;7992;7173;6354;3087;8352;6174;6174;
iNumb:; 3459;6084;8172;7443;3996;6264;4176;6174;6174;
iNumb:; 3460;6084;8172;7443;3996;6264;4176;6174;6174;
iNumb:; 3461;5085;7992;7173;6354;3087;8352;6174;6174;
iNumb:; 3462;4086;8172;7443;3996;6264;4176;6174;6174;
iNumb:; 3463;3087;8352;6174;6174;
iNumb:; 3464;2997;7173;6354;3087;8352;6174;6174;
iNumb:; 3465;3087;8352;6174;6174;
iNumb:; 3466;3177;6354;3087;8352;6174;6174;
iNumb:; 3467;4176;6174;6174;
iNumb:; 3468;5175;5994;5355;1998;8082;8532;6174;6174;
iNumb:; 3469;6174;6174;
iNumb:; 3470;7083;8352;6174;6174;
iNumb:; 3471;6084;8172;7443;3996;6264;4176;6174;6174;
iNumb:; 3472;5085;7992;7173;6354;3087;8352;6174;6174;
iNumb:; 3473;4086;8172;7443;3996;6264;4176;6174;6174;
iNumb:; 3474;3996;6264;4176;6174;6174;
iNumb:; 3475;4086;8172;7443;3996;6264;4176;6174;6174;
iNumb:; 3476;4176;6174;6174;
iNumb:; 3477;4266;4176;6174;6174;
iNumb:; 3478;5265;3996;6264;4176;6174;6174;
iNumb:; 3479;6264;4176;6174;6174;
iNumb:; 3480;8082;8532;6174;6174;
iNumb:; 3481;7083;8352;6174;6174;
iNumb:; 3482;6084;8172;7443;3996;6264;4176;6174;6174;
iNumb:; 3483;5085;7992;7173;6354;3087;8352;6174;6174;
iNumb:; 3484;4995;5355;1998;8082;8532;6174;6174;
iNumb:; 3485;5085;7992;7173;6354;3087;8352;6174;6174;
iNumb:; 3486;5175;5994;5355;1998;8082;8532;6174;6174;
iNumb:; 3487;5265;3996;6264;4176;6174;6174;
iNumb:; 3488;5355;1998;8082;8532;6174;6174;
iNumb:; 3489;6354;3087;8352;6174;6174;
iNumb:; 3490;9081;9621;8352;6174;6174;
iNumb:; 3491;8082;8532;6174;6174;
iNumb:; 3492;7083;8352;6174;6174;
iNumb:; 3493;6084;8172;7443;3996;6264;4176;6174;6174;
iNumb:; 3494;5994;5355;1998;8082;8532;6174;6174;
iNumb:; 3495;6084;8172;7443;3996;6264;4176;6174;6174;
iNumb:; 3496;6174;6174;
iNumb:; 3497;6264;4176;6174;6174;
iNumb:; 3498;6354;3087;8352;6174;6174;
iNumb:; 3499;6444;1998;8082;8532;6174;6174;
iNumb:; 3500;5265;3996;6264;4176;6174;6174;
iNumb:; 3501;5175;5994;5355;1998;8082;8532;6174;6174;
iNumb:; 3502;5085;7992;7173;6354;3087;8352;6174;6174;
iNumb:; 3503;4995;5355;1998;8082;8532;6174;6174;
iNumb:; 3504;5085;7992;7173;6354;3087;8352;6174;6174;
iNumb:; 3505;5175;5994;5355;1998;8082;8532;6174;6174;
iNumb:; 3506;6174;6174;
iNumb:; 3507;7173;6354;3087;8352;6174;6174;
iNumb:; 3508;8172;7443;3996;6264;4176;6174;6174;
iNumb:; 3509;9171;8532;6174;6174;
iNumb:; 3510;5175;5994;5355;1998;8082;8532;6174;6174;
iNumb:; 3511;4176;6174;6174;
iNumb:; 3512;4086;8172;7443;3996;6264;4176;6174;6174;
iNumb:; 3513;3996;6264;4176;6174;6174;
iNumb:; 3514;4086;8172;7443;3996;6264;4176;6174;6174;
iNumb:; 3515;4176;6174;6174;
iNumb:; 3516;5175;5994;5355;1998;8082;8532;6174;6174;
iNumb:; 3517;6174;6174;
iNumb:; 3518;7173;6354;3087;8352;6174;6174;
iNumb:; 3519;8172;7443;3996;6264;4176;6174;6174;
iNumb:; 3520;5085;7992;7173;6354;3087;8352;6174;6174;
iNumb:; 3521;4086;8172;7443;3996;6264;4176;6174;6174;
iNumb:; 3522;3087;8352;6174;6174;
iNumb:; 3523;2997;7173;6354;3087;8352;6174;6174;
iNumb:; 3524;3087;8352;6174;6174;
iNumb:; 3525;3177;6354;3087;8352;6174;6174;
iNumb:; 3526;4176;6174;6174;
iNumb:; 3527;5175;5994;5355;1998;8082;8532;6174;6174;
iNumb:; 3528;6174;6174;
iNumb:; 3529;7173;6354;3087;8352;6174;6174;
iNumb:; 3530;4995;5355;1998;8082;8532;6174;6174;
iNumb:; 3531;3996;6264;4176;6174;6174;
iNumb:; 3532;2997;7173;6354;3087;8352;6174;6174;
iNumb:; 3533;1998;8082;8532;6174;6174;
iNumb:; 3534;2088;8532;6174;6174;
iNumb:; 3535;2178;7443;3996;6264;4176;6174;6174;
iNumb:; 3536;3177;6354;3087;8352;6174;6174;
iNumb:; 3537;4176;6174;6174;
iNumb:; 3538;5175;5994;5355;1998;8082;8532;6174;6174;
iNumb:; 3539;6174;6174;
iNumb:; 3540;5085;7992;7173;6354;3087;8352;6174;6174;
iNumb:; 3541;4086;8172;7443;3996;6264;4176;6174;6174;
iNumb:; 3542;3087;8352;6174;6174;
iNumb:; 3543;2088;8532;6174;6174;
iNumb:; 3544;1998;8082;8532;6174;6174;
iNumb:; 3545;2088;8532;6174;6174;
iNumb:; 3546;3087;8352;6174;6174;
iNumb:; 3547;4086;8172;7443;3996;6264;4176;6174;6174;
iNumb:; 3548;5085;7992;7173;6354;3087;8352;6174;6174;
iNumb:; 3549;6084;8172;7443;3996;6264;4176;6174;6174;
iNumb:; 3550;5175;5994;5355;1998;8082;8532;6174;6174;
iNumb:; 3551;4176;6174;6174;
iNumb:; 3552;3177;6354;3087;8352;6174;6174;
iNumb:; 3553;2178;7443;3996;6264;4176;6174;6174;
iNumb:; 3554;2088;8532;6174;6174;
iNumb:; 3555;1998;8082;8532;6174;6174;
iNumb:; 3556;2997;7173;6354;3087;8352;6174;6174;
iNumb:; 3557;3996;6264;4176;6174;6174;
iNumb:; 3558;4995;5355;1998;8082;8532;6174;6174;
iNumb:; 3559;5994;5355;1998;8082;8532;6174;6174;
iNumb:; 3560;6174;6174;
iNumb:; 3561;5175;5994;5355;1998;8082;8532;6174;6174;
iNumb:; 3562;4176;6174;6174;
iNumb:; 3563;3177;6354;3087;8352;6174;6174;
iNumb:; 3564;3087;8352;6174;6174;
iNumb:; 3565;2997;7173;6354;3087;8352;6174;6174;
iNumb:; 3566;3087;8352;6174;6174;
iNumb:; 3567;4086;8172;7443;3996;6264;4176;6174;6174;
iNumb:; 3568;5085;7992;7173;6354;3087;8352;6174;6174;
iNumb:; 3569;6084;8172;7443;3996;6264;4176;6174;6174;
iNumb:; 3570;7173;6354;3087;8352;6174;6174;
iNumb:; 3571;6174;6174;
iNumb:; 3572;5175;5994;5355;1998;8082;8532;6174;6174;
iNumb:; 3573;4176;6174;6174;
iNumb:; 3574;4086;8172;7443;3996;6264;4176;6174;6174;
iNumb:; 3575;3996;6264;4176;6174;6174;
iNumb:; 3576;4086;8172;7443;3996;6264;4176;6174;6174;
iNumb:; 3577;4176;6174;6174;
iNumb:; 3578;5175;5994;5355;1998;8082;8532;6174;6174;
iNumb:; 3579;6174;6174;
iNumb:; 3580;8172;7443;3996;6264;4176;6174;6174;
iNumb:; 3581;7173;6354;3087;8352;6174;6174;
iNumb:; 3582;6174;6174;
iNumb:; 3583;5175;5994;5355;1998;8082;8532;6174;6174;
iNumb:; 3584;5085;7992;7173;6354;3087;8352;6174;6174;
iNumb:; 3585;4995;5355;1998;8082;8532;6174;6174;
iNumb:; 3586;5085;7992;7173;6354;3087;8352;6174;6174;
iNumb:; 3587;5175;5994;5355;1998;8082;8532;6174;6174;
iNumb:; 3588;5265;3996;6264;4176;6174;6174;
iNumb:; 3589;6264;4176;6174;6174;
iNumb:; 3590;9171;8532;6174;6174;
iNumb:; 3591;8172;7443;3996;6264;4176;6174;6174;
iNumb:; 3592;7173;6354;3087;8352;6174;6174;
iNumb:; 3593;6174;6174;
iNumb:; 3594;6084;8172;7443;3996;6264;4176;6174;6174;
iNumb:; 3595;5994;5355;1998;8082;8532;6174;6174;
iNumb:; 3596;6084;8172;7443;3996;6264;4176;6174;6174;
iNumb:; 3597;6174;6174;
iNumb:; 3598;6264;4176;6174;6174;
iNumb:; 3599;6354;3087;8352;6174;6174;
iNumb:; 3600;6264;4176;6174;6174;
iNumb:; 3601;6174;6174;
iNumb:; 3602;6084;8172;7443;3996;6264;4176;6174;6174;
iNumb:; 3603;5994;5355;1998;8082;8532;6174;6174;
iNumb:; 3604;6084;8172;7443;3996;6264;4176;6174;6174;
iNumb:; 3605;6174;6174;
iNumb:; 3606;6264;4176;6174;6174;
iNumb:; 3607;7263;5265;3996;6264;4176;6174;6174;
iNumb:; 3608;8262;6354;3087;8352;6174;6174;
iNumb:; 3609;9261;8352;6174;6174;
iNumb:; 3610;6174;6174;
iNumb:; 3611;5175;5994;5355;1998;8082;8532;6174;6174;
iNumb:; 3612;5085;7992;7173;6354;3087;8352;6174;6174;
iNumb:; 3613;4995;5355;1998;8082;8532;6174;6174;
iNumb:; 3614;5085;7992;7173;6354;3087;8352;6174;6174;
iNumb:; 3615;5175;5994;5355;1998;8082;8532;6174;6174;
iNumb:; 3616;5265;3996;6264;4176;6174;6174;
iNumb:; 3617;6264;4176;6174;6174;
iNumb:; 3618;7263;5265;3996;6264;4176;6174;6174;
iNumb:; 3619;8262;6354;3087;8352;6174;6174;
iNumb:; 3620;6084;8172;7443;3996;6264;4176;6174;6174;
iNumb:; 3621;5085;7992;7173;6354;3087;8352;6174;6174;
iNumb:; 3622;4086;8172;7443;3996;6264;4176;6174;6174;
iNumb:; 3623;3996;6264;4176;6174;6174;
iNumb:; 3624;4086;8172;7443;3996;6264;4176;6174;6174;
iNumb:; 3625;4176;6174;6174;
iNumb:; 3626;4266;4176;6174;6174;
iNumb:; 3627;5265;3996;6264;4176;6174;6174;
iNumb:; 3628;6264;4176;6174;6174;
iNumb:; 3629;7263;5265;3996;6264;4176;6174;6174;
iNumb:; 3630;5994;5355;1998;8082;8532;6174;6174;
iNumb:; 3631;4995;5355;1998;8082;8532;6174;6174;
iNumb:; 3632;3996;6264;4176;6174;6174;
iNumb:; 3633;2997;7173;6354;3087;8352;6174;6174;
iNumb:; 3634;3087;8352;6174;6174;
iNumb:; 3635;3177;6354;3087;8352;6174;6174;
iNumb:; 3636;3267;5265;3996;6264;4176;6174;6174;
iNumb:; 3637;4266;4176;6174;6174;
iNumb:; 3638;5265;3996;6264;4176;6174;6174;
iNumb:; 3639;6264;4176;6174;6174;
iNumb:; 3640;6084;8172;7443;3996;6264;4176;6174;6174;
iNumb:; 3641;5085;7992;7173;6354;3087;8352;6174;6174;
iNumb:; 3642;4086;8172;7443;3996;6264;4176;6174;6174;
iNumb:; 3643;3087;8352;6174;6174;
iNumb:; 3644;2997;7173;6354;3087;8352;6174;6174;
iNumb:; 3645;3087;8352;6174;6174;
iNumb:; 3646;3177;6354;3087;8352;6174;6174;
iNumb:; 3647;4176;6174;6174;
iNumb:; 3648;5175;5994;5355;1998;8082;8532;6174;6174;
iNumb:; 3649;6174;6174;
iNumb:; 3650;6174;6174;
iNumb:; 3651;5175;5994;5355;1998;8082;8532;6174;6174;
iNumb:; 3652;4176;6174;6174;
iNumb:; 3653;3177;6354;3087;8352;6174;6174;
iNumb:; 3654;3087;8352;6174;6174;
iNumb:; 3655;2997;7173;6354;3087;8352;6174;6174;
iNumb:; 3656;3087;8352;6174;6174;
iNumb:; 3657;4086;8172;7443;3996;6264;4176;6174;6174;
iNumb:; 3658;5085;7992;7173;6354;3087;8352;6174;6174;
iNumb:; 3659;6084;8172;7443;3996;6264;4176;6174;6174;
iNumb:; 3660;6264;4176;6174;6174;
iNumb:; 3661;5265;3996;6264;4176;6174;6174;
iNumb:; 3662;4266;4176;6174;6174;
iNumb:; 3663;3267;5265;3996;6264;4176;6174;6174;
iNumb:; 3664;3177;6354;3087;8352;6174;6174;
iNumb:; 3665;3087;8352;6174;6174;
iNumb:; 3666;2997;7173;6354;3087;8352;6174;6174;
iNumb:; 3667;3996;6264;4176;6174;6174;
iNumb:; 3668;4995;5355;1998;8082;8532;6174;6174;
iNumb:; 3669;5994;5355;1998;8082;8532;6174;6174;
iNumb:; 3670;7263;5265;3996;6264;4176;6174;6174;
iNumb:; 3671;6264;4176;6174;6174;
iNumb:; 3672;5265;3996;6264;4176;6174;6174;
iNumb:; 3673;4266;4176;6174;6174;
iNumb:; 3674;4176;6174;6174;
iNumb:; 3675;4086;8172;7443;3996;6264;4176;6174;6174;
iNumb:; 3676;3996;6264;4176;6174;6174;
iNumb:; 3677;4086;8172;7443;3996;6264;4176;6174;6174;
iNumb:; 3678;5085;7992;7173;6354;3087;8352;6174;6174;
iNumb:; 3679;6084;8172;7443;3996;6264;4176;6174;6174;
iNumb:; 3680;8262;6354;3087;8352;6174;6174;
iNumb:; 3681;7263;5265;3996;6264;4176;6174;6174;
iNumb:; 3682;6264;4176;6174;6174;
iNumb:; 3683;5265;3996;6264;4176;6174;6174;
iNumb:; 3684;5175;5994;5355;1998;8082;8532;6174;6174;
iNumb:; 3685;5085;7992;7173;6354;3087;8352;6174;6174;
iNumb:; 3686;4995;5355;1998;8082;8532;6174;6174;
iNumb:; 3687;5085;7992;7173;6354;3087;8352;6174;6174;
iNumb:; 3688;5175;5994;5355;1998;8082;8532;6174;6174;
iNumb:; 3689;6174;6174;
iNumb:; 3690;9261;8352;6174;6174;
iNumb:; 3691;8262;6354;3087;8352;6174;6174;
iNumb:; 3692;7263;5265;3996;6264;4176;6174;6174;
iNumb:; 3693;6264;4176;6174;6174;
iNumb:; 3694;6174;6174;
iNumb:; 3695;6084;8172;7443;3996;6264;4176;6174;6174;
iNumb:; 3696;5994;5355;1998;8082;8532;6174;6174;
iNumb:; 3697;6084;8172;7443;3996;6264;4176;6174;6174;
iNumb:; 3698;6174;6174;
iNumb:; 3699;6264;4176;6174;6174;
iNumb:; 3700;7263;5265;3996;6264;4176;6174;6174;
iNumb:; 3701;7173;6354;3087;8352;6174;6174;
iNumb:; 3702;7083;8352;6174;6174;
iNumb:; 3703;6993;6264;4176;6174;6174;
iNumb:; 3704;7083;8352;6174;6174;
iNumb:; 3705;7173;6354;3087;8352;6174;6174;
iNumb:; 3706;7263;5265;3996;6264;4176;6174;6174;
iNumb:; 3707;7353;4176;6174;6174;
iNumb:; 3708;8352;6174;6174;
iNumb:; 3709;9351;8172;7443;3996;6264;4176;6174;6174;
iNumb:; 3710;7173;6354;3087;8352;6174;6174;
iNumb:; 3711;6174;6174;
iNumb:; 3712;6084;8172;7443;3996;6264;4176;6174;6174;
iNumb:; 3713;5994;5355;1998;8082;8532;6174;6174;
iNumb:; 3714;6084;8172;7443;3996;6264;4176;6174;6174;
iNumb:; 3715;6174;6174;
iNumb:; 3716;6264;4176;6174;6174;
iNumb:; 3717;6354;3087;8352;6174;6174;
iNumb:; 3718;7353;4176;6174;6174;
iNumb:; 3719;8352;6174;6174;
iNumb:; 3720;7083;8352;6174;6174;
iNumb:; 3721;6084;8172;7443;3996;6264;4176;6174;6174;
iNumb:; 3722;5085;7992;7173;6354;3087;8352;6174;6174;
iNumb:; 3723;4995;5355;1998;8082;8532;6174;6174;
iNumb:; 3724;5085;7992;7173;6354;3087;8352;6174;6174;
iNumb:; 3725;5175;5994;5355;1998;8082;8532;6174;6174;
iNumb:; 3726;5265;3996;6264;4176;6174;6174;
iNumb:; 3727;5355;1998;8082;8532;6174;6174;
iNumb:; 3728;6354;3087;8352;6174;6174;
iNumb:; 3729;7353;4176;6174;6174;
iNumb:; 3730;6993;6264;4176;6174;6174;
iNumb:; 3731;5994;5355;1998;8082;8532;6174;6174;
iNumb:; 3732;4995;5355;1998;8082;8532;6174;6174;
iNumb:; 3733;3996;6264;4176;6174;6174;
iNumb:; 3734;4086;8172;7443;3996;6264;4176;6174;6174;
iNumb:; 3735;4176;6174;6174;
iNumb:; 3736;4266;4176;6174;6174;
iNumb:; 3737;4356;3087;8352;6174;6174;
iNumb:; 3738;5355;1998;8082;8532;6174;6174;
iNumb:; 3739;6354;3087;8352;6174;6174;
iNumb:; 3740;7083;8352;6174;6174;
iNumb:; 3741;6084;8172;7443;3996;6264;4176;6174;6174;
iNumb:; 3742;5085;7992;7173;6354;3087;8352;6174;6174;
iNumb:; 3743;4086;8172;7443;3996;6264;4176;6174;6174;
iNumb:; 3744;3996;6264;4176;6174;6174;
iNumb:; 3745;4086;8172;7443;3996;6264;4176;6174;6174;
iNumb:; 3746;4176;6174;6174;
iNumb:; 3747;4266;4176;6174;6174;
iNumb:; 3748;5265;3996;6264;4176;6174;6174;
iNumb:; 3749;6264;4176;6174;6174;
iNumb:; 3750;7173;6354;3087;8352;6174;6174;
iNumb:; 3751;6174;6174;
iNumb:; 3752;5175;5994;5355;1998;8082;8532;6174;6174;
iNumb:; 3753;4176;6174;6174;
iNumb:; 3754;4086;8172;7443;3996;6264;4176;6174;6174;
iNumb:; 3755;3996;6264;4176;6174;6174;
iNumb:; 3756;4086;8172;7443;3996;6264;4176;6174;6174;
iNumb:; 3757;4176;6174;6174;
iNumb:; 3758;5175;5994;5355;1998;8082;8532;6174;6174;
iNumb:; 3759;6174;6174;
iNumb:; 3760;7263;5265;3996;6264;4176;6174;6174;
iNumb:; 3761;6264;4176;6174;6174;
iNumb:; 3762;5265;3996;6264;4176;6174;6174;
iNumb:; 3763;4266;4176;6174;6174;
iNumb:; 3764;4176;6174;6174;
iNumb:; 3765;4086;8172;7443;3996;6264;4176;6174;6174;
iNumb:; 3766;3996;6264;4176;6174;6174;
iNumb:; 3767;4086;8172;7443;3996;6264;4176;6174;6174;
iNumb:; 3768;5085;7992;7173;6354;3087;8352;6174;6174;
iNumb:; 3769;6084;8172;7443;3996;6264;4176;6174;6174;
iNumb:; 3770;7353;4176;6174;6174;
iNumb:; 3771;6354;3087;8352;6174;6174;
iNumb:; 3772;5355;1998;8082;8532;6174;6174;
iNumb:; 3773;4356;3087;8352;6174;6174;
iNumb:; 3774;4266;4176;6174;6174;
iNumb:; 3775;4176;6174;6174;
iNumb:; 3776;4086;8172;7443;3996;6264;4176;6174;6174;
iNumb:; 3777;3996;6264;4176;6174;6174;
iNumb:; 3778;4995;5355;1998;8082;8532;6174;6174;
iNumb:; 3779;5994;5355;1998;8082;8532;6174;6174;
iNumb:; 3780;8352;6174;6174;
iNumb:; 3781;7353;4176;6174;6174;
iNumb:; 3782;6354;3087;8352;6174;6174;
iNumb:; 3783;5355;1998;8082;8532;6174;6174;
iNumb:; 3784;5265;3996;6264;4176;6174;6174;
iNumb:; 3785;5175;5994;5355;1998;8082;8532;6174;6174;
iNumb:; 3786;5085;7992;7173;6354;3087;8352;6174;6174;
iNumb:; 3787;4995;5355;1998;8082;8532;6174;6174;
iNumb:; 3788;5085;7992;7173;6354;3087;8352;6174;6174;
iNumb:; 3789;6084;8172;7443;3996;6264;4176;6174;6174;
iNumb:; 3790;9351;8172;7443;3996;6264;4176;6174;6174;
iNumb:; 3791;8352;6174;6174;
iNumb:; 3792;7353;4176;6174;6174;
iNumb:; 3793;6354;3087;8352;6174;6174;
iNumb:; 3794;6264;4176;6174;6174;
iNumb:; 3795;6174;6174;
iNumb:; 3796;6084;8172;7443;3996;6264;4176;6174;6174;
iNumb:; 3797;5994;5355;1998;8082;8532;6174;6174;
iNumb:; 3798;6084;8172;7443;3996;6264;4176;6174;6174;
iNumb:; 3799;6174;6174;
iNumb:; 3800;8262;6354;3087;8352;6174;6174;
iNumb:; 3801;8172;7443;3996;6264;4176;6174;6174;
iNumb:; 3802;8082;8532;6174;6174;
iNumb:; 3803;7992;7173;6354;3087;8352;6174;6174;
iNumb:; 3804;8082;8532;6174;6174;
iNumb:; 3805;8172;7443;3996;6264;4176;6174;6174;
iNumb:; 3806;8262;6354;3087;8352;6174;6174;
iNumb:; 3807;8352;6174;6174;
iNumb:; 3808;8442;5994;5355;1998;8082;8532;6174;6174;
iNumb:; 3809;9441;7992;7173;6354;3087;8352;6174;6174;
iNumb:; 3810;8172;7443;3996;6264;4176;6174;6174;
iNumb:; 3811;7173;6354;3087;8352;6174;6174;
iNumb:; 3812;7083;8352;6174;6174;
iNumb:; 3813;6993;6264;4176;6174;6174;
iNumb:; 3814;7083;8352;6174;6174;
iNumb:; 3815;7173;6354;3087;8352;6174;6174;
iNumb:; 3816;7263;5265;3996;6264;4176;6174;6174;
iNumb:; 3817;7353;4176;6174;6174;
iNumb:; 3818;7443;3996;6264;4176;6174;6174;
iNumb:; 3819;8442;5994;5355;1998;8082;8532;6174;6174;
iNumb:; 3820;8082;8532;6174;6174;
iNumb:; 3821;7083;8352;6174;6174;
iNumb:; 3822;6084;8172;7443;3996;6264;4176;6174;6174;
iNumb:; 3823;5994;5355;1998;8082;8532;6174;6174;
iNumb:; 3824;6084;8172;7443;3996;6264;4176;6174;6174;
iNumb:; 3825;6174;6174;
iNumb:; 3826;6264;4176;6174;6174;
iNumb:; 3827;6354;3087;8352;6174;6174;
iNumb:; 3828;6444;1998;8082;8532;6174;6174;
iNumb:; 3829;7443;3996;6264;4176;6174;6174;
iNumb:; 3830;7992;7173;6354;3087;8352;6174;6174;
iNumb:; 3831;6993;6264;4176;6174;6174;
iNumb:; 3832;5994;5355;1998;8082;8532;6174;6174;
iNumb:; 3833;4995;5355;1998;8082;8532;6174;6174;
iNumb:; 3834;5085;7992;7173;6354;3087;8352;6174;6174;
iNumb:; 3835;5175;5994;5355;1998;8082;8532;6174;6174;
iNumb:; 3836;5265;3996;6264;4176;6174;6174;
iNumb:; 3837;5355;1998;8082;8532;6174;6174;
iNumb:; 3838;5445;1089;9621;8352;6174;6174;
iNumb:; 3839;6444;1998;8082;8532;6174;6174;
iNumb:; 3840;8082;8532;6174;6174;
iNumb:; 3841;7083;8352;6174;6174;
iNumb:; 3842;6084;8172;7443;3996;6264;4176;6174;6174;
iNumb:; 3843;5085;7992;7173;6354;3087;8352;6174;6174;
iNumb:; 3844;4995;5355;1998;8082;8532;6174;6174;
iNumb:; 3845;5085;7992;7173;6354;3087;8352;6174;6174;
iNumb:; 3846;5175;5994;5355;1998;8082;8532;6174;6174;
iNumb:; 3847;5265;3996;6264;4176;6174;6174;
iNumb:; 3848;5355;1998;8082;8532;6174;6174;
iNumb:; 3849;6354;3087;8352;6174;6174;
iNumb:; 3850;8172;7443;3996;6264;4176;6174;6174;
iNumb:; 3851;7173;6354;3087;8352;6174;6174;
iNumb:; 3852;6174;6174;
iNumb:; 3853;5175;5994;5355;1998;8082;8532;6174;6174;
iNumb:; 3854;5085;7992;7173;6354;3087;8352;6174;6174;
iNumb:; 3855;4995;5355;1998;8082;8532;6174;6174;
iNumb:; 3856;5085;7992;7173;6354;3087;8352;6174;6174;
iNumb:; 3857;5175;5994;5355;1998;8082;8532;6174;6174;
iNumb:; 3858;5265;3996;6264;4176;6174;6174;
iNumb:; 3859;6264;4176;6174;6174;
iNumb:; 3860;8262;6354;3087;8352;6174;6174;
iNumb:; 3861;7263;5265;3996;6264;4176;6174;6174;
iNumb:; 3862;6264;4176;6174;6174;
iNumb:; 3863;5265;3996;6264;4176;6174;6174;
iNumb:; 3864;5175;5994;5355;1998;8082;8532;6174;6174;
iNumb:; 3865;5085;7992;7173;6354;3087;8352;6174;6174;
iNumb:; 3866;4995;5355;1998;8082;8532;6174;6174;
iNumb:; 3867;5085;7992;7173;6354;3087;8352;6174;6174;
iNumb:; 3868;5175;5994;5355;1998;8082;8532;6174;6174;
iNumb:; 3869;6174;6174;
iNumb:; 3870;8352;6174;6174;
iNumb:; 3871;7353;4176;6174;6174;
iNumb:; 3872;6354;3087;8352;6174;6174;
iNumb:; 3873;5355;1998;8082;8532;6174;6174;
iNumb:; 3874;5265;3996;6264;4176;6174;6174;
iNumb:; 3875;5175;5994;5355;1998;8082;8532;6174;6174;
iNumb:; 3876;5085;7992;7173;6354;3087;8352;6174;6174;
iNumb:; 3877;4995;5355;1998;8082;8532;6174;6174;
iNumb:; 3878;5085;7992;7173;6354;3087;8352;6174;6174;
iNumb:; 3879;6084;8172;7443;3996;6264;4176;6174;6174;
iNumb:; 3880;8442;5994;5355;1998;8082;8532;6174;6174;
iNumb:; 3881;7443;3996;6264;4176;6174;6174;
iNumb:; 3882;6444;1998;8082;8532;6174;6174;
iNumb:; 3883;5445;1089;9621;8352;6174;6174;
iNumb:; 3884;5355;1998;8082;8532;6174;6174;
iNumb:; 3885;5265;3996;6264;4176;6174;6174;
iNumb:; 3886;5175;5994;5355;1998;8082;8532;6174;6174;
iNumb:; 3887;5085;7992;7173;6354;3087;8352;6174;6174;
iNumb:; 3888;4995;5355;1998;8082;8532;6174;6174;
iNumb:; 3889;5994;5355;1998;8082;8532;6174;6174;
iNumb:; 3890;9441;7992;7173;6354;3087;8352;6174;6174;
iNumb:; 3891;8442;5994;5355;1998;8082;8532;6174;6174;
iNumb:; 3892;7443;3996;6264;4176;6174;6174;
iNumb:; 3893;6444;1998;8082;8532;6174;6174;
iNumb:; 3894;6354;3087;8352;6174;6174;
iNumb:; 3895;6264;4176;6174;6174;
iNumb:; 3896;6174;6174;
iNumb:; 3897;6084;8172;7443;3996;6264;4176;6174;6174;
iNumb:; 3898;5994;5355;1998;8082;8532;6174;6174;
iNumb:; 3899;6084;8172;7443;3996;6264;4176;6174;6174;
iNumb:; 3900;9261;8352;6174;6174;
iNumb:; 3901;9171;8532;6174;6174;
iNumb:; 3902;9081;9621;8352;6174;6174;
iNumb:; 3903;8991;8082;8532;6174;6174;
iNumb:; 3904;9081;9621;8352;6174;6174;
iNumb:; 3905;9171;8532;6174;6174;
iNumb:; 3906;9261;8352;6174;6174;
iNumb:; 3907;9351;8172;7443;3996;6264;4176;6174;6174;
iNumb:; 3908;9441;7992;7173;6354;3087;8352;6174;6174;
iNumb:; 3909;9531;8172;7443;3996;6264;4176;6174;6174;
iNumb:; 3910;9171;8532;6174;6174;
iNumb:; 3911;8172;7443;3996;6264;4176;6174;6174;
iNumb:; 3912;8082;8532;6174;6174;
iNumb:; 3913;7992;7173;6354;3087;8352;6174;6174;
iNumb:; 3914;8082;8532;6174;6174;
iNumb:; 3915;8172;7443;3996;6264;4176;6174;6174;
iNumb:; 3916;8262;6354;3087;8352;6174;6174;
iNumb:; 3917;8352;6174;6174;
iNumb:; 3918;8442;5994;5355;1998;8082;8532;6174;6174;
iNumb:; 3919;8532;6174;6174;
iNumb:; 3920;9081;9621;8352;6174;6174;
iNumb:; 3921;8082;8532;6174;6174;
iNumb:; 3922;7083;8352;6174;6174;
iNumb:; 3923;6993;6264;4176;6174;6174;
iNumb:; 3924;7083;8352;6174;6174;
iNumb:; 3925;7173;6354;3087;8352;6174;6174;
iNumb:; 3926;7263;5265;3996;6264;4176;6174;6174;
iNumb:; 3927;7353;4176;6174;6174;
iNumb:; 3928;7443;3996;6264;4176;6174;6174;
iNumb:; 3929;7533;4176;6174;6174;
iNumb:; 3930;8991;8082;8532;6174;6174;
iNumb:; 3931;7992;7173;6354;3087;8352;6174;6174;
iNumb:; 3932;6993;6264;4176;6174;6174;
iNumb:; 3933;5994;5355;1998;8082;8532;6174;6174;
iNumb:; 3934;6084;8172;7443;3996;6264;4176;6174;6174;
iNumb:; 3935;6174;6174;
iNumb:; 3936;6264;4176;6174;6174;
iNumb:; 3937;6354;3087;8352;6174;6174;
iNumb:; 3938;6444;1998;8082;8532;6174;6174;
iNumb:; 3939;6534;3087;8352;6174;6174;
iNumb:; 3940;9081;9621;8352;6174;6174;
iNumb:; 3941;8082;8532;6174;6174;
iNumb:; 3942;7083;8352;6174;6174;
iNumb:; 3943;6084;8172;7443;3996;6264;4176;6174;6174;
iNumb:; 3944;5994;5355;1998;8082;8532;6174;6174;
iNumb:; 3945;6084;8172;7443;3996;6264;4176;6174;6174;
iNumb:; 3946;6174;6174;
iNumb:; 3947;6264;4176;6174;6174;
iNumb:; 3948;6354;3087;8352;6174;6174;
iNumb:; 3949;6444;1998;8082;8532;6174;6174;
iNumb:; 3950;9171;8532;6174;6174;
iNumb:; 3951;8172;7443;3996;6264;4176;6174;6174;
iNumb:; 3952;7173;6354;3087;8352;6174;6174;
iNumb:; 3953;6174;6174;
iNumb:; 3954;6084;8172;7443;3996;6264;4176;6174;6174;
iNumb:; 3955;5994;5355;1998;8082;8532;6174;6174;
iNumb:; 3956;6084;8172;7443;3996;6264;4176;6174;6174;
iNumb:; 3957;6174;6174;
iNumb:; 3958;6264;4176;6174;6174;
iNumb:; 3959;6354;3087;8352;6174;6174;
iNumb:; 3960;9261;8352;6174;6174;
iNumb:; 3961;8262;6354;3087;8352;6174;6174;
iNumb:; 3962;7263;5265;3996;6264;4176;6174;6174;
iNumb:; 3963;6264;4176;6174;6174;
iNumb:; 3964;6174;6174;
iNumb:; 3965;6084;8172;7443;3996;6264;4176;6174;6174;
iNumb:; 3966;5994;5355;1998;8082;8532;6174;6174;
iNumb:; 3967;6084;8172;7443;3996;6264;4176;6174;6174;
iNumb:; 3968;6174;6174;
iNumb:; 3969;6264;4176;6174;6174;
iNumb:; 3970;9351;8172;7443;3996;6264;4176;6174;6174;
iNumb:; 3971;8352;6174;6174;
iNumb:; 3972;7353;4176;6174;6174;
iNumb:; 3973;6354;3087;8352;6174;6174;
iNumb:; 3974;6264;4176;6174;6174;
iNumb:; 3975;6174;6174;
iNumb:; 3976;6084;8172;7443;3996;6264;4176;6174;6174;
iNumb:; 3977;5994;5355;1998;8082;8532;6174;6174;
iNumb:; 3978;6084;8172;7443;3996;6264;4176;6174;6174;
iNumb:; 3979;6174;6174;
iNumb:; 3980;9441;7992;7173;6354;3087;8352;6174;6174;
iNumb:; 3981;8442;5994;5355;1998;8082;8532;6174;6174;
iNumb:; 3982;7443;3996;6264;4176;6174;6174;
iNumb:; 3983;6444;1998;8082;8532;6174;6174;
iNumb:; 3984;6354;3087;8352;6174;6174;
iNumb:; 3985;6264;4176;6174;6174;
iNumb:; 3986;6174;6174;
iNumb:; 3987;6084;8172;7443;3996;6264;4176;6174;6174;
iNumb:; 3988;5994;5355;1998;8082;8532;6174;6174;
iNumb:; 3989;6084;8172;7443;3996;6264;4176;6174;6174;
iNumb:; 3990;9531;8172;7443;3996;6264;4176;6174;6174;
iNumb:; 3991;8532;6174;6174;
iNumb:; 3992;7533;4176;6174;6174;
iNumb:; 3993;6534;3087;8352;6174;6174;
iNumb:; 3994;6444;1998;8082;8532;6174;6174;
iNumb:; 3995;6354;3087;8352;6174;6174;
iNumb:; 3996;6264;4176;6174;6174;
iNumb:; 3997;6174;6174;
iNumb:; 3998;6084;8172;7443;3996;6264;4176;6174;6174;
iNumb:; 3999;5994;5355;1998;8082;8532;6174;6174;
iNumb:; 4000;3996;6264;4176;6174;6174;
iNumb:; 4001;4086;8172;7443;3996;6264;4176;6174;6174;
iNumb:; 4002;4176;6174;6174;
iNumb:; 4003;4266;4176;6174;6174;
iNumb:; 4004;4356;3087;8352;6174;6174;
iNumb:; 4005;5355;1998;8082;8532;6174;6174;
iNumb:; 4006;6354;3087;8352;6174;6174;
iNumb:; 4007;7353;4176;6174;6174;
iNumb:; 4008;8352;6174;6174;
iNumb:; 4009;9351;8172;7443;3996;6264;4176;6174;6174;
iNumb:; 4010;4086;8172;7443;3996;6264;4176;6174;6174;
iNumb:; 4011;3996;6264;4176;6174;6174;
iNumb:; 4012;4086;8172;7443;3996;6264;4176;6174;6174;
iNumb:; 4013;4176;6174;6174;
iNumb:; 4014;4266;4176;6174;6174;
iNumb:; 4015;5265;3996;6264;4176;6174;6174;
iNumb:; 4016;6264;4176;6174;6174;
iNumb:; 4017;7263;5265;3996;6264;4176;6174;6174;
iNumb:; 4018;8262;6354;3087;8352;6174;6174;
iNumb:; 4019;9261;8352;6174;6174;
iNumb:; 4020;4176;6174;6174;
iNumb:; 4021;4086;8172;7443;3996;6264;4176;6174;6174;
iNumb:; 4022;3996;6264;4176;6174;6174;
iNumb:; 4023;4086;8172;7443;3996;6264;4176;6174;6174;
iNumb:; 4024;4176;6174;6174;
iNumb:; 4025;5175;5994;5355;1998;8082;8532;6174;6174;
iNumb:; 4026;6174;6174;
iNumb:; 4027;7173;6354;3087;8352;6174;6174;
iNumb:; 4028;8172;7443;3996;6264;4176;6174;6174;
iNumb:; 4029;9171;8532;6174;6174;
iNumb:; 4030;4266;4176;6174;6174;
iNumb:; 4031;4176;6174;6174;
iNumb:; 4032;4086;8172;7443;3996;6264;4176;6174;6174;
iNumb:; 4033;3996;6264;4176;6174;6174;
iNumb:; 4034;4086;8172;7443;3996;6264;4176;6174;6174;
iNumb:; 4035;5085;7992;7173;6354;3087;8352;6174;6174;
iNumb:; 4036;6084;8172;7443;3996;6264;4176;6174;6174;
iNumb:; 4037;7083;8352;6174;6174;
iNumb:; 4038;8082;8532;6174;6174;
iNumb:; 4039;9081;9621;8352;6174;6174;
iNumb:; 4040;4356;3087;8352;6174;6174;
iNumb:; 4041;4266;4176;6174;6174;
iNumb:; 4042;4176;6174;6174;
iNumb:; 4043;4086;8172;7443;3996;6264;4176;6174;6174;
iNumb:; 4044;3996;6264;4176;6174;6174;
iNumb:; 4045;4995;5355;1998;8082;8532;6174;6174;
iNumb:; 4046;5994;5355;1998;8082;8532;6174;6174;
iNumb:; 4047;6993;6264;4176;6174;6174;
iNumb:; 4048;7992;7173;6354;3087;8352;6174;6174;
iNumb:; 4049;8991;8082;8532;6174;6174;
iNumb:; 4050;5355;1998;8082;8532;6174;6174;
iNumb:; 4051;5265;3996;6264;4176;6174;6174;
iNumb:; 4052;5175;5994;5355;1998;8082;8532;6174;6174;
iNumb:; 4053;5085;7992;7173;6354;3087;8352;6174;6174;
iNumb:; 4054;4995;5355;1998;8082;8532;6174;6174;
iNumb:; 4055;5085;7992;7173;6354;3087;8352;6174;6174;
iNumb:; 4056;6084;8172;7443;3996;6264;4176;6174;6174;
iNumb:; 4057;7083;8352;6174;6174;
iNumb:; 4058;8082;8532;6174;6174;
iNumb:; 4059;9081;9621;8352;6174;6174;
iNumb:; 4060;6354;3087;8352;6174;6174;
iNumb:; 4061;6264;4176;6174;6174;
iNumb:; 4062;6174;6174;
iNumb:; 4063;6084;8172;7443;3996;6264;4176;6174;6174;
iNumb:; 4064;5994;5355;1998;8082;8532;6174;6174;
iNumb:; 4065;6084;8172;7443;3996;6264;4176;6174;6174;
iNumb:; 4066;6174;6174;
iNumb:; 4067;7173;6354;3087;8352;6174;6174;
iNumb:; 4068;8172;7443;3996;6264;4176;6174;6174;
iNumb:; 4069;9171;8532;6174;6174;
iNumb:; 4070;7353;4176;6174;6174;
iNumb:; 4071;7263;5265;3996;6264;4176;6174;6174;
iNumb:; 4072;7173;6354;3087;8352;6174;6174;
iNumb:; 4073;7083;8352;6174;6174;
iNumb:; 4074;6993;6264;4176;6174;6174;
iNumb:; 4075;7083;8352;6174;6174;
iNumb:; 4076;7173;6354;3087;8352;6174;6174;
iNumb:; 4077;7263;5265;3996;6264;4176;6174;6174;
iNumb:; 4078;8262;6354;3087;8352;6174;6174;
iNumb:; 4079;9261;8352;6174;6174;
iNumb:; 4080;8352;6174;6174;
iNumb:; 4081;8262;6354;3087;8352;6174;6174;
iNumb:; 4082;8172;7443;3996;6264;4176;6174;6174;
iNumb:; 4083;8082;8532;6174;6174;
iNumb:; 4084;7992;7173;6354;3087;8352;6174;6174;
iNumb:; 4085;8082;8532;6174;6174;
iNumb:; 4086;8172;7443;3996;6264;4176;6174;6174;
iNumb:; 4087;8262;6354;3087;8352;6174;6174;
iNumb:; 4088;8352;6174;6174;
iNumb:; 4089;9351;8172;7443;3996;6264;4176;6174;6174;
iNumb:; 4090;9351;8172;7443;3996;6264;4176;6174;6174;
iNumb:; 4091;9261;8352;6174;6174;
iNumb:; 4092;9171;8532;6174;6174;
iNumb:; 4093;9081;9621;8352;6174;6174;
iNumb:; 4094;8991;8082;8532;6174;6174;
iNumb:; 4095;9081;9621;8352;6174;6174;
iNumb:; 4096;9171;8532;6174;6174;
iNumb:; 4097;9261;8352;6174;6174;
iNumb:; 4098;9351;8172;7443;3996;6264;4176;6174;6174;
iNumb:; 4099;9441;7992;7173;6354;3087;8352;6174;6174;
iNumb:; 4100;4086;8172;7443;3996;6264;4176;6174;6174;
iNumb:; 4101;3996;6264;4176;6174;6174;
iNumb:; 4102;4086;8172;7443;3996;6264;4176;6174;6174;
iNumb:; 4103;4176;6174;6174;
iNumb:; 4104;4266;4176;6174;6174;
iNumb:; 4105;5265;3996;6264;4176;6174;6174;
iNumb:; 4106;6264;4176;6174;6174;
iNumb:; 4107;7263;5265;3996;6264;4176;6174;6174;
iNumb:; 4108;8262;6354;3087;8352;6174;6174;
iNumb:; 4109;9261;8352;6174;6174;
iNumb:; 4110;3996;6264;4176;6174;6174;
iNumb:; 4111;2997;7173;6354;3087;8352;6174;6174;
iNumb:; 4112;3087;8352;6174;6174;
iNumb:; 4113;3177;6354;3087;8352;6174;6174;
iNumb:; 4114;3267;5265;3996;6264;4176;6174;6174;
iNumb:; 4115;4266;4176;6174;6174;
iNumb:; 4116;5265;3996;6264;4176;6174;6174;
iNumb:; 4117;6264;4176;6174;6174;
iNumb:; 4118;7263;5265;3996;6264;4176;6174;6174;
iNumb:; 4119;8262;6354;3087;8352;6174;6174;
iNumb:; 4120;4086;8172;7443;3996;6264;4176;6174;6174;
iNumb:; 4121;3087;8352;6174;6174;
iNumb:; 4122;2997;7173;6354;3087;8352;6174;6174;
iNumb:; 4123;3087;8352;6174;6174;
iNumb:; 4124;3177;6354;3087;8352;6174;6174;
iNumb:; 4125;4176;6174;6174;
iNumb:; 4126;5175;5994;5355;1998;8082;8532;6174;6174;
iNumb:; 4127;6174;6174;
iNumb:; 4128;7173;6354;3087;8352;6174;6174;
iNumb:; 4129;8172;7443;3996;6264;4176;6174;6174;
iNumb:; 4130;4176;6174;6174;
iNumb:; 4131;3177;6354;3087;8352;6174;6174;
iNumb:; 4132;3087;8352;6174;6174;
iNumb:; 4133;2997;7173;6354;3087;8352;6174;6174;
iNumb:; 4134;3087;8352;6174;6174;
iNumb:; 4135;4086;8172;7443;3996;6264;4176;6174;6174;
iNumb:; 4136;5085;7992;7173;6354;3087;8352;6174;6174;
iNumb:; 4137;6084;8172;7443;3996;6264;4176;6174;6174;
iNumb:; 4138;7083;8352;6174;6174;
iNumb:; 4139;8082;8532;6174;6174;
iNumb:; 4140;4266;4176;6174;6174;
iNumb:; 4141;3267;5265;3996;6264;4176;6174;6174;
iNumb:; 4142;3177;6354;3087;8352;6174;6174;
iNumb:; 4143;3087;8352;6174;6174;
iNumb:; 4144;2997;7173;6354;3087;8352;6174;6174;
iNumb:; 4145;3996;6264;4176;6174;6174;
iNumb:; 4146;4995;5355;1998;8082;8532;6174;6174;
iNumb:; 4147;5994;5355;1998;8082;8532;6174;6174;
iNumb:; 4148;6993;6264;4176;6174;6174;
iNumb:; 4149;7992;7173;6354;3087;8352;6174;6174;
iNumb:; 4150;5265;3996;6264;4176;6174;6174;
iNumb:; 4151;4266;4176;6174;6174;
iNumb:; 4152;4176;6174;6174;
iNumb:; 4153;4086;8172;7443;3996;6264;4176;6174;6174;
iNumb:; 4154;3996;6264;4176;6174;6174;
iNumb:; 4155;4086;8172;7443;3996;6264;4176;6174;6174;
iNumb:; 4156;5085;7992;7173;6354;3087;8352;6174;6174;
iNumb:; 4157;6084;8172;7443;3996;6264;4176;6174;6174;
iNumb:; 4158;7083;8352;6174;6174;
iNumb:; 4159;8082;8532;6174;6174;
iNumb:; 4160;6264;4176;6174;6174;
iNumb:; 4161;5265;3996;6264;4176;6174;6174;
iNumb:; 4162;5175;5994;5355;1998;8082;8532;6174;6174;
iNumb:; 4163;5085;7992;7173;6354;3087;8352;6174;6174;
iNumb:; 4164;4995;5355;1998;8082;8532;6174;6174;
iNumb:; 4165;5085;7992;7173;6354;3087;8352;6174;6174;
iNumb:; 4166;5175;5994;5355;1998;8082;8532;6174;6174;
iNumb:; 4167;6174;6174;
iNumb:; 4168;7173;6354;3087;8352;6174;6174;
iNumb:; 4169;8172;7443;3996;6264;4176;6174;6174;
iNumb:; 4170;7263;5265;3996;6264;4176;6174;6174;
iNumb:; 4171;6264;4176;6174;6174;
iNumb:; 4172;6174;6174;
iNumb:; 4173;6084;8172;7443;3996;6264;4176;6174;6174;
iNumb:; 4174;5994;5355;1998;8082;8532;6174;6174;
iNumb:; 4175;6084;8172;7443;3996;6264;4176;6174;6174;
iNumb:; 4176;6174;6174;
iNumb:; 4177;6264;4176;6174;6174;
iNumb:; 4178;7263;5265;3996;6264;4176;6174;6174;
iNumb:; 4179;8262;6354;3087;8352;6174;6174;
iNumb:; 4180;8262;6354;3087;8352;6174;6174;
iNumb:; 4181;7263;5265;3996;6264;4176;6174;6174;
iNumb:; 4182;7173;6354;3087;8352;6174;6174;
iNumb:; 4183;7083;8352;6174;6174;
iNumb:; 4184;6993;6264;4176;6174;6174;
iNumb:; 4185;7083;8352;6174;6174;
iNumb:; 4186;7173;6354;3087;8352;6174;6174;
iNumb:; 4187;7263;5265;3996;6264;4176;6174;6174;
iNumb:; 4188;7353;4176;6174;6174;
iNumb:; 4189;8352;6174;6174;
iNumb:; 4190;9261;8352;6174;6174;
iNumb:; 4191;8262;6354;3087;8352;6174;6174;
iNumb:; 4192;8172;7443;3996;6264;4176;6174;6174;
iNumb:; 4193;8082;8532;6174;6174;
iNumb:; 4194;7992;7173;6354;3087;8352;6174;6174;
iNumb:; 4195;8082;8532;6174;6174;
iNumb:; 4196;8172;7443;3996;6264;4176;6174;6174;
iNumb:; 4197;8262;6354;3087;8352;6174;6174;
iNumb:; 4198;8352;6174;6174;
iNumb:; 4199;8442;5994;5355;1998;8082;8532;6174;6174;
iNumb:; 4200;4176;6174;6174;
iNumb:; 4201;4086;8172;7443;3996;6264;4176;6174;6174;
iNumb:; 4202;3996;6264;4176;6174;6174;
iNumb:; 4203;4086;8172;7443;3996;6264;4176;6174;6174;
iNumb:; 4204;4176;6174;6174;
iNumb:; 4205;5175;5994;5355;1998;8082;8532;6174;6174;
iNumb:; 4206;6174;6174;
iNumb:; 4207;7173;6354;3087;8352;6174;6174;
iNumb:; 4208;8172;7443;3996;6264;4176;6174;6174;
iNumb:; 4209;9171;8532;6174;6174;
iNumb:; 4210;4086;8172;7443;3996;6264;4176;6174;6174;
iNumb:; 4211;3087;8352;6174;6174;
iNumb:; 4212;2997;7173;6354;3087;8352;6174;6174;
iNumb:; 4213;3087;8352;6174;6174;
iNumb:; 4214;3177;6354;3087;8352;6174;6174;
iNumb:; 4215;4176;6174;6174;
iNumb:; 4216;5175;5994;5355;1998;8082;8532;6174;6174;
iNumb:; 4217;6174;6174;
iNumb:; 4218;7173;6354;3087;8352;6174;6174;
iNumb:; 4219;8172;7443;3996;6264;4176;6174;6174;
iNumb:; 4220;3996;6264;4176;6174;6174;
iNumb:; 4221;2997;7173;6354;3087;8352;6174;6174;
iNumb:; 4222;1998;8082;8532;6174;6174;
iNumb:; 4223;2088;8532;6174;6174;
iNumb:; 4224;2178;7443;3996;6264;4176;6174;6174;
iNumb:; 4225;3177;6354;3087;8352;6174;6174;
iNumb:; 4226;4176;6174;6174;
iNumb:; 4227;5175;5994;5355;1998;8082;8532;6174;6174;
iNumb:; 4228;6174;6174;
iNumb:; 4229;7173;6354;3087;8352;6174;6174;
iNumb:; 4230;4086;8172;7443;3996;6264;4176;6174;6174;
iNumb:; 4231;3087;8352;6174;6174;
iNumb:; 4232;2088;8532;6174;6174;
iNumb:; 4233;1998;8082;8532;6174;6174;
iNumb:; 4234;2088;8532;6174;6174;
iNumb:; 4235;3087;8352;6174;6174;
iNumb:; 4236;4086;8172;7443;3996;6264;4176;6174;6174;
iNumb:; 4237;5085;7992;7173;6354;3087;8352;6174;6174;
iNumb:; 4238;6084;8172;7443;3996;6264;4176;6174;6174;
iNumb:; 4239;7083;8352;6174;6174;
iNumb:; 4240;4176;6174;6174;
iNumb:; 4241;3177;6354;3087;8352;6174;6174;
iNumb:; 4242;2178;7443;3996;6264;4176;6174;6174;
iNumb:; 4243;2088;8532;6174;6174;
iNumb:; 4244;1998;8082;8532;6174;6174;
iNumb:; 4245;2997;7173;6354;3087;8352;6174;6174;
iNumb:; 4246;3996;6264;4176;6174;6174;
iNumb:; 4247;4995;5355;1998;8082;8532;6174;6174;
iNumb:; 4248;5994;5355;1998;8082;8532;6174;6174;
iNumb:; 4249;6993;6264;4176;6174;6174;
iNumb:; 4250;5175;5994;5355;1998;8082;8532;6174;6174;
iNumb:; 4251;4176;6174;6174;
iNumb:; 4252;3177;6354;3087;8352;6174;6174;
iNumb:; 4253;3087;8352;6174;6174;
iNumb:; 4254;2997;7173;6354;3087;8352;6174;6174;
iNumb:; 4255;3087;8352;6174;6174;
iNumb:; 4256;4086;8172;7443;3996;6264;4176;6174;6174;
iNumb:; 4257;5085;7992;7173;6354;3087;8352;6174;6174;
iNumb:; 4258;6084;8172;7443;3996;6264;4176;6174;6174;
iNumb:; 4259;7083;8352;6174;6174;
iNumb:; 4260;6174;6174;
iNumb:; 4261;5175;5994;5355;1998;8082;8532;6174;6174;
iNumb:; 4262;4176;6174;6174;
iNumb:; 4263;4086;8172;7443;3996;6264;4176;6174;6174;
iNumb:; 4264;3996;6264;4176;6174;6174;
iNumb:; 4265;4086;8172;7443;3996;6264;4176;6174;6174;
iNumb:; 4266;4176;6174;6174;
iNumb:; 4267;5175;5994;5355;1998;8082;8532;6174;6174;
iNumb:; 4268;6174;6174;
iNumb:; 4269;7173;6354;3087;8352;6174;6174;
iNumb:; 4270;7173;6354;3087;8352;6174;6174;
iNumb:; 4271;6174;6174;
iNumb:; 4272;5175;5994;5355;1998;8082;8532;6174;6174;
iNumb:; 4273;5085;7992;7173;6354;3087;8352;6174;6174;
iNumb:; 4274;4995;5355;1998;8082;8532;6174;6174;
iNumb:; 4275;5085;7992;7173;6354;3087;8352;6174;6174;
iNumb:; 4276;5175;5994;5355;1998;8082;8532;6174;6174;
iNumb:; 4277;5265;3996;6264;4176;6174;6174;
iNumb:; 4278;6264;4176;6174;6174;
iNumb:; 4279;7263;5265;3996;6264;4176;6174;6174;
iNumb:; 4280;8172;7443;3996;6264;4176;6174;6174;
iNumb:; 4281;7173;6354;3087;8352;6174;6174;
iNumb:; 4282;6174;6174;
iNumb:; 4283;6084;8172;7443;3996;6264;4176;6174;6174;
iNumb:; 4284;5994;5355;1998;8082;8532;6174;6174;
iNumb:; 4285;6084;8172;7443;3996;6264;4176;6174;6174;
iNumb:; 4286;6174;6174;
iNumb:; 4287;6264;4176;6174;6174;
iNumb:; 4288;6354;3087;8352;6174;6174;
iNumb:; 4289;7353;4176;6174;6174;
iNumb:; 4290;9171;8532;6174;6174;
iNumb:; 4291;8172;7443;3996;6264;4176;6174;6174;
iNumb:; 4292;7173;6354;3087;8352;6174;6174;
iNumb:; 4293;7083;8352;6174;6174;
iNumb:; 4294;6993;6264;4176;6174;6174;
iNumb:; 4295;7083;8352;6174;6174;
iNumb:; 4296;7173;6354;3087;8352;6174;6174;
iNumb:; 4297;7263;5265;3996;6264;4176;6174;6174;
iNumb:; 4298;7353;4176;6174;6174;
iNumb:; 4299;7443;3996;6264;4176;6174;6174;
iNumb:; 4300;4266;4176;6174;6174;
iNumb:; 4301;4176;6174;6174;
iNumb:; 4302;4086;8172;7443;3996;6264;4176;6174;6174;
iNumb:; 4303;3996;6264;4176;6174;6174;
iNumb:; 4304;4086;8172;7443;3996;6264;4176;6174;6174;
iNumb:; 4305;5085;7992;7173;6354;3087;8352;6174;6174;
iNumb:; 4306;6084;8172;7443;3996;6264;4176;6174;6174;
iNumb:; 4307;7083;8352;6174;6174;
iNumb:; 4308;8082;8532;6174;6174;
iNumb:; 4309;9081;9621;8352;6174;6174;
iNumb:; 4310;4176;6174;6174;
iNumb:; 4311;3177;6354;3087;8352;6174;6174;
iNumb:; 4312;3087;8352;6174;6174;
iNumb:; 4313;2997;7173;6354;3087;8352;6174;6174;
iNumb:; 4314;3087;8352;6174;6174;
iNumb:; 4315;4086;8172;7443;3996;6264;4176;6174;6174;
iNumb:; 4316;5085;7992;7173;6354;3087;8352;6174;6174;
iNumb:; 4317;6084;8172;7443;3996;6264;4176;6174;6174;
iNumb:; 4318;7083;8352;6174;6174;
iNumb:; 4319;8082;8532;6174;6174;
iNumb:; 4320;4086;8172;7443;3996;6264;4176;6174;6174;
iNumb:; 4321;3087;8352;6174;6174;
iNumb:; 4322;2088;8532;6174;6174;
iNumb:; 4323;1998;8082;8532;6174;6174;
iNumb:; 4324;2088;8532;6174;6174;
iNumb:; 4325;3087;8352;6174;6174;
iNumb:; 4326;4086;8172;7443;3996;6264;4176;6174;6174;
iNumb:; 4327;5085;7992;7173;6354;3087;8352;6174;6174;
iNumb:; 4328;6084;8172;7443;3996;6264;4176;6174;6174;
iNumb:; 4329;7083;8352;6174;6174;
iNumb:; 4330;3996;6264;4176;6174;6174;
iNumb:; 4331;2997;7173;6354;3087;8352;6174;6174;
iNumb:; 4332;1998;8082;8532;6174;6174;
iNumb:; 4333;999;8991;8082;8532;6174;6174;
iNumb:; 4334;1089;9621;8352;6174;6174;
iNumb:; 4335;2088;8532;6174;6174;
iNumb:; 4336;3087;8352;6174;6174;
iNumb:; 4337;4086;8172;7443;3996;6264;4176;6174;6174;
iNumb:; 4338;5085;7992;7173;6354;3087;8352;6174;6174;
iNumb:; 4339;6084;8172;7443;3996;6264;4176;6174;6174;
iNumb:; 4340;4086;8172;7443;3996;6264;4176;6174;6174;
iNumb:; 4341;3087;8352;6174;6174;
iNumb:; 4342;2088;8532;6174;6174;
iNumb:; 4343;1089;9621;8352;6174;6174;
iNumb:; 4344;999;8991;8082;8532;6174;6174;
iNumb:; 4345;1998;8082;8532;6174;6174;
iNumb:; 4346;2997;7173;6354;3087;8352;6174;6174;
iNumb:; 4347;3996;6264;4176;6174;6174;
iNumb:; 4348;4995;5355;1998;8082;8532;6174;6174;
iNumb:; 4349;5994;5355;1998;8082;8532;6174;6174;
iNumb:; 4350;5085;7992;7173;6354;3087;8352;6174;6174;
iNumb:; 4351;4086;8172;7443;3996;6264;4176;6174;6174;
iNumb:; 4352;3087;8352;6174;6174;
iNumb:; 4353;2088;8532;6174;6174;
iNumb:; 4354;1998;8082;8532;6174;6174;
iNumb:; 4355;2088;8532;6174;6174;
iNumb:; 4356;3087;8352;6174;6174;
iNumb:; 4357;4086;8172;7443;3996;6264;4176;6174;6174;
iNumb:; 4358;5085;7992;7173;6354;3087;8352;6174;6174;
iNumb:; 4359;6084;8172;7443;3996;6264;4176;6174;6174;
iNumb:; 4360;6084;8172;7443;3996;6264;4176;6174;6174;
iNumb:; 4361;5085;7992;7173;6354;3087;8352;6174;6174;
iNumb:; 4362;4086;8172;7443;3996;6264;4176;6174;6174;
iNumb:; 4363;3087;8352;6174;6174;
iNumb:; 4364;2997;7173;6354;3087;8352;6174;6174;
iNumb:; 4365;3087;8352;6174;6174;
iNumb:; 4366;3177;6354;3087;8352;6174;6174;
iNumb:; 4367;4176;6174;6174;
iNumb:; 4368;5175;5994;5355;1998;8082;8532;6174;6174;
iNumb:; 4369;6174;6174;
iNumb:; 4370;7083;8352;6174;6174;
iNumb:; 4371;6084;8172;7443;3996;6264;4176;6174;6174;
iNumb:; 4372;5085;7992;7173;6354;3087;8352;6174;6174;
iNumb:; 4373;4086;8172;7443;3996;6264;4176;6174;6174;
iNumb:; 4374;3996;6264;4176;6174;6174;
iNumb:; 4375;4086;8172;7443;3996;6264;4176;6174;6174;
iNumb:; 4376;4176;6174;6174;
iNumb:; 4377;4266;4176;6174;6174;
iNumb:; 4378;5265;3996;6264;4176;6174;6174;
iNumb:; 4379;6264;4176;6174;6174;
iNumb:; 4380;8082;8532;6174;6174;
iNumb:; 4381;7083;8352;6174;6174;
iNumb:; 4382;6084;8172;7443;3996;6264;4176;6174;6174;
iNumb:; 4383;5085;7992;7173;6354;3087;8352;6174;6174;
iNumb:; 4384;4995;5355;1998;8082;8532;6174;6174;
iNumb:; 4385;5085;7992;7173;6354;3087;8352;6174;6174;
iNumb:; 4386;5175;5994;5355;1998;8082;8532;6174;6174;
iNumb:; 4387;5265;3996;6264;4176;6174;6174;
iNumb:; 4388;5355;1998;8082;8532;6174;6174;
iNumb:; 4389;6354;3087;8352;6174;6174;
iNumb:; 4390;9081;9621;8352;6174;6174;
iNumb:; 4391;8082;8532;6174;6174;
iNumb:; 4392;7083;8352;6174;6174;
iNumb:; 4393;6084;8172;7443;3996;6264;4176;6174;6174;
iNumb:; 4394;5994;5355;1998;8082;8532;6174;6174;
iNumb:; 4395;6084;8172;7443;3996;6264;4176;6174;6174;
iNumb:; 4396;6174;6174;
iNumb:; 4397;6264;4176;6174;6174;
iNumb:; 4398;6354;3087;8352;6174;6174;
iNumb:; 4399;6444;1998;8082;8532;6174;6174;
iNumb:; 4400;4356;3087;8352;6174;6174;
iNumb:; 4401;4266;4176;6174;6174;
iNumb:; 4402;4176;6174;6174;
iNumb:; 4403;4086;8172;7443;3996;6264;4176;6174;6174;
iNumb:; 4404;3996;6264;4176;6174;6174;
iNumb:; 4405;4995;5355;1998;8082;8532;6174;6174;
iNumb:; 4406;5994;5355;1998;8082;8532;6174;6174;
iNumb:; 4407;6993;6264;4176;6174;6174;
iNumb:; 4408;7992;7173;6354;3087;8352;6174;6174;
iNumb:; 4409;8991;8082;8532;6174;6174;
iNumb:; 4410;4266;4176;6174;6174;
iNumb:; 4411;3267;5265;3996;6264;4176;6174;6174;
iNumb:; 4412;3177;6354;3087;8352;6174;6174;
iNumb:; 4413;3087;8352;6174;6174;
iNumb:; 4414;2997;7173;6354;3087;8352;6174;6174;
iNumb:; 4415;3996;6264;4176;6174;6174;
iNumb:; 4416;4995;5355;1998;8082;8532;6174;6174;
iNumb:; 4417;5994;5355;1998;8082;8532;6174;6174;
iNumb:; 4418;6993;6264;4176;6174;6174;
iNumb:; 4419;7992;7173;6354;3087;8352;6174;6174;
iNumb:; 4420;4176;6174;6174;
iNumb:; 4421;3177;6354;3087;8352;6174;6174;
iNumb:; 4422;2178;7443;3996;6264;4176;6174;6174;
iNumb:; 4423;2088;8532;6174;6174;
iNumb:; 4424;1998;8082;8532;6174;6174;
iNumb:; 4425;2997;7173;6354;3087;8352;6174;6174;
iNumb:; 4426;3996;6264;4176;6174;6174;
iNumb:; 4427;4995;5355;1998;8082;8532;6174;6174;
iNumb:; 4428;5994;5355;1998;8082;8532;6174;6174;
iNumb:; 4429;6993;6264;4176;6174;6174;
iNumb:; 4430;4086;8172;7443;3996;6264;4176;6174;6174;
iNumb:; 4431;3087;8352;6174;6174;
iNumb:; 4432;2088;8532;6174;6174;
iNumb:; 4433;1089;9621;8352;6174;6174;
iNumb:; 4434;999;8991;8082;8532;6174;6174;
iNumb:; 4435;1998;8082;8532;6174;6174;
iNumb:; 4436;2997;7173;6354;3087;8352;6174;6174;
iNumb:; 4437;3996;6264;4176;6174;6174;
iNumb:; 4438;4995;5355;1998;8082;8532;6174;6174;
iNumb:; 4439;5994;5355;1998;8082;8532;6174;6174;
iNumb:; 4440;3996;6264;4176;6174;6174;
iNumb:; 4441;2997;7173;6354;3087;8352;6174;6174;
iNumb:; 4442;1998;8082;8532;6174;6174;
iNumb:; 4443;999;8991;8082;8532;6174;6174;
iNumb:; 4445;999;8991;8082;8532;6174;6174;
iNumb:; 4446;1998;8082;8532;6174;6174;
iNumb:; 4447;2997;7173;6354;3087;8352;6174;6174;
iNumb:; 4448;3996;6264;4176;6174;6174;
iNumb:; 4449;4995;5355;1998;8082;8532;6174;6174;
iNumb:; 4450;4995;5355;1998;8082;8532;6174;6174;
iNumb:; 4451;3996;6264;4176;6174;6174;
iNumb:; 4452;2997;7173;6354;3087;8352;6174;6174;
iNumb:; 4453;1998;8082;8532;6174;6174;
iNumb:; 4454;999;8991;8082;8532;6174;6174;
iNumb:; 4455;1089;9621;8352;6174;6174;
iNumb:; 4456;2088;8532;6174;6174;
iNumb:; 4457;3087;8352;6174;6174;
iNumb:; 4458;4086;8172;7443;3996;6264;4176;6174;6174;
iNumb:; 4459;5085;7992;7173;6354;3087;8352;6174;6174;
iNumb:; 4460;5994;5355;1998;8082;8532;6174;6174;
iNumb:; 4461;4995;5355;1998;8082;8532;6174;6174;
iNumb:; 4462;3996;6264;4176;6174;6174;
iNumb:; 4463;2997;7173;6354;3087;8352;6174;6174;
iNumb:; 4464;1998;8082;8532;6174;6174;
iNumb:; 4465;2088;8532;6174;6174;
iNumb:; 4466;2178;7443;3996;6264;4176;6174;6174;
iNumb:; 4467;3177;6354;3087;8352;6174;6174;
iNumb:; 4468;4176;6174;6174;
iNumb:; 4469;5175;5994;5355;1998;8082;8532;6174;6174;
iNumb:; 4470;6993;6264;4176;6174;6174;
iNumb:; 4471;5994;5355;1998;8082;8532;6174;6174;
iNumb:; 4472;4995;5355;1998;8082;8532;6174;6174;
iNumb:; 4473;3996;6264;4176;6174;6174;
iNumb:; 4474;2997;7173;6354;3087;8352;6174;6174;
iNumb:; 4475;3087;8352;6174;6174;
iNumb:; 4476;3177;6354;3087;8352;6174;6174;
iNumb:; 4477;3267;5265;3996;6264;4176;6174;6174;
iNumb:; 4478;4266;4176;6174;6174;
iNumb:; 4479;5265;3996;6264;4176;6174;6174;
iNumb:; 4480;7992;7173;6354;3087;8352;6174;6174;
iNumb:; 4481;6993;6264;4176;6174;6174;
iNumb:; 4482;5994;5355;1998;8082;8532;6174;6174;
iNumb:; 4483;4995;5355;1998;8082;8532;6174;6174;
iNumb:; 4484;3996;6264;4176;6174;6174;
iNumb:; 4485;4086;8172;7443;3996;6264;4176;6174;6174;
iNumb:; 4486;4176;6174;6174;
iNumb:; 4487;4266;4176;6174;6174;
iNumb:; 4488;4356;3087;8352;6174;6174;
iNumb:; 4489;5355;1998;8082;8532;6174;6174;
iNumb:; 4490;8991;8082;8532;6174;6174;
iNumb:; 4491;7992;7173;6354;3087;8352;6174;6174;
iNumb:; 4492;6993;6264;4176;6174;6174;
iNumb:; 4493;5994;5355;1998;8082;8532;6174;6174;
iNumb:; 4494;4995;5355;1998;8082;8532;6174;6174;
iNumb:; 4495;5085;7992;7173;6354;3087;8352;6174;6174;
iNumb:; 4496;5175;5994;5355;1998;8082;8532;6174;6174;
iNumb:; 4497;5265;3996;6264;4176;6174;6174;
iNumb:; 4498;5355;1998;8082;8532;6174;6174;
iNumb:; 4499;5445;1089;9621;8352;6174;6174;
iNumb:; 4500;5355;1998;8082;8532;6174;6174;
iNumb:; 4501;5265;3996;6264;4176;6174;6174;
iNumb:; 4502;5175;5994;5355;1998;8082;8532;6174;6174;
iNumb:; 4503;5085;7992;7173;6354;3087;8352;6174;6174;
iNumb:; 4504;4995;5355;1998;8082;8532;6174;6174;
iNumb:; 4505;5085;7992;7173;6354;3087;8352;6174;6174;
iNumb:; 4506;6084;8172;7443;3996;6264;4176;6174;6174;
iNumb:; 4507;7083;8352;6174;6174;
iNumb:; 4508;8082;8532;6174;6174;
iNumb:; 4509;9081;9621;8352;6174;6174;
iNumb:; 4510;5265;3996;6264;4176;6174;6174;
iNumb:; 4511;4266;4176;6174;6174;
iNumb:; 4512;4176;6174;6174;
iNumb:; 4513;4086;8172;7443;3996;6264;4176;6174;6174;
iNumb:; 4514;3996;6264;4176;6174;6174;
iNumb:; 4515;4086;8172;7443;3996;6264;4176;6174;6174;
iNumb:; 4516;5085;7992;7173;6354;3087;8352;6174;6174;
iNumb:; 4517;6084;8172;7443;3996;6264;4176;6174;6174;
iNumb:; 4518;7083;8352;6174;6174;
iNumb:; 4519;8082;8532;6174;6174;
iNumb:; 4520;5175;5994;5355;1998;8082;8532;6174;6174;
iNumb:; 4521;4176;6174;6174;
iNumb:; 4522;3177;6354;3087;8352;6174;6174;
iNumb:; 4523;3087;8352;6174;6174;
iNumb:; 4524;2997;7173;6354;3087;8352;6174;6174;
iNumb:; 4525;3087;8352;6174;6174;
iNumb:; 4526;4086;8172;7443;3996;6264;4176;6174;6174;
iNumb:; 4527;5085;7992;7173;6354;3087;8352;6174;6174;
iNumb:; 4528;6084;8172;7443;3996;6264;4176;6174;6174;
iNumb:; 4529;7083;8352;6174;6174;
iNumb:; 4530;5085;7992;7173;6354;3087;8352;6174;6174;
iNumb:; 4531;4086;8172;7443;3996;6264;4176;6174;6174;
iNumb:; 4532;3087;8352;6174;6174;
iNumb:; 4533;2088;8532;6174;6174;
iNumb:; 4534;1998;8082;8532;6174;6174;
iNumb:; 4535;2088;8532;6174;6174;
iNumb:; 4536;3087;8352;6174;6174;
iNumb:; 4537;4086;8172;7443;3996;6264;4176;6174;6174;
iNumb:; 4538;5085;7992;7173;6354;3087;8352;6174;6174;
iNumb:; 4539;6084;8172;7443;3996;6264;4176;6174;6174;
iNumb:; 4540;4995;5355;1998;8082;8532;6174;6174;
iNumb:; 4541;3996;6264;4176;6174;6174;
iNumb:; 4542;2997;7173;6354;3087;8352;6174;6174;
iNumb:; 4543;1998;8082;8532;6174;6174;
iNumb:; 4544;999;8991;8082;8532;6174;6174;
iNumb:; 4545;1089;9621;8352;6174;6174;
iNumb:; 4546;2088;8532;6174;6174;
iNumb:; 4547;3087;8352;6174;6174;
iNumb:; 4548;4086;8172;7443;3996;6264;4176;6174;6174;
iNumb:; 4549;5085;7992;7173;6354;3087;8352;6174;6174;
iNumb:; 4550;5085;7992;7173;6354;3087;8352;6174;6174;
iNumb:; 4551;4086;8172;7443;3996;6264;4176;6174;6174;
iNumb:; 4552;3087;8352;6174;6174;
iNumb:; 4553;2088;8532;6174;6174;
iNumb:; 4554;1089;9621;8352;6174;6174;
iNumb:; 4555;999;8991;8082;8532;6174;6174;
iNumb:; 4556;1998;8082;8532;6174;6174;
iNumb:; 4557;2997;7173;6354;3087;8352;6174;6174;
iNumb:; 4558;3996;6264;4176;6174;6174;
iNumb:; 4559;4995;5355;1998;8082;8532;6174;6174;
iNumb:; 4560;6084;8172;7443;3996;6264;4176;6174;6174;
iNumb:; 4561;5085;7992;7173;6354;3087;8352;6174;6174;
iNumb:; 4562;4086;8172;7443;3996;6264;4176;6174;6174;
iNumb:; 4563;3087;8352;6174;6174;
iNumb:; 4564;2088;8532;6174;6174;
iNumb:; 4565;1998;8082;8532;6174;6174;
iNumb:; 4566;2088;8532;6174;6174;
iNumb:; 4567;3087;8352;6174;6174;
iNumb:; 4568;4086;8172;7443;3996;6264;4176;6174;6174;
iNumb:; 4569;5085;7992;7173;6354;3087;8352;6174;6174;
iNumb:; 4570;7083;8352;6174;6174;
iNumb:; 4571;6084;8172;7443;3996;6264;4176;6174;6174;
iNumb:; 4572;5085;7992;7173;6354;3087;8352;6174;6174;
iNumb:; 4573;4086;8172;7443;3996;6264;4176;6174;6174;
iNumb:; 4574;3087;8352;6174;6174;
iNumb:; 4575;2997;7173;6354;3087;8352;6174;6174;
iNumb:; 4576;3087;8352;6174;6174;
iNumb:; 4577;3177;6354;3087;8352;6174;6174;
iNumb:; 4578;4176;6174;6174;
iNumb:; 4579;5175;5994;5355;1998;8082;8532;6174;6174;
iNumb:; 4580;8082;8532;6174;6174;
iNumb:; 4581;7083;8352;6174;6174;
iNumb:; 4582;6084;8172;7443;3996;6264;4176;6174;6174;
iNumb:; 4583;5085;7992;7173;6354;3087;8352;6174;6174;
iNumb:; 4584;4086;8172;7443;3996;6264;4176;6174;6174;
iNumb:; 4585;3996;6264;4176;6174;6174;
iNumb:; 4586;4086;8172;7443;3996;6264;4176;6174;6174;
iNumb:; 4587;4176;6174;6174;
iNumb:; 4588;4266;4176;6174;6174;
iNumb:; 4589;5265;3996;6264;4176;6174;6174;
iNumb:; 4590;9081;9621;8352;6174;6174;
iNumb:; 4591;8082;8532;6174;6174;
iNumb:; 4592;7083;8352;6174;6174;
iNumb:; 4593;6084;8172;7443;3996;6264;4176;6174;6174;
iNumb:; 4594;5085;7992;7173;6354;3087;8352;6174;6174;
iNumb:; 4595;4995;5355;1998;8082;8532;6174;6174;
iNumb:; 4596;5085;7992;7173;6354;3087;8352;6174;6174;
iNumb:; 4597;5175;5994;5355;1998;8082;8532;6174;6174;
iNumb:; 4598;5265;3996;6264;4176;6174;6174;
iNumb:; 4599;5355;1998;8082;8532;6174;6174;
iNumb:; 4600;6354;3087;8352;6174;6174;
iNumb:; 4601;6264;4176;6174;6174;
iNumb:; 4602;6174;6174;
iNumb:; 4603;6084;8172;7443;3996;6264;4176;6174;6174;
iNumb:; 4604;5994;5355;1998;8082;8532;6174;6174;
iNumb:; 4605;6084;8172;7443;3996;6264;4176;6174;6174;
iNumb:; 4606;6174;6174;
iNumb:; 4607;7173;6354;3087;8352;6174;6174;
iNumb:; 4608;8172;7443;3996;6264;4176;6174;6174;
iNumb:; 4609;9171;8532;6174;6174;
iNumb:; 4610;6264;4176;6174;6174;
iNumb:; 4611;5265;3996;6264;4176;6174;6174;
iNumb:; 4612;5175;5994;5355;1998;8082;8532;6174;6174;
iNumb:; 4613;5085;7992;7173;6354;3087;8352;6174;6174;
iNumb:; 4614;4995;5355;1998;8082;8532;6174;6174;
iNumb:; 4615;5085;7992;7173;6354;3087;8352;6174;6174;
iNumb:; 4616;5175;5994;5355;1998;8082;8532;6174;6174;
iNumb:; 4617;6174;6174;
iNumb:; 4618;7173;6354;3087;8352;6174;6174;
iNumb:; 4619;8172;7443;3996;6264;4176;6174;6174;
iNumb:; 4620;6174;6174;
iNumb:; 4621;5175;5994;5355;1998;8082;8532;6174;6174;
iNumb:; 4622;4176;6174;6174;
iNumb:; 4623;4086;8172;7443;3996;6264;4176;6174;6174;
iNumb:; 4624;3996;6264;4176;6174;6174;
iNumb:; 4625;4086;8172;7443;3996;6264;4176;6174;6174;
iNumb:; 4626;4176;6174;6174;
iNumb:; 4627;5175;5994;5355;1998;8082;8532;6174;6174;
iNumb:; 4628;6174;6174;
iNumb:; 4629;7173;6354;3087;8352;6174;6174;
iNumb:; 4630;6084;8172;7443;3996;6264;4176;6174;6174;
iNumb:; 4631;5085;7992;7173;6354;3087;8352;6174;6174;
iNumb:; 4632;4086;8172;7443;3996;6264;4176;6174;6174;
iNumb:; 4633;3087;8352;6174;6174;
iNumb:; 4634;2997;7173;6354;3087;8352;6174;6174;
iNumb:; 4635;3087;8352;6174;6174;
iNumb:; 4636;3177;6354;3087;8352;6174;6174;
iNumb:; 4637;4176;6174;6174;
iNumb:; 4638;5175;5994;5355;1998;8082;8532;6174;6174;
iNumb:; 4639;6174;6174;
iNumb:; 4640;5994;5355;1998;8082;8532;6174;6174;
iNumb:; 4641;4995;5355;1998;8082;8532;6174;6174;
iNumb:; 4642;3996;6264;4176;6174;6174;
iNumb:; 4643;2997;7173;6354;3087;8352;6174;6174;
iNumb:; 4644;1998;8082;8532;6174;6174;
iNumb:; 4645;2088;8532;6174;6174;
iNumb:; 4646;2178;7443;3996;6264;4176;6174;6174;
iNumb:; 4647;3177;6354;3087;8352;6174;6174;
iNumb:; 4648;4176;6174;6174;
iNumb:; 4649;5175;5994;5355;1998;8082;8532;6174;6174;
iNumb:; 4650;6084;8172;7443;3996;6264;4176;6174;6174;
iNumb:; 4651;5085;7992;7173;6354;3087;8352;6174;6174;
iNumb:; 4652;4086;8172;7443;3996;6264;4176;6174;6174;
iNumb:; 4653;3087;8352;6174;6174;
iNumb:; 4654;2088;8532;6174;6174;
iNumb:; 4655;1998;8082;8532;6174;6174;
iNumb:; 4656;2088;8532;6174;6174;
iNumb:; 4657;3087;8352;6174;6174;
iNumb:; 4658;4086;8172;7443;3996;6264;4176;6174;6174;
iNumb:; 4659;5085;7992;7173;6354;3087;8352;6174;6174;
iNumb:; 4660;6174;6174;
iNumb:; 4661;5175;5994;5355;1998;8082;8532;6174;6174;
iNumb:; 4662;4176;6174;6174;
iNumb:; 4663;3177;6354;3087;8352;6174;6174;
iNumb:; 4664;2178;7443;3996;6264;4176;6174;6174;
iNumb:; 4665;2088;8532;6174;6174;
iNumb:; 4666;1998;8082;8532;6174;6174;
iNumb:; 4667;2997;7173;6354;3087;8352;6174;6174;
iNumb:; 4668;3996;6264;4176;6174;6174;
iNumb:; 4669;4995;5355;1998;8082;8532;6174;6174;
iNumb:; 4670;7173;6354;3087;8352;6174;6174;
iNumb:; 4671;6174;6174;
iNumb:; 4672;5175;5994;5355;1998;8082;8532;6174;6174;
iNumb:; 4673;4176;6174;6174;
iNumb:; 4674;3177;6354;3087;8352;6174;6174;
iNumb:; 4675;3087;8352;6174;6174;
iNumb:; 4676;2997;7173;6354;3087;8352;6174;6174;
iNumb:; 4677;3087;8352;6174;6174;
iNumb:; 4678;4086;8172;7443;3996;6264;4176;6174;6174;
iNumb:; 4679;5085;7992;7173;6354;3087;8352;6174;6174;
iNumb:; 4680;8172;7443;3996;6264;4176;6174;6174;
iNumb:; 4681;7173;6354;3087;8352;6174;6174;
iNumb:; 4682;6174;6174;
iNumb:; 4683;5175;5994;5355;1998;8082;8532;6174;6174;
iNumb:; 4684;4176;6174;6174;
iNumb:; 4685;4086;8172;7443;3996;6264;4176;6174;6174;
iNumb:; 4686;3996;6264;4176;6174;6174;
iNumb:; 4687;4086;8172;7443;3996;6264;4176;6174;6174;
iNumb:; 4688;4176;6174;6174;
iNumb:; 4689;5175;5994;5355;1998;8082;8532;6174;6174;
iNumb:; 4690;9171;8532;6174;6174;
iNumb:; 4691;8172;7443;3996;6264;4176;6174;6174;
iNumb:; 4692;7173;6354;3087;8352;6174;6174;
iNumb:; 4693;6174;6174;
iNumb:; 4694;5175;5994;5355;1998;8082;8532;6174;6174;
iNumb:; 4695;5085;7992;7173;6354;3087;8352;6174;6174;
iNumb:; 4696;4995;5355;1998;8082;8532;6174;6174;
iNumb:; 4697;5085;7992;7173;6354;3087;8352;6174;6174;
iNumb:; 4698;5175;5994;5355;1998;8082;8532;6174;6174;
iNumb:; 4699;5265;3996;6264;4176;6174;6174;
iNumb:; 4700;7353;4176;6174;6174;
iNumb:; 4701;7263;5265;3996;6264;4176;6174;6174;
iNumb:; 4702;7173;6354;3087;8352;6174;6174;
iNumb:; 4703;7083;8352;6174;6174;
iNumb:; 4704;6993;6264;4176;6174;6174;
iNumb:; 4705;7083;8352;6174;6174;
iNumb:; 4706;7173;6354;3087;8352;6174;6174;
iNumb:; 4707;7263;5265;3996;6264;4176;6174;6174;
iNumb:; 4708;8262;6354;3087;8352;6174;6174;
iNumb:; 4709;9261;8352;6174;6174;
iNumb:; 4710;7263;5265;3996;6264;4176;6174;6174;
iNumb:; 4711;6264;4176;6174;6174;
iNumb:; 4712;6174;6174;
iNumb:; 4713;6084;8172;7443;3996;6264;4176;6174;6174;
iNumb:; 4714;5994;5355;1998;8082;8532;6174;6174;
iNumb:; 4715;6084;8172;7443;3996;6264;4176;6174;6174;
iNumb:; 4716;6174;6174;
iNumb:; 4717;6264;4176;6174;6174;
iNumb:; 4718;7263;5265;3996;6264;4176;6174;6174;
iNumb:; 4719;8262;6354;3087;8352;6174;6174;
iNumb:; 4720;7173;6354;3087;8352;6174;6174;
iNumb:; 4721;6174;6174;
iNumb:; 4722;5175;5994;5355;1998;8082;8532;6174;6174;
iNumb:; 4723;5085;7992;7173;6354;3087;8352;6174;6174;
iNumb:; 4724;4995;5355;1998;8082;8532;6174;6174;
iNumb:; 4725;5085;7992;7173;6354;3087;8352;6174;6174;
iNumb:; 4726;5175;5994;5355;1998;8082;8532;6174;6174;
iNumb:; 4727;5265;3996;6264;4176;6174;6174;
iNumb:; 4728;6264;4176;6174;6174;
iNumb:; 4729;7263;5265;3996;6264;4176;6174;6174;
iNumb:; 4730;7083;8352;6174;6174;
iNumb:; 4731;6084;8172;7443;3996;6264;4176;6174;6174;
iNumb:; 4732;5085;7992;7173;6354;3087;8352;6174;6174;
iNumb:; 4733;4086;8172;7443;3996;6264;4176;6174;6174;
iNumb:; 4734;3996;6264;4176;6174;6174;
iNumb:; 4735;4086;8172;7443;3996;6264;4176;6174;6174;
iNumb:; 4736;4176;6174;6174;
iNumb:; 4737;4266;4176;6174;6174;
iNumb:; 4738;5265;3996;6264;4176;6174;6174;
iNumb:; 4739;6264;4176;6174;6174;
iNumb:; 4740;6993;6264;4176;6174;6174;
iNumb:; 4741;5994;5355;1998;8082;8532;6174;6174;
iNumb:; 4742;4995;5355;1998;8082;8532;6174;6174;
iNumb:; 4743;3996;6264;4176;6174;6174;
iNumb:; 4744;2997;7173;6354;3087;8352;6174;6174;
iNumb:; 4745;3087;8352;6174;6174;
iNumb:; 4746;3177;6354;3087;8352;6174;6174;
iNumb:; 4747;3267;5265;3996;6264;4176;6174;6174;
iNumb:; 4748;4266;4176;6174;6174;
iNumb:; 4749;5265;3996;6264;4176;6174;6174;
iNumb:; 4750;7083;8352;6174;6174;
iNumb:; 4751;6084;8172;7443;3996;6264;4176;6174;6174;
iNumb:; 4752;5085;7992;7173;6354;3087;8352;6174;6174;
iNumb:; 4753;4086;8172;7443;3996;6264;4176;6174;6174;
iNumb:; 4754;3087;8352;6174;6174;
iNumb:; 4755;2997;7173;6354;3087;8352;6174;6174;
iNumb:; 4756;3087;8352;6174;6174;
iNumb:; 4757;3177;6354;3087;8352;6174;6174;
iNumb:; 4758;4176;6174;6174;
iNumb:; 4759;5175;5994;5355;1998;8082;8532;6174;6174;
iNumb:; 4760;7173;6354;3087;8352;6174;6174;
iNumb:; 4761;6174;6174;
iNumb:; 4762;5175;5994;5355;1998;8082;8532;6174;6174;
iNumb:; 4763;4176;6174;6174;
iNumb:; 4764;3177;6354;3087;8352;6174;6174;
iNumb:; 4765;3087;8352;6174;6174;
iNumb:; 4766;2997;7173;6354;3087;8352;6174;6174;
iNumb:; 4767;3087;8352;6174;6174;
iNumb:; 4768;4086;8172;7443;3996;6264;4176;6174;6174;
iNumb:; 4769;5085;7992;7173;6354;3087;8352;6174;6174;
iNumb:; 4770;7263;5265;3996;6264;4176;6174;6174;
iNumb:; 4771;6264;4176;6174;6174;
iNumb:; 4772;5265;3996;6264;4176;6174;6174;
iNumb:; 4773;4266;4176;6174;6174;
iNumb:; 4774;3267;5265;3996;6264;4176;6174;6174;
iNumb:; 4775;3177;6354;3087;8352;6174;6174;
iNumb:; 4776;3087;8352;6174;6174;
iNumb:; 4777;2997;7173;6354;3087;8352;6174;6174;
iNumb:; 4778;3996;6264;4176;6174;6174;
iNumb:; 4779;4995;5355;1998;8082;8532;6174;6174;
iNumb:; 4780;8262;6354;3087;8352;6174;6174;
iNumb:; 4781;7263;5265;3996;6264;4176;6174;6174;
iNumb:; 4782;6264;4176;6174;6174;
iNumb:; 4783;5265;3996;6264;4176;6174;6174;
iNumb:; 4784;4266;4176;6174;6174;
iNumb:; 4785;4176;6174;6174;
iNumb:; 4786;4086;8172;7443;3996;6264;4176;6174;6174;
iNumb:; 4787;3996;6264;4176;6174;6174;
iNumb:; 4788;4086;8172;7443;3996;6264;4176;6174;6174;
iNumb:; 4789;5085;7992;7173;6354;3087;8352;6174;6174;
iNumb:; 4790;9261;8352;6174;6174;
iNumb:; 4791;8262;6354;3087;8352;6174;6174;
iNumb:; 4792;7263;5265;3996;6264;4176;6174;6174;
iNumb:; 4793;6264;4176;6174;6174;
iNumb:; 4794;5265;3996;6264;4176;6174;6174;
iNumb:; 4795;5175;5994;5355;1998;8082;8532;6174;6174;
iNumb:; 4796;5085;7992;7173;6354;3087;8352;6174;6174;
iNumb:; 4797;4995;5355;1998;8082;8532;6174;6174;
iNumb:; 4798;5085;7992;7173;6354;3087;8352;6174;6174;
iNumb:; 4799;5175;5994;5355;1998;8082;8532;6174;6174;
iNumb:; 4800;8352;6174;6174;
iNumb:; 4801;8262;6354;3087;8352;6174;6174;
iNumb:; 4802;8172;7443;3996;6264;4176;6174;6174;
iNumb:; 4803;8082;8532;6174;6174;
iNumb:; 4804;7992;7173;6354;3087;8352;6174;6174;
iNumb:; 4805;8082;8532;6174;6174;
iNumb:; 4806;8172;7443;3996;6264;4176;6174;6174;
iNumb:; 4807;8262;6354;3087;8352;6174;6174;
iNumb:; 4808;8352;6174;6174;
iNumb:; 4809;9351;8172;7443;3996;6264;4176;6174;6174;
iNumb:; 4810;8262;6354;3087;8352;6174;6174;
iNumb:; 4811;7263;5265;3996;6264;4176;6174;6174;
iNumb:; 4812;7173;6354;3087;8352;6174;6174;
iNumb:; 4813;7083;8352;6174;6174;
iNumb:; 4814;6993;6264;4176;6174;6174;
iNumb:; 4815;7083;8352;6174;6174;
iNumb:; 4816;7173;6354;3087;8352;6174;6174;
iNumb:; 4817;7263;5265;3996;6264;4176;6174;6174;
iNumb:; 4818;7353;4176;6174;6174;
iNumb:; 4819;8352;6174;6174;
iNumb:; 4820;8172;7443;3996;6264;4176;6174;6174;
iNumb:; 4821;7173;6354;3087;8352;6174;6174;
iNumb:; 4822;6174;6174;
iNumb:; 4823;6084;8172;7443;3996;6264;4176;6174;6174;
iNumb:; 4824;5994;5355;1998;8082;8532;6174;6174;
iNumb:; 4825;6084;8172;7443;3996;6264;4176;6174;6174;
iNumb:; 4826;6174;6174;
iNumb:; 4827;6264;4176;6174;6174;
iNumb:; 4828;6354;3087;8352;6174;6174;
iNumb:; 4829;7353;4176;6174;6174;
iNumb:; 4830;8082;8532;6174;6174;
iNumb:; 4831;7083;8352;6174;6174;
iNumb:; 4832;6084;8172;7443;3996;6264;4176;6174;6174;
iNumb:; 4833;5085;7992;7173;6354;3087;8352;6174;6174;
iNumb:; 4834;4995;5355;1998;8082;8532;6174;6174;
iNumb:; 4835;5085;7992;7173;6354;3087;8352;6174;6174;
iNumb:; 4836;5175;5994;5355;1998;8082;8532;6174;6174;
iNumb:; 4837;5265;3996;6264;4176;6174;6174;
iNumb:; 4838;5355;1998;8082;8532;6174;6174;
iNumb:; 4839;6354;3087;8352;6174;6174;
iNumb:; 4840;7992;7173;6354;3087;8352;6174;6174;
iNumb:; 4841;6993;6264;4176;6174;6174;
iNumb:; 4842;5994;5355;1998;8082;8532;6174;6174;
iNumb:; 4843;4995;5355;1998;8082;8532;6174;6174;
iNumb:; 4844;3996;6264;4176;6174;6174;
iNumb:; 4845;4086;8172;7443;3996;6264;4176;6174;6174;
iNumb:; 4846;4176;6174;6174;
iNumb:; 4847;4266;4176;6174;6174;
iNumb:; 4848;4356;3087;8352;6174;6174;
iNumb:; 4849;5355;1998;8082;8532;6174;6174;
iNumb:; 4850;8082;8532;6174;6174;
iNumb:; 4851;7083;8352;6174;6174;
iNumb:; 4852;6084;8172;7443;3996;6264;4176;6174;6174;
iNumb:; 4853;5085;7992;7173;6354;3087;8352;6174;6174;
iNumb:; 4854;4086;8172;7443;3996;6264;4176;6174;6174;
iNumb:; 4855;3996;6264;4176;6174;6174;
iNumb:; 4856;4086;8172;7443;3996;6264;4176;6174;6174;
iNumb:; 4857;4176;6174;6174;
iNumb:; 4858;4266;4176;6174;6174;
iNumb:; 4859;5265;3996;6264;4176;6174;6174;
iNumb:; 4860;8172;7443;3996;6264;4176;6174;6174;
iNumb:; 4861;7173;6354;3087;8352;6174;6174;
iNumb:; 4862;6174;6174;
iNumb:; 4863;5175;5994;5355;1998;8082;8532;6174;6174;
iNumb:; 4864;4176;6174;6174;
iNumb:; 4865;4086;8172;7443;3996;6264;4176;6174;6174;
iNumb:; 4866;3996;6264;4176;6174;6174;
iNumb:; 4867;4086;8172;7443;3996;6264;4176;6174;6174;
iNumb:; 4868;4176;6174;6174;
iNumb:; 4869;5175;5994;5355;1998;8082;8532;6174;6174;
iNumb:; 4870;8262;6354;3087;8352;6174;6174;
iNumb:; 4871;7263;5265;3996;6264;4176;6174;6174;
iNumb:; 4872;6264;4176;6174;6174;
iNumb:; 4873;5265;3996;6264;4176;6174;6174;
iNumb:; 4874;4266;4176;6174;6174;
iNumb:; 4875;4176;6174;6174;
iNumb:; 4876;4086;8172;7443;3996;6264;4176;6174;6174;
iNumb:; 4877;3996;6264;4176;6174;6174;
iNumb:; 4878;4086;8172;7443;3996;6264;4176;6174;6174;
iNumb:; 4879;5085;7992;7173;6354;3087;8352;6174;6174;
iNumb:; 4880;8352;6174;6174;
iNumb:; 4881;7353;4176;6174;6174;
iNumb:; 4882;6354;3087;8352;6174;6174;
iNumb:; 4883;5355;1998;8082;8532;6174;6174;
iNumb:; 4884;4356;3087;8352;6174;6174;
iNumb:; 4885;4266;4176;6174;6174;
iNumb:; 4886;4176;6174;6174;
iNumb:; 4887;4086;8172;7443;3996;6264;4176;6174;6174;
iNumb:; 4888;3996;6264;4176;6174;6174;
iNumb:; 4889;4995;5355;1998;8082;8532;6174;6174;
iNumb:; 4890;9351;8172;7443;3996;6264;4176;6174;6174;
iNumb:; 4891;8352;6174;6174;
iNumb:; 4892;7353;4176;6174;6174;
iNumb:; 4893;6354;3087;8352;6174;6174;
iNumb:; 4894;5355;1998;8082;8532;6174;6174;
iNumb:; 4895;5265;3996;6264;4176;6174;6174;
iNumb:; 4896;5175;5994;5355;1998;8082;8532;6174;6174;
iNumb:; 4897;5085;7992;7173;6354;3087;8352;6174;6174;
iNumb:; 4898;4995;5355;1998;8082;8532;6174;6174;
iNumb:; 4899;5085;7992;7173;6354;3087;8352;6174;6174;
iNumb:; 4900;9351;8172;7443;3996;6264;4176;6174;6174;
iNumb:; 4901;9261;8352;6174;6174;
iNumb:; 4902;9171;8532;6174;6174;
iNumb:; 4903;9081;9621;8352;6174;6174;
iNumb:; 4904;8991;8082;8532;6174;6174;
iNumb:; 4905;9081;9621;8352;6174;6174;
iNumb:; 4906;9171;8532;6174;6174;
iNumb:; 4907;9261;8352;6174;6174;
iNumb:; 4908;9351;8172;7443;3996;6264;4176;6174;6174;
iNumb:; 4909;9441;7992;7173;6354;3087;8352;6174;6174;
iNumb:; 4910;9261;8352;6174;6174;
iNumb:; 4911;8262;6354;3087;8352;6174;6174;
iNumb:; 4912;8172;7443;3996;6264;4176;6174;6174;
iNumb:; 4913;8082;8532;6174;6174;
iNumb:; 4914;7992;7173;6354;3087;8352;6174;6174;
iNumb:; 4915;8082;8532;6174;6174;
iNumb:; 4916;8172;7443;3996;6264;4176;6174;6174;
iNumb:; 4917;8262;6354;3087;8352;6174;6174;
iNumb:; 4918;8352;6174;6174;
iNumb:; 4919;8442;5994;5355;1998;8082;8532;6174;6174;
iNumb:; 4920;9171;8532;6174;6174;
iNumb:; 4921;8172;7443;3996;6264;4176;6174;6174;
iNumb:; 4922;7173;6354;3087;8352;6174;6174;
iNumb:; 4923;7083;8352;6174;6174;
iNumb:; 4924;6993;6264;4176;6174;6174;
iNumb:; 4925;7083;8352;6174;6174;
iNumb:; 4926;7173;6354;3087;8352;6174;6174;
iNumb:; 4927;7263;5265;3996;6264;4176;6174;6174;
iNumb:; 4928;7353;4176;6174;6174;
iNumb:; 4929;7443;3996;6264;4176;6174;6174;
iNumb:; 4930;9081;9621;8352;6174;6174;
iNumb:; 4931;8082;8532;6174;6174;
iNumb:; 4932;7083;8352;6174;6174;
iNumb:; 4933;6084;8172;7443;3996;6264;4176;6174;6174;
iNumb:; 4934;5994;5355;1998;8082;8532;6174;6174;
iNumb:; 4935;6084;8172;7443;3996;6264;4176;6174;6174;
iNumb:; 4936;6174;6174;
iNumb:; 4937;6264;4176;6174;6174;
iNumb:; 4938;6354;3087;8352;6174;6174;
iNumb:; 4939;6444;1998;8082;8532;6174;6174;
iNumb:; 4940;8991;8082;8532;6174;6174;
iNumb:; 4941;7992;7173;6354;3087;8352;6174;6174;
iNumb:; 4942;6993;6264;4176;6174;6174;
iNumb:; 4943;5994;5355;1998;8082;8532;6174;6174;
iNumb:; 4944;4995;5355;1998;8082;8532;6174;6174;
iNumb:; 4945;5085;7992;7173;6354;3087;8352;6174;6174;
iNumb:; 4946;5175;5994;5355;1998;8082;8532;6174;6174;
iNumb:; 4947;5265;3996;6264;4176;6174;6174;
iNumb:; 4948;5355;1998;8082;8532;6174;6174;
iNumb:; 4949;5445;1089;9621;8352;6174;6174;
iNumb:; 4950;9081;9621;8352;6174;6174;
iNumb:; 4951;8082;8532;6174;6174;
iNumb:; 4952;7083;8352;6174;6174;
iNumb:; 4953;6084;8172;7443;3996;6264;4176;6174;6174;
iNumb:; 4954;5085;7992;7173;6354;3087;8352;6174;6174;
iNumb:; 4955;4995;5355;1998;8082;8532;6174;6174;
iNumb:; 4956;5085;7992;7173;6354;3087;8352;6174;6174;
iNumb:; 4957;5175;5994;5355;1998;8082;8532;6174;6174;
iNumb:; 4958;5265;3996;6264;4176;6174;6174;
iNumb:; 4959;5355;1998;8082;8532;6174;6174;
iNumb:; 4960;9171;8532;6174;6174;
iNumb:; 4961;8172;7443;3996;6264;4176;6174;6174;
iNumb:; 4962;7173;6354;3087;8352;6174;6174;
iNumb:; 4963;6174;6174;
iNumb:; 4964;5175;5994;5355;1998;8082;8532;6174;6174;
iNumb:; 4965;5085;7992;7173;6354;3087;8352;6174;6174;
iNumb:; 4966;4995;5355;1998;8082;8532;6174;6174;
iNumb:; 4967;5085;7992;7173;6354;3087;8352;6174;6174;
iNumb:; 4968;5175;5994;5355;1998;8082;8532;6174;6174;
iNumb:; 4969;5265;3996;6264;4176;6174;6174;
iNumb:; 4970;9261;8352;6174;6174;
iNumb:; 4971;8262;6354;3087;8352;6174;6174;
iNumb:; 4972;7263;5265;3996;6264;4176;6174;6174;
iNumb:; 4973;6264;4176;6174;6174;
iNumb:; 4974;5265;3996;6264;4176;6174;6174;
iNumb:; 4975;5175;5994;5355;1998;8082;8532;6174;6174;
iNumb:; 4976;5085;7992;7173;6354;3087;8352;6174;6174;
iNumb:; 4977;4995;5355;1998;8082;8532;6174;6174;
iNumb:; 4978;5085;7992;7173;6354;3087;8352;6174;6174;
iNumb:; 4979;5175;5994;5355;1998;8082;8532;6174;6174;
iNumb:; 4980;9351;8172;7443;3996;6264;4176;6174;6174;
iNumb:; 4981;8352;6174;6174;
iNumb:; 4982;7353;4176;6174;6174;
iNumb:; 4983;6354;3087;8352;6174;6174;
iNumb:; 4984;5355;1998;8082;8532;6174;6174;
iNumb:; 4985;5265;3996;6264;4176;6174;6174;
iNumb:; 4986;5175;5994;5355;1998;8082;8532;6174;6174;
iNumb:; 4987;5085;7992;7173;6354;3087;8352;6174;6174;
iNumb:; 4988;4995;5355;1998;8082;8532;6174;6174;
iNumb:; 4989;5085;7992;7173;6354;3087;8352;6174;6174;
iNumb:; 4990;9441;7992;7173;6354;3087;8352;6174;6174;
iNumb:; 4991;8442;5994;5355;1998;8082;8532;6174;6174;
iNumb:; 4992;7443;3996;6264;4176;6174;6174;
iNumb:; 4993;6444;1998;8082;8532;6174;6174;
iNumb:; 4994;5445;1089;9621;8352;6174;6174;
iNumb:; 4995;5355;1998;8082;8532;6174;6174;
iNumb:; 4996;5265;3996;6264;4176;6174;6174;
iNumb:; 4997;5175;5994;5355;1998;8082;8532;6174;6174;
iNumb:; 4998;5085;7992;7173;6354;3087;8352;6174;6174;
iNumb:; 4999;4995;5355;1998;8082;8532;6174;6174;
iNumb:; 5000;4995;5355;1998;8082;8532;6174;6174;
iNumb:; 5001;5085;7992;7173;6354;3087;8352;6174;6174;
iNumb:; 5002;5175;5994;5355;1998;8082;8532;6174;6174;
iNumb:; 5003;5265;3996;6264;4176;6174;6174;
iNumb:; 5004;5355;1998;8082;8532;6174;6174;
iNumb:; 5005;5445;1089;9621;8352;6174;6174;
iNumb:; 5006;6444;1998;8082;8532;6174;6174;
iNumb:; 5007;7443;3996;6264;4176;6174;6174;
iNumb:; 5008;8442;5994;5355;1998;8082;8532;6174;6174;
iNumb:; 5009;9441;7992;7173;6354;3087;8352;6174;6174;
iNumb:; 5010;5085;7992;7173;6354;3087;8352;6174;6174;
iNumb:; 5011;4995;5355;1998;8082;8532;6174;6174;
iNumb:; 5012;5085;7992;7173;6354;3087;8352;6174;6174;
iNumb:; 5013;5175;5994;5355;1998;8082;8532;6174;6174;
iNumb:; 5014;5265;3996;6264;4176;6174;6174;
iNumb:; 5015;5355;1998;8082;8532;6174;6174;
iNumb:; 5016;6354;3087;8352;6174;6174;
iNumb:; 5017;7353;4176;6174;6174;
iNumb:; 5018;8352;6174;6174;
iNumb:; 5019;9351;8172;7443;3996;6264;4176;6174;6174;
iNumb:; 5020;5175;5994;5355;1998;8082;8532;6174;6174;
iNumb:; 5021;5085;7992;7173;6354;3087;8352;6174;6174;
iNumb:; 5022;4995;5355;1998;8082;8532;6174;6174;
iNumb:; 5023;5085;7992;7173;6354;3087;8352;6174;6174;
iNumb:; 5024;5175;5994;5355;1998;8082;8532;6174;6174;
iNumb:; 5025;5265;3996;6264;4176;6174;6174;
iNumb:; 5026;6264;4176;6174;6174;
iNumb:; 5027;7263;5265;3996;6264;4176;6174;6174;
iNumb:; 5028;8262;6354;3087;8352;6174;6174;
iNumb:; 5029;9261;8352;6174;6174;
iNumb:; 5030;5265;3996;6264;4176;6174;6174;
iNumb:; 5031;5175;5994;5355;1998;8082;8532;6174;6174;
iNumb:; 5032;5085;7992;7173;6354;3087;8352;6174;6174;
iNumb:; 5033;4995;5355;1998;8082;8532;6174;6174;
iNumb:; 5034;5085;7992;7173;6354;3087;8352;6174;6174;
iNumb:; 5035;5175;5994;5355;1998;8082;8532;6174;6174;
iNumb:; 5036;6174;6174;
iNumb:; 5037;7173;6354;3087;8352;6174;6174;
iNumb:; 5038;8172;7443;3996;6264;4176;6174;6174;
iNumb:; 5039;9171;8532;6174;6174;
iNumb:; 5040;5355;1998;8082;8532;6174;6174;
iNumb:; 5041;5265;3996;6264;4176;6174;6174;
iNumb:; 5042;5175;5994;5355;1998;8082;8532;6174;6174;
iNumb:; 5043;5085;7992;7173;6354;3087;8352;6174;6174;
iNumb:; 5044;4995;5355;1998;8082;8532;6174;6174;
iNumb:; 5045;5085;7992;7173;6354;3087;8352;6174;6174;
iNumb:; 5046;6084;8172;7443;3996;6264;4176;6174;6174;
iNumb:; 5047;7083;8352;6174;6174;
iNumb:; 5048;8082;8532;6174;6174;
iNumb:; 5049;9081;9621;8352;6174;6174;
iNumb:; 5050;5445;1089;9621;8352;6174;6174;
iNumb:; 5051;5355;1998;8082;8532;6174;6174;
iNumb:; 5052;5265;3996;6264;4176;6174;6174;
iNumb:; 5053;5175;5994;5355;1998;8082;8532;6174;6174;
iNumb:; 5054;5085;7992;7173;6354;3087;8352;6174;6174;
iNumb:; 5055;4995;5355;1998;8082;8532;6174;6174;
iNumb:; 5056;5994;5355;1998;8082;8532;6174;6174;
iNumb:; 5057;6993;6264;4176;6174;6174;
iNumb:; 5058;7992;7173;6354;3087;8352;6174;6174;
iNumb:; 5059;8991;8082;8532;6174;6174;
iNumb:; 5060;6444;1998;8082;8532;6174;6174;
iNumb:; 5061;6354;3087;8352;6174;6174;
iNumb:; 5062;6264;4176;6174;6174;
iNumb:; 5063;6174;6174;
iNumb:; 5064;6084;8172;7443;3996;6264;4176;6174;6174;
iNumb:; 5065;5994;5355;1998;8082;8532;6174;6174;
iNumb:; 5066;6084;8172;7443;3996;6264;4176;6174;6174;
iNumb:; 5067;7083;8352;6174;6174;
iNumb:; 5068;8082;8532;6174;6174;
iNumb:; 5069;9081;9621;8352;6174;6174;
iNumb:; 5070;7443;3996;6264;4176;6174;6174;
iNumb:; 5071;7353;4176;6174;6174;
iNumb:; 5072;7263;5265;3996;6264;4176;6174;6174;
iNumb:; 5073;7173;6354;3087;8352;6174;6174;
iNumb:; 5074;7083;8352;6174;6174;
iNumb:; 5075;6993;6264;4176;6174;6174;
iNumb:; 5076;7083;8352;6174;6174;
iNumb:; 5077;7173;6354;3087;8352;6174;6174;
iNumb:; 5078;8172;7443;3996;6264;4176;6174;6174;
iNumb:; 5079;9171;8532;6174;6174;
iNumb:; 5080;8442;5994;5355;1998;8082;8532;6174;6174;
iNumb:; 5081;8352;6174;6174;
iNumb:; 5082;8262;6354;3087;8352;6174;6174;
iNumb:; 5083;8172;7443;3996;6264;4176;6174;6174;
iNumb:; 5084;8082;8532;6174;6174;
iNumb:; 5085;7992;7173;6354;3087;8352;6174;6174;
iNumb:; 5086;8082;8532;6174;6174;
iNumb:; 5087;8172;7443;3996;6264;4176;6174;6174;
iNumb:; 5088;8262;6354;3087;8352;6174;6174;
iNumb:; 5089;9261;8352;6174;6174;
iNumb:; 5090;9441;7992;7173;6354;3087;8352;6174;6174;
iNumb:; 5091;9351;8172;7443;3996;6264;4176;6174;6174;
iNumb:; 5092;9261;8352;6174;6174;
iNumb:; 5093;9171;8532;6174;6174;
iNumb:; 5094;9081;9621;8352;6174;6174;
iNumb:; 5095;8991;8082;8532;6174;6174;
iNumb:; 5096;9081;9621;8352;6174;6174;
iNumb:; 5097;9171;8532;6174;6174;
iNumb:; 5098;9261;8352;6174;6174;
iNumb:; 5099;9351;8172;7443;3996;6264;4176;6174;6174;
iNumb:; 5100;5085;7992;7173;6354;3087;8352;6174;6174;
iNumb:; 5101;4995;5355;1998;8082;8532;6174;6174;
iNumb:; 5102;5085;7992;7173;6354;3087;8352;6174;6174;
iNumb:; 5103;5175;5994;5355;1998;8082;8532;6174;6174;
iNumb:; 5104;5265;3996;6264;4176;6174;6174;
iNumb:; 5105;5355;1998;8082;8532;6174;6174;
iNumb:; 5106;6354;3087;8352;6174;6174;
iNumb:; 5107;7353;4176;6174;6174;
iNumb:; 5108;8352;6174;6174;
iNumb:; 5109;9351;8172;7443;3996;6264;4176;6174;6174;
iNumb:; 5110;4995;5355;1998;8082;8532;6174;6174;
iNumb:; 5111;3996;6264;4176;6174;6174;
iNumb:; 5112;4086;8172;7443;3996;6264;4176;6174;6174;
iNumb:; 5113;4176;6174;6174;
iNumb:; 5114;4266;4176;6174;6174;
iNumb:; 5115;4356;3087;8352;6174;6174;
iNumb:; 5116;5355;1998;8082;8532;6174;6174;
iNumb:; 5117;6354;3087;8352;6174;6174;
iNumb:; 5118;7353;4176;6174;6174;
iNumb:; 5119;8352;6174;6174;
iNumb:; 5120;5085;7992;7173;6354;3087;8352;6174;6174;
iNumb:; 5121;4086;8172;7443;3996;6264;4176;6174;6174;
iNumb:; 5122;3996;6264;4176;6174;6174;
iNumb:; 5123;4086;8172;7443;3996;6264;4176;6174;6174;
iNumb:; 5124;4176;6174;6174;
iNumb:; 5125;4266;4176;6174;6174;
iNumb:; 5126;5265;3996;6264;4176;6174;6174;
iNumb:; 5127;6264;4176;6174;6174;
iNumb:; 5128;7263;5265;3996;6264;4176;6174;6174;
iNumb:; 5129;8262;6354;3087;8352;6174;6174;
iNumb:; 5130;5175;5994;5355;1998;8082;8532;6174;6174;
iNumb:; 5131;4176;6174;6174;
iNumb:; 5132;4086;8172;7443;3996;6264;4176;6174;6174;
iNumb:; 5133;3996;6264;4176;6174;6174;
iNumb:; 5134;4086;8172;7443;3996;6264;4176;6174;6174;
iNumb:; 5135;4176;6174;6174;
iNumb:; 5136;5175;5994;5355;1998;8082;8532;6174;6174;
iNumb:; 5137;6174;6174;
iNumb:; 5138;7173;6354;3087;8352;6174;6174;
iNumb:; 5139;8172;7443;3996;6264;4176;6174;6174;
iNumb:; 5140;5265;3996;6264;4176;6174;6174;
iNumb:; 5141;4266;4176;6174;6174;
iNumb:; 5142;4176;6174;6174;
iNumb:; 5143;4086;8172;7443;3996;6264;4176;6174;6174;
iNumb:; 5144;3996;6264;4176;6174;6174;
iNumb:; 5145;4086;8172;7443;3996;6264;4176;6174;6174;
iNumb:; 5146;5085;7992;7173;6354;3087;8352;6174;6174;
iNumb:; 5147;6084;8172;7443;3996;6264;4176;6174;6174;
iNumb:; 5148;7083;8352;6174;6174;
iNumb:; 5149;8082;8532;6174;6174;
iNumb:; 5150;5355;1998;8082;8532;6174;6174;
iNumb:; 5151;4356;3087;8352;6174;6174;
iNumb:; 5152;4266;4176;6174;6174;
iNumb:; 5153;4176;6174;6174;
iNumb:; 5154;4086;8172;7443;3996;6264;4176;6174;6174;
iNumb:; 5155;3996;6264;4176;6174;6174;
iNumb:; 5156;4995;5355;1998;8082;8532;6174;6174;
iNumb:; 5157;5994;5355;1998;8082;8532;6174;6174;
iNumb:; 5158;6993;6264;4176;6174;6174;
iNumb:; 5159;7992;7173;6354;3087;8352;6174;6174;
iNumb:; 5160;6354;3087;8352;6174;6174;
iNumb:; 5161;5355;1998;8082;8532;6174;6174;
iNumb:; 5162;5265;3996;6264;4176;6174;6174;
iNumb:; 5163;5175;5994;5355;1998;8082;8532;6174;6174;
iNumb:; 5164;5085;7992;7173;6354;3087;8352;6174;6174;
iNumb:; 5165;4995;5355;1998;8082;8532;6174;6174;
iNumb:; 5166;5085;7992;7173;6354;3087;8352;6174;6174;
iNumb:; 5167;6084;8172;7443;3996;6264;4176;6174;6174;
iNumb:; 5168;7083;8352;6174;6174;
iNumb:; 5169;8082;8532;6174;6174;
iNumb:; 5170;7353;4176;6174;6174;
iNumb:; 5171;6354;3087;8352;6174;6174;
iNumb:; 5172;6264;4176;6174;6174;
iNumb:; 5173;6174;6174;
iNumb:; 5174;6084;8172;7443;3996;6264;4176;6174;6174;
iNumb:; 5175;5994;5355;1998;8082;8532;6174;6174;
iNumb:; 5176;6084;8172;7443;3996;6264;4176;6174;6174;
iNumb:; 5177;6174;6174;
iNumb:; 5178;7173;6354;3087;8352;6174;6174;
iNumb:; 5179;8172;7443;3996;6264;4176;6174;6174;
iNumb:; 5180;8352;6174;6174;
iNumb:; 5181;7353;4176;6174;6174;
iNumb:; 5182;7263;5265;3996;6264;4176;6174;6174;
iNumb:; 5183;7173;6354;3087;8352;6174;6174;
iNumb:; 5184;7083;8352;6174;6174;
iNumb:; 5185;6993;6264;4176;6174;6174;
iNumb:; 5186;7083;8352;6174;6174;
iNumb:; 5187;7173;6354;3087;8352;6174;6174;
iNumb:; 5188;7263;5265;3996;6264;4176;6174;6174;
iNumb:; 5189;8262;6354;3087;8352;6174;6174;
iNumb:; 5190;9351;8172;7443;3996;6264;4176;6174;6174;
iNumb:; 5191;8352;6174;6174;
iNumb:; 5192;8262;6354;3087;8352;6174;6174;
iNumb:; 5193;8172;7443;3996;6264;4176;6174;6174;
iNumb:; 5194;8082;8532;6174;6174;
iNumb:; 5195;7992;7173;6354;3087;8352;6174;6174;
iNumb:; 5196;8082;8532;6174;6174;
iNumb:; 5197;8172;7443;3996;6264;4176;6174;6174;
iNumb:; 5198;8262;6354;3087;8352;6174;6174;
iNumb:; 5199;8352;6174;6174;
iNumb:; 5200;5175;5994;5355;1998;8082;8532;6174;6174;
iNumb:; 5201;5085;7992;7173;6354;3087;8352;6174;6174;
iNumb:; 5202;4995;5355;1998;8082;8532;6174;6174;
iNumb:; 5203;5085;7992;7173;6354;3087;8352;6174;6174;
iNumb:; 5204;5175;5994;5355;1998;8082;8532;6174;6174;
iNumb:; 5205;5265;3996;6264;4176;6174;6174;
iNumb:; 5206;6264;4176;6174;6174;
iNumb:; 5207;7263;5265;3996;6264;4176;6174;6174;
iNumb:; 5208;8262;6354;3087;8352;6174;6174;
iNumb:; 5209;9261;8352;6174;6174;
iNumb:; 5210;5085;7992;7173;6354;3087;8352;6174;6174;
iNumb:; 5211;4086;8172;7443;3996;6264;4176;6174;6174;
iNumb:; 5212;3996;6264;4176;6174;6174;
iNumb:; 5213;4086;8172;7443;3996;6264;4176;6174;6174;
iNumb:; 5214;4176;6174;6174;
iNumb:; 5215;4266;4176;6174;6174;
iNumb:; 5216;5265;3996;6264;4176;6174;6174;
iNumb:; 5217;6264;4176;6174;6174;
iNumb:; 5218;7263;5265;3996;6264;4176;6174;6174;
iNumb:; 5219;8262;6354;3087;8352;6174;6174;
iNumb:; 5220;4995;5355;1998;8082;8532;6174;6174;
iNumb:; 5221;3996;6264;4176;6174;6174;
iNumb:; 5222;2997;7173;6354;3087;8352;6174;6174;
iNumb:; 5223;3087;8352;6174;6174;
iNumb:; 5224;3177;6354;3087;8352;6174;6174;
iNumb:; 5225;3267;5265;3996;6264;4176;6174;6174;
iNumb:; 5226;4266;4176;6174;6174;
iNumb:; 5227;5265;3996;6264;4176;6174;6174;
iNumb:; 5228;6264;4176;6174;6174;
iNumb:; 5229;7263;5265;3996;6264;4176;6174;6174;
iNumb:; 5230;5085;7992;7173;6354;3087;8352;6174;6174;
iNumb:; 5231;4086;8172;7443;3996;6264;4176;6174;6174;
iNumb:; 5232;3087;8352;6174;6174;
iNumb:; 5233;2997;7173;6354;3087;8352;6174;6174;
iNumb:; 5234;3087;8352;6174;6174;
iNumb:; 5235;3177;6354;3087;8352;6174;6174;
iNumb:; 5236;4176;6174;6174;
iNumb:; 5237;5175;5994;5355;1998;8082;8532;6174;6174;
iNumb:; 5238;6174;6174;
iNumb:; 5239;7173;6354;3087;8352;6174;6174;
iNumb:; 5240;5175;5994;5355;1998;8082;8532;6174;6174;
iNumb:; 5241;4176;6174;6174;
iNumb:; 5242;3177;6354;3087;8352;6174;6174;
iNumb:; 5243;3087;8352;6174;6174;
iNumb:; 5244;2997;7173;6354;3087;8352;6174;6174;
iNumb:; 5245;3087;8352;6174;6174;
iNumb:; 5246;4086;8172;7443;3996;6264;4176;6174;6174;
iNumb:; 5247;5085;7992;7173;6354;3087;8352;6174;6174;
iNumb:; 5248;6084;8172;7443;3996;6264;4176;6174;6174;
iNumb:; 5249;7083;8352;6174;6174;
iNumb:; 5250;5265;3996;6264;4176;6174;6174;
iNumb:; 5251;4266;4176;6174;6174;
iNumb:; 5252;3267;5265;3996;6264;4176;6174;6174;
iNumb:; 5253;3177;6354;3087;8352;6174;6174;
iNumb:; 5254;3087;8352;6174;6174;
iNumb:; 5255;2997;7173;6354;3087;8352;6174;6174;
iNumb:; 5256;3996;6264;4176;6174;6174;
iNumb:; 5257;4995;5355;1998;8082;8532;6174;6174;
iNumb:; 5258;5994;5355;1998;8082;8532;6174;6174;
iNumb:; 5259;6993;6264;4176;6174;6174;
iNumb:; 5260;6264;4176;6174;6174;
iNumb:; 5261;5265;3996;6264;4176;6174;6174;
iNumb:; 5262;4266;4176;6174;6174;
iNumb:; 5263;4176;6174;6174;
iNumb:; 5264;4086;8172;7443;3996;6264;4176;6174;6174;
iNumb:; 5265;3996;6264;4176;6174;6174;
iNumb:; 5266;4086;8172;7443;3996;6264;4176;6174;6174;
iNumb:; 5267;5085;7992;7173;6354;3087;8352;6174;6174;
iNumb:; 5268;6084;8172;7443;3996;6264;4176;6174;6174;
iNumb:; 5269;7083;8352;6174;6174;
iNumb:; 5270;7263;5265;3996;6264;4176;6174;6174;
iNumb:; 5271;6264;4176;6174;6174;
iNumb:; 5272;5265;3996;6264;4176;6174;6174;
iNumb:; 5273;5175;5994;5355;1998;8082;8532;6174;6174;
iNumb:; 5274;5085;7992;7173;6354;3087;8352;6174;6174;
iNumb:; 5275;4995;5355;1998;8082;8532;6174;6174;
iNumb:; 5276;5085;7992;7173;6354;3087;8352;6174;6174;
iNumb:; 5277;5175;5994;5355;1998;8082;8532;6174;6174;
iNumb:; 5278;6174;6174;
iNumb:; 5279;7173;6354;3087;8352;6174;6174;
iNumb:; 5280;8262;6354;3087;8352;6174;6174;
iNumb:; 5281;7263;5265;3996;6264;4176;6174;6174;
iNumb:; 5282;6264;4176;6174;6174;
iNumb:; 5283;6174;6174;
iNumb:; 5284;6084;8172;7443;3996;6264;4176;6174;6174;
iNumb:; 5285;5994;5355;1998;8082;8532;6174;6174;
iNumb:; 5286;6084;8172;7443;3996;6264;4176;6174;6174;
iNumb:; 5287;6174;6174;
iNumb:; 5288;6264;4176;6174;6174;
iNumb:; 5289;7263;5265;3996;6264;4176;6174;6174;
iNumb:; 5290;9261;8352;6174;6174;
iNumb:; 5291;8262;6354;3087;8352;6174;6174;
iNumb:; 5292;7263;5265;3996;6264;4176;6174;6174;
iNumb:; 5293;7173;6354;3087;8352;6174;6174;
iNumb:; 5294;7083;8352;6174;6174;
iNumb:; 5295;6993;6264;4176;6174;6174;
iNumb:; 5296;7083;8352;6174;6174;
iNumb:; 5297;7173;6354;3087;8352;6174;6174;
iNumb:; 5298;7263;5265;3996;6264;4176;6174;6174;
iNumb:; 5299;7353;4176;6174;6174;
iNumb:; 5300;5265;3996;6264;4176;6174;6174;
iNumb:; 5301;5175;5994;5355;1998;8082;8532;6174;6174;
iNumb:; 5302;5085;7992;7173;6354;3087;8352;6174;6174;
iNumb:; 5303;4995;5355;1998;8082;8532;6174;6174;
iNumb:; 5304;5085;7992;7173;6354;3087;8352;6174;6174;
iNumb:; 5305;5175;5994;5355;1998;8082;8532;6174;6174;
iNumb:; 5306;6174;6174;
iNumb:; 5307;7173;6354;3087;8352;6174;6174;
iNumb:; 5308;8172;7443;3996;6264;4176;6174;6174;
iNumb:; 5309;9171;8532;6174;6174;
iNumb:; 5310;5175;5994;5355;1998;8082;8532;6174;6174;
iNumb:; 5311;4176;6174;6174;
iNumb:; 5312;4086;8172;7443;3996;6264;4176;6174;6174;
iNumb:; 5313;3996;6264;4176;6174;6174;
iNumb:; 5314;4086;8172;7443;3996;6264;4176;6174;6174;
iNumb:; 5315;4176;6174;6174;
iNumb:; 5316;5175;5994;5355;1998;8082;8532;6174;6174;
iNumb:; 5317;6174;6174;
iNumb:; 5318;7173;6354;3087;8352;6174;6174;
iNumb:; 5319;8172;7443;3996;6264;4176;6174;6174;
iNumb:; 5320;5085;7992;7173;6354;3087;8352;6174;6174;
iNumb:; 5321;4086;8172;7443;3996;6264;4176;6174;6174;
iNumb:; 5322;3087;8352;6174;6174;
iNumb:; 5323;2997;7173;6354;3087;8352;6174;6174;
iNumb:; 5324;3087;8352;6174;6174;
iNumb:; 5325;3177;6354;3087;8352;6174;6174;
iNumb:; 5326;4176;6174;6174;
iNumb:; 5327;5175;5994;5355;1998;8082;8532;6174;6174;
iNumb:; 5328;6174;6174;
iNumb:; 5329;7173;6354;3087;8352;6174;6174;
iNumb:; 5330;4995;5355;1998;8082;8532;6174;6174;
iNumb:; 5331;3996;6264;4176;6174;6174;
iNumb:; 5332;2997;7173;6354;3087;8352;6174;6174;
iNumb:; 5333;1998;8082;8532;6174;6174;
iNumb:; 5334;2088;8532;6174;6174;
iNumb:; 5335;2178;7443;3996;6264;4176;6174;6174;
iNumb:; 5336;3177;6354;3087;8352;6174;6174;
iNumb:; 5337;4176;6174;6174;
iNumb:; 5338;5175;5994;5355;1998;8082;8532;6174;6174;
iNumb:; 5339;6174;6174;
iNumb:; 5340;5085;7992;7173;6354;3087;8352;6174;6174;
iNumb:; 5341;4086;8172;7443;3996;6264;4176;6174;6174;
iNumb:; 5342;3087;8352;6174;6174;
iNumb:; 5343;2088;8532;6174;6174;
iNumb:; 5344;1998;8082;8532;6174;6174;
iNumb:; 5345;2088;8532;6174;6174;
iNumb:; 5346;3087;8352;6174;6174;
iNumb:; 5347;4086;8172;7443;3996;6264;4176;6174;6174;
iNumb:; 5348;5085;7992;7173;6354;3087;8352;6174;6174;
iNumb:; 5349;6084;8172;7443;3996;6264;4176;6174;6174;
iNumb:; 5350;5175;5994;5355;1998;8082;8532;6174;6174;
iNumb:; 5351;4176;6174;6174;
iNumb:; 5352;3177;6354;3087;8352;6174;6174;
iNumb:; 5353;2178;7443;3996;6264;4176;6174;6174;
iNumb:; 5354;2088;8532;6174;6174;
iNumb:; 5355;1998;8082;8532;6174;6174;
iNumb:; 5356;2997;7173;6354;3087;8352;6174;6174;
iNumb:; 5357;3996;6264;4176;6174;6174;
iNumb:; 5358;4995;5355;1998;8082;8532;6174;6174;
iNumb:; 5359;5994;5355;1998;8082;8532;6174;6174;
iNumb:; 5360;6174;6174;
iNumb:; 5361;5175;5994;5355;1998;8082;8532;6174;6174;
iNumb:; 5362;4176;6174;6174;
iNumb:; 5363;3177;6354;3087;8352;6174;6174;
iNumb:; 5364;3087;8352;6174;6174;
iNumb:; 5365;2997;7173;6354;3087;8352;6174;6174;
iNumb:; 5366;3087;8352;6174;6174;
iNumb:; 5367;4086;8172;7443;3996;6264;4176;6174;6174;
iNumb:; 5368;5085;7992;7173;6354;3087;8352;6174;6174;
iNumb:; 5369;6084;8172;7443;3996;6264;4176;6174;6174;
iNumb:; 5370;7173;6354;3087;8352;6174;6174;
iNumb:; 5371;6174;6174;
iNumb:; 5372;5175;5994;5355;1998;8082;8532;6174;6174;
iNumb:; 5373;4176;6174;6174;
iNumb:; 5374;4086;8172;7443;3996;6264;4176;6174;6174;
iNumb:; 5375;3996;6264;4176;6174;6174;
iNumb:; 5376;4086;8172;7443;3996;6264;4176;6174;6174;
iNumb:; 5377;4176;6174;6174;
iNumb:; 5378;5175;5994;5355;1998;8082;8532;6174;6174;
iNumb:; 5379;6174;6174;
iNumb:; 5380;8172;7443;3996;6264;4176;6174;6174;
iNumb:; 5381;7173;6354;3087;8352;6174;6174;
iNumb:; 5382;6174;6174;
iNumb:; 5383;5175;5994;5355;1998;8082;8532;6174;6174;
iNumb:; 5384;5085;7992;7173;6354;3087;8352;6174;6174;
iNumb:; 5385;4995;5355;1998;8082;8532;6174;6174;
iNumb:; 5386;5085;7992;7173;6354;3087;8352;6174;6174;
iNumb:; 5387;5175;5994;5355;1998;8082;8532;6174;6174;
iNumb:; 5388;5265;3996;6264;4176;6174;6174;
iNumb:; 5389;6264;4176;6174;6174;
iNumb:; 5390;9171;8532;6174;6174;
iNumb:; 5391;8172;7443;3996;6264;4176;6174;6174;
iNumb:; 5392;7173;6354;3087;8352;6174;6174;
iNumb:; 5393;6174;6174;
iNumb:; 5394;6084;8172;7443;3996;6264;4176;6174;6174;
iNumb:; 5395;5994;5355;1998;8082;8532;6174;6174;
iNumb:; 5396;6084;8172;7443;3996;6264;4176;6174;6174;
iNumb:; 5397;6174;6174;
iNumb:; 5398;6264;4176;6174;6174;
iNumb:; 5399;6354;3087;8352;6174;6174;
iNumb:; 5400;5355;1998;8082;8532;6174;6174;
iNumb:; 5401;5265;3996;6264;4176;6174;6174;
iNumb:; 5402;5175;5994;5355;1998;8082;8532;6174;6174;
iNumb:; 5403;5085;7992;7173;6354;3087;8352;6174;6174;
iNumb:; 5404;4995;5355;1998;8082;8532;6174;6174;
iNumb:; 5405;5085;7992;7173;6354;3087;8352;6174;6174;
iNumb:; 5406;6084;8172;7443;3996;6264;4176;6174;6174;
iNumb:; 5407;7083;8352;6174;6174;
iNumb:; 5408;8082;8532;6174;6174;
iNumb:; 5409;9081;9621;8352;6174;6174;
iNumb:; 5410;5265;3996;6264;4176;6174;6174;
iNumb:; 5411;4266;4176;6174;6174;
iNumb:; 5412;4176;6174;6174;
iNumb:; 5413;4086;8172;7443;3996;6264;4176;6174;6174;
iNumb:; 5414;3996;6264;4176;6174;6174;
iNumb:; 5415;4086;8172;7443;3996;6264;4176;6174;6174;
iNumb:; 5416;5085;7992;7173;6354;3087;8352;6174;6174;
iNumb:; 5417;6084;8172;7443;3996;6264;4176;6174;6174;
iNumb:; 5418;7083;8352;6174;6174;
iNumb:; 5419;8082;8532;6174;6174;
iNumb:; 5420;5175;5994;5355;1998;8082;8532;6174;6174;
iNumb:; 5421;4176;6174;6174;
iNumb:; 5422;3177;6354;3087;8352;6174;6174;
iNumb:; 5423;3087;8352;6174;6174;
iNumb:; 5424;2997;7173;6354;3087;8352;6174;6174;
iNumb:; 5425;3087;8352;6174;6174;
iNumb:; 5426;4086;8172;7443;3996;6264;4176;6174;6174;
iNumb:; 5427;5085;7992;7173;6354;3087;8352;6174;6174;
iNumb:; 5428;6084;8172;7443;3996;6264;4176;6174;6174;
iNumb:; 5429;7083;8352;6174;6174;
iNumb:; 5430;5085;7992;7173;6354;3087;8352;6174;6174;
iNumb:; 5431;4086;8172;7443;3996;6264;4176;6174;6174;
iNumb:; 5432;3087;8352;6174;6174;
iNumb:; 5433;2088;8532;6174;6174;
iNumb:; 5434;1998;8082;8532;6174;6174;
iNumb:; 5435;2088;8532;6174;6174;
iNumb:; 5436;3087;8352;6174;6174;
iNumb:; 5437;4086;8172;7443;3996;6264;4176;6174;6174;
iNumb:; 5438;5085;7992;7173;6354;3087;8352;6174;6174;
iNumb:; 5439;6084;8172;7443;3996;6264;4176;6174;6174;
iNumb:; 5440;4995;5355;1998;8082;8532;6174;6174;
iNumb:; 5441;3996;6264;4176;6174;6174;
iNumb:; 5442;2997;7173;6354;3087;8352;6174;6174;
iNumb:; 5443;1998;8082;8532;6174;6174;
iNumb:; 5444;999;8991;8082;8532;6174;6174;
iNumb:; 5445;1089;9621;8352;6174;6174;
iNumb:; 5446;2088;8532;6174;6174;
iNumb:; 5447;3087;8352;6174;6174;
iNumb:; 5448;4086;8172;7443;3996;6264;4176;6174;6174;
iNumb:; 5449;5085;7992;7173;6354;3087;8352;6174;6174;
iNumb:; 5450;5085;7992;7173;6354;3087;8352;6174;6174;
iNumb:; 5451;4086;8172;7443;3996;6264;4176;6174;6174;
iNumb:; 5452;3087;8352;6174;6174;
iNumb:; 5453;2088;8532;6174;6174;
iNumb:; 5454;1089;9621;8352;6174;6174;
iNumb:; 5455;999;8991;8082;8532;6174;6174;
iNumb:; 5456;1998;8082;8532;6174;6174;
iNumb:; 5457;2997;7173;6354;3087;8352;6174;6174;
iNumb:; 5458;3996;6264;4176;6174;6174;
iNumb:; 5459;4995;5355;1998;8082;8532;6174;6174;
iNumb:; 5460;6084;8172;7443;3996;6264;4176;6174;6174;
iNumb:; 5461;5085;7992;7173;6354;3087;8352;6174;6174;
iNumb:; 5462;4086;8172;7443;3996;6264;4176;6174;6174;
iNumb:; 5463;3087;8352;6174;6174;
iNumb:; 5464;2088;8532;6174;6174;
iNumb:; 5465;1998;8082;8532;6174;6174;
iNumb:; 5466;2088;8532;6174;6174;
iNumb:; 5467;3087;8352;6174;6174;
iNumb:; 5468;4086;8172;7443;3996;6264;4176;6174;6174;
iNumb:; 5469;5085;7992;7173;6354;3087;8352;6174;6174;
iNumb:; 5470;7083;8352;6174;6174;
iNumb:; 5471;6084;8172;7443;3996;6264;4176;6174;6174;
iNumb:; 5472;5085;7992;7173;6354;3087;8352;6174;6174;
iNumb:; 5473;4086;8172;7443;3996;6264;4176;6174;6174;
iNumb:; 5474;3087;8352;6174;6174;
iNumb:; 5475;2997;7173;6354;3087;8352;6174;6174;
iNumb:; 5476;3087;8352;6174;6174;
iNumb:; 5477;3177;6354;3087;8352;6174;6174;
iNumb:; 5478;4176;6174;6174;
iNumb:; 5479;5175;5994;5355;1998;8082;8532;6174;6174;
iNumb:; 5480;8082;8532;6174;6174;
iNumb:; 5481;7083;8352;6174;6174;
iNumb:; 5482;6084;8172;7443;3996;6264;4176;6174;6174;
iNumb:; 5483;5085;7992;7173;6354;3087;8352;6174;6174;
iNumb:; 5484;4086;8172;7443;3996;6264;4176;6174;6174;
iNumb:; 5485;3996;6264;4176;6174;6174;
iNumb:; 5486;4086;8172;7443;3996;6264;4176;6174;6174;
iNumb:; 5487;4176;6174;6174;
iNumb:; 5488;4266;4176;6174;6174;
iNumb:; 5489;5265;3996;6264;4176;6174;6174;
iNumb:; 5490;9081;9621;8352;6174;6174;
iNumb:; 5491;8082;8532;6174;6174;
iNumb:; 5492;7083;8352;6174;6174;
iNumb:; 5493;6084;8172;7443;3996;6264;4176;6174;6174;
iNumb:; 5494;5085;7992;7173;6354;3087;8352;6174;6174;
iNumb:; 5495;4995;5355;1998;8082;8532;6174;6174;
iNumb:; 5496;5085;7992;7173;6354;3087;8352;6174;6174;
iNumb:; 5497;5175;5994;5355;1998;8082;8532;6174;6174;
iNumb:; 5498;5265;3996;6264;4176;6174;6174;
iNumb:; 5499;5355;1998;8082;8532;6174;6174;
iNumb:; 5500;5445;1089;9621;8352;6174;6174;
iNumb:; 5501;5355;1998;8082;8532;6174;6174;
iNumb:; 5502;5265;3996;6264;4176;6174;6174;
iNumb:; 5503;5175;5994;5355;1998;8082;8532;6174;6174;
iNumb:; 5504;5085;7992;7173;6354;3087;8352;6174;6174;
iNumb:; 5505;4995;5355;1998;8082;8532;6174;6174;
iNumb:; 5506;5994;5355;1998;8082;8532;6174;6174;
iNumb:; 5507;6993;6264;4176;6174;6174;
iNumb:; 5508;7992;7173;6354;3087;8352;6174;6174;
iNumb:; 5509;8991;8082;8532;6174;6174;
iNumb:; 5510;5355;1998;8082;8532;6174;6174;
iNumb:; 5511;4356;3087;8352;6174;6174;
iNumb:; 5512;4266;4176;6174;6174;
iNumb:; 5513;4176;6174;6174;
iNumb:; 5514;4086;8172;7443;3996;6264;4176;6174;6174;
iNumb:; 5515;3996;6264;4176;6174;6174;
iNumb:; 5516;4995;5355;1998;8082;8532;6174;6174;
iNumb:; 5517;5994;5355;1998;8082;8532;6174;6174;
iNumb:; 5518;6993;6264;4176;6174;6174;
iNumb:; 5519;7992;7173;6354;3087;8352;6174;6174;
iNumb:; 5520;5265;3996;6264;4176;6174;6174;
iNumb:; 5521;4266;4176;6174;6174;
iNumb:; 5522;3267;5265;3996;6264;4176;6174;6174;
iNumb:; 5523;3177;6354;3087;8352;6174;6174;
iNumb:; 5524;3087;8352;6174;6174;
iNumb:; 5525;2997;7173;6354;3087;8352;6174;6174;
iNumb:; 5526;3996;6264;4176;6174;6174;
iNumb:; 5527;4995;5355;1998;8082;8532;6174;6174;
iNumb:; 5528;5994;5355;1998;8082;8532;6174;6174;
iNumb:; 5529;6993;6264;4176;6174;6174;
iNumb:; 5530;5175;5994;5355;1998;8082;8532;6174;6174;
iNumb:; 5531;4176;6174;6174;
iNumb:; 5532;3177;6354;3087;8352;6174;6174;
iNumb:; 5533;2178;7443;3996;6264;4176;6174;6174;
iNumb:; 5534;2088;8532;6174;6174;
iNumb:; 5535;1998;8082;8532;6174;6174;
iNumb:; 5536;2997;7173;6354;3087;8352;6174;6174;
iNumb:; 5537;3996;6264;4176;6174;6174;
iNumb:; 5538;4995;5355;1998;8082;8532;6174;6174;
iNumb:; 5539;5994;5355;1998;8082;8532;6174;6174;
iNumb:; 5540;5085;7992;7173;6354;3087;8352;6174;6174;
iNumb:; 5541;4086;8172;7443;3996;6264;4176;6174;6174;
iNumb:; 5542;3087;8352;6174;6174;
iNumb:; 5543;2088;8532;6174;6174;
iNumb:; 5544;1089;9621;8352;6174;6174;
iNumb:; 5545;999;8991;8082;8532;6174;6174;
iNumb:; 5546;1998;8082;8532;6174;6174;
iNumb:; 5547;2997;7173;6354;3087;8352;6174;6174;
iNumb:; 5548;3996;6264;4176;6174;6174;
iNumb:; 5549;4995;5355;1998;8082;8532;6174;6174;
iNumb:; 5550;4995;5355;1998;8082;8532;6174;6174;
iNumb:; 5551;3996;6264;4176;6174;6174;
iNumb:; 5552;2997;7173;6354;3087;8352;6174;6174;
iNumb:; 5553;1998;8082;8532;6174;6174;
iNumb:; 5554;999;8991;8082;8532;6174;6174;
iNumb:; 5556;999;8991;8082;8532;6174;6174;
iNumb:; 5557;1998;8082;8532;6174;6174;
iNumb:; 5558;2997;7173;6354;3087;8352;6174;6174;
iNumb:; 5559;3996;6264;4176;6174;6174;
iNumb:; 5560;5994;5355;1998;8082;8532;6174;6174;
iNumb:; 5561;4995;5355;1998;8082;8532;6174;6174;
iNumb:; 5562;3996;6264;4176;6174;6174;
iNumb:; 5563;2997;7173;6354;3087;8352;6174;6174;
iNumb:; 5564;1998;8082;8532;6174;6174;
iNumb:; 5565;999;8991;8082;8532;6174;6174;
iNumb:; 5566;1089;9621;8352;6174;6174;
iNumb:; 5567;2088;8532;6174;6174;
iNumb:; 5568;3087;8352;6174;6174;
iNumb:; 5569;4086;8172;7443;3996;6264;4176;6174;6174;
iNumb:; 5570;6993;6264;4176;6174;6174;
iNumb:; 5571;5994;5355;1998;8082;8532;6174;6174;
iNumb:; 5572;4995;5355;1998;8082;8532;6174;6174;
iNumb:; 5573;3996;6264;4176;6174;6174;
iNumb:; 5574;2997;7173;6354;3087;8352;6174;6174;
iNumb:; 5575;1998;8082;8532;6174;6174;
iNumb:; 5576;2088;8532;6174;6174;
iNumb:; 5577;2178;7443;3996;6264;4176;6174;6174;
iNumb:; 5578;3177;6354;3087;8352;6174;6174;
iNumb:; 5579;4176;6174;6174;
iNumb:; 5580;7992;7173;6354;3087;8352;6174;6174;
iNumb:; 5581;6993;6264;4176;6174;6174;
iNumb:; 5582;5994;5355;1998;8082;8532;6174;6174;
iNumb:; 5583;4995;5355;1998;8082;8532;6174;6174;
iNumb:; 5584;3996;6264;4176;6174;6174;
iNumb:; 5585;2997;7173;6354;3087;8352;6174;6174;
iNumb:; 5586;3087;8352;6174;6174;
iNumb:; 5587;3177;6354;3087;8352;6174;6174;
iNumb:; 5588;3267;5265;3996;6264;4176;6174;6174;
iNumb:; 5589;4266;4176;6174;6174;
iNumb:; 5590;8991;8082;8532;6174;6174;
iNumb:; 5591;7992;7173;6354;3087;8352;6174;6174;
iNumb:; 5592;6993;6264;4176;6174;6174;
iNumb:; 5593;5994;5355;1998;8082;8532;6174;6174;
iNumb:; 5594;4995;5355;1998;8082;8532;6174;6174;
iNumb:; 5595;3996;6264;4176;6174;6174;
iNumb:; 5596;4086;8172;7443;3996;6264;4176;6174;6174;
iNumb:; 5597;4176;6174;6174;
iNumb:; 5598;4266;4176;6174;6174;
iNumb:; 5599;4356;3087;8352;6174;6174;
iNumb:; 5600;6444;1998;8082;8532;6174;6174;
iNumb:; 5601;6354;3087;8352;6174;6174;
iNumb:; 5602;6264;4176;6174;6174;
iNumb:; 5603;6174;6174;
iNumb:; 5604;6084;8172;7443;3996;6264;4176;6174;6174;
iNumb:; 5605;5994;5355;1998;8082;8532;6174;6174;
iNumb:; 5606;6084;8172;7443;3996;6264;4176;6174;6174;
iNumb:; 5607;7083;8352;6174;6174;
iNumb:; 5608;8082;8532;6174;6174;
iNumb:; 5609;9081;9621;8352;6174;6174;
iNumb:; 5610;6354;3087;8352;6174;6174;
iNumb:; 5611;5355;1998;8082;8532;6174;6174;
iNumb:; 5612;5265;3996;6264;4176;6174;6174;
iNumb:; 5613;5175;5994;5355;1998;8082;8532;6174;6174;
iNumb:; 5614;5085;7992;7173;6354;3087;8352;6174;6174;
iNumb:; 5615;4995;5355;1998;8082;8532;6174;6174;
iNumb:; 5616;5085;7992;7173;6354;3087;8352;6174;6174;
iNumb:; 5617;6084;8172;7443;3996;6264;4176;6174;6174;
iNumb:; 5618;7083;8352;6174;6174;
iNumb:; 5619;8082;8532;6174;6174;
iNumb:; 5620;6264;4176;6174;6174;
iNumb:; 5621;5265;3996;6264;4176;6174;6174;
iNumb:; 5622;4266;4176;6174;6174;
iNumb:; 5623;4176;6174;6174;
iNumb:; 5624;4086;8172;7443;3996;6264;4176;6174;6174;
iNumb:; 5625;3996;6264;4176;6174;6174;
iNumb:; 5626;4086;8172;7443;3996;6264;4176;6174;6174;
iNumb:; 5627;5085;7992;7173;6354;3087;8352;6174;6174;
iNumb:; 5628;6084;8172;7443;3996;6264;4176;6174;6174;
iNumb:; 5629;7083;8352;6174;6174;
iNumb:; 5630;6174;6174;
iNumb:; 5631;5175;5994;5355;1998;8082;8532;6174;6174;
iNumb:; 5632;4176;6174;6174;
iNumb:; 5633;3177;6354;3087;8352;6174;6174;
iNumb:; 5634;3087;8352;6174;6174;
iNumb:; 5635;2997;7173;6354;3087;8352;6174;6174;
iNumb:; 5636;3087;8352;6174;6174;
iNumb:; 5637;4086;8172;7443;3996;6264;4176;6174;6174;
iNumb:; 5638;5085;7992;7173;6354;3087;8352;6174;6174;
iNumb:; 5639;6084;8172;7443;3996;6264;4176;6174;6174;
iNumb:; 5640;6084;8172;7443;3996;6264;4176;6174;6174;
iNumb:; 5641;5085;7992;7173;6354;3087;8352;6174;6174;
iNumb:; 5642;4086;8172;7443;3996;6264;4176;6174;6174;
iNumb:; 5643;3087;8352;6174;6174;
iNumb:; 5644;2088;8532;6174;6174;
iNumb:; 5645;1998;8082;8532;6174;6174;
iNumb:; 5646;2088;8532;6174;6174;
iNumb:; 5647;3087;8352;6174;6174;
iNumb:; 5648;4086;8172;7443;3996;6264;4176;6174;6174;
iNumb:; 5649;5085;7992;7173;6354;3087;8352;6174;6174;
iNumb:; 5650;5994;5355;1998;8082;8532;6174;6174;
iNumb:; 5651;4995;5355;1998;8082;8532;6174;6174;
iNumb:; 5652;3996;6264;4176;6174;6174;
iNumb:; 5653;2997;7173;6354;3087;8352;6174;6174;
iNumb:; 5654;1998;8082;8532;6174;6174;
iNumb:; 5655;999;8991;8082;8532;6174;6174;
iNumb:; 5656;1089;9621;8352;6174;6174;
iNumb:; 5657;2088;8532;6174;6174;
iNumb:; 5658;3087;8352;6174;6174;
iNumb:; 5659;4086;8172;7443;3996;6264;4176;6174;6174;
iNumb:; 5660;6084;8172;7443;3996;6264;4176;6174;6174;
iNumb:; 5661;5085;7992;7173;6354;3087;8352;6174;6174;
iNumb:; 5662;4086;8172;7443;3996;6264;4176;6174;6174;
iNumb:; 5663;3087;8352;6174;6174;
iNumb:; 5664;2088;8532;6174;6174;
iNumb:; 5665;1089;9621;8352;6174;6174;
iNumb:; 5666;999;8991;8082;8532;6174;6174;
iNumb:; 5667;1998;8082;8532;6174;6174;
iNumb:; 5668;2997;7173;6354;3087;8352;6174;6174;
iNumb:; 5669;3996;6264;4176;6174;6174;
iNumb:; 5670;7083;8352;6174;6174;
iNumb:; 5671;6084;8172;7443;3996;6264;4176;6174;6174;
iNumb:; 5672;5085;7992;7173;6354;3087;8352;6174;6174;
iNumb:; 5673;4086;8172;7443;3996;6264;4176;6174;6174;
iNumb:; 5674;3087;8352;6174;6174;
iNumb:; 5675;2088;8532;6174;6174;
iNumb:; 5676;1998;8082;8532;6174;6174;
iNumb:; 5677;2088;8532;6174;6174;
iNumb:; 5678;3087;8352;6174;6174;
iNumb:; 5679;4086;8172;7443;3996;6264;4176;6174;6174;
iNumb:; 5680;8082;8532;6174;6174;
iNumb:; 5681;7083;8352;6174;6174;
iNumb:; 5682;6084;8172;7443;3996;6264;4176;6174;6174;
iNumb:; 5683;5085;7992;7173;6354;3087;8352;6174;6174;
iNumb:; 5684;4086;8172;7443;3996;6264;4176;6174;6174;
iNumb:; 5685;3087;8352;6174;6174;
iNumb:; 5686;2997;7173;6354;3087;8352;6174;6174;
iNumb:; 5687;3087;8352;6174;6174;
iNumb:; 5688;3177;6354;3087;8352;6174;6174;
iNumb:; 5689;4176;6174;6174;
iNumb:; 5690;9081;9621;8352;6174;6174;
iNumb:; 5691;8082;8532;6174;6174;
iNumb:; 5692;7083;8352;6174;6174;
iNumb:; 5693;6084;8172;7443;3996;6264;4176;6174;6174;
iNumb:; 5694;5085;7992;7173;6354;3087;8352;6174;6174;
iNumb:; 5695;4086;8172;7443;3996;6264;4176;6174;6174;
iNumb:; 5696;3996;6264;4176;6174;6174;
iNumb:; 5697;4086;8172;7443;3996;6264;4176;6174;6174;
iNumb:; 5698;4176;6174;6174;
iNumb:; 5699;4266;4176;6174;6174;
iNumb:; 5700;7443;3996;6264;4176;6174;6174;
iNumb:; 5701;7353;4176;6174;6174;
iNumb:; 5702;7263;5265;3996;6264;4176;6174;6174;
iNumb:; 5703;7173;6354;3087;8352;6174;6174;
iNumb:; 5704;7083;8352;6174;6174;
iNumb:; 5705;6993;6264;4176;6174;6174;
iNumb:; 5706;7083;8352;6174;6174;
iNumb:; 5707;7173;6354;3087;8352;6174;6174;
iNumb:; 5708;8172;7443;3996;6264;4176;6174;6174;
iNumb:; 5709;9171;8532;6174;6174;
iNumb:; 5710;7353;4176;6174;6174;
iNumb:; 5711;6354;3087;8352;6174;6174;
iNumb:; 5712;6264;4176;6174;6174;
iNumb:; 5713;6174;6174;
iNumb:; 5714;6084;8172;7443;3996;6264;4176;6174;6174;
iNumb:; 5715;5994;5355;1998;8082;8532;6174;6174;
iNumb:; 5716;6084;8172;7443;3996;6264;4176;6174;6174;
iNumb:; 5717;6174;6174;
iNumb:; 5718;7173;6354;3087;8352;6174;6174;
iNumb:; 5719;8172;7443;3996;6264;4176;6174;6174;
iNumb:; 5720;7263;5265;3996;6264;4176;6174;6174;
iNumb:; 5721;6264;4176;6174;6174;
iNumb:; 5722;5265;3996;6264;4176;6174;6174;
iNumb:; 5723;5175;5994;5355;1998;8082;8532;6174;6174;
iNumb:; 5724;5085;7992;7173;6354;3087;8352;6174;6174;
iNumb:; 5725;4995;5355;1998;8082;8532;6174;6174;
iNumb:; 5726;5085;7992;7173;6354;3087;8352;6174;6174;
iNumb:; 5727;5175;5994;5355;1998;8082;8532;6174;6174;
iNumb:; 5728;6174;6174;
iNumb:; 5729;7173;6354;3087;8352;6174;6174;
iNumb:; 5730;7173;6354;3087;8352;6174;6174;
iNumb:; 5731;6174;6174;
iNumb:; 5732;5175;5994;5355;1998;8082;8532;6174;6174;
iNumb:; 5733;4176;6174;6174;
iNumb:; 5734;4086;8172;7443;3996;6264;4176;6174;6174;
iNumb:; 5735;3996;6264;4176;6174;6174;
iNumb:; 5736;4086;8172;7443;3996;6264;4176;6174;6174;
iNumb:; 5737;4176;6174;6174;
iNumb:; 5738;5175;5994;5355;1998;8082;8532;6174;6174;
iNumb:; 5739;6174;6174;
iNumb:; 5740;7083;8352;6174;6174;
iNumb:; 5741;6084;8172;7443;3996;6264;4176;6174;6174;
iNumb:; 5742;5085;7992;7173;6354;3087;8352;6174;6174;
iNumb:; 5743;4086;8172;7443;3996;6264;4176;6174;6174;
iNumb:; 5744;3087;8352;6174;6174;
iNumb:; 5745;2997;7173;6354;3087;8352;6174;6174;
iNumb:; 5746;3087;8352;6174;6174;
iNumb:; 5747;3177;6354;3087;8352;6174;6174;
iNumb:; 5748;4176;6174;6174;
iNumb:; 5749;5175;5994;5355;1998;8082;8532;6174;6174;
iNumb:; 5750;6993;6264;4176;6174;6174;
iNumb:; 5751;5994;5355;1998;8082;8532;6174;6174;
iNumb:; 5752;4995;5355;1998;8082;8532;6174;6174;
iNumb:; 5753;3996;6264;4176;6174;6174;
iNumb:; 5754;2997;7173;6354;3087;8352;6174;6174;
iNumb:; 5755;1998;8082;8532;6174;6174;
iNumb:; 5756;2088;8532;6174;6174;
iNumb:; 5757;2178;7443;3996;6264;4176;6174;6174;
iNumb:; 5758;3177;6354;3087;8352;6174;6174;
iNumb:; 5759;4176;6174;6174;
iNumb:; 5760;7083;8352;6174;6174;
iNumb:; 5761;6084;8172;7443;3996;6264;4176;6174;6174;
iNumb:; 5762;5085;7992;7173;6354;3087;8352;6174;6174;
iNumb:; 5763;4086;8172;7443;3996;6264;4176;6174;6174;
iNumb:; 5764;3087;8352;6174;6174;
iNumb:; 5765;2088;8532;6174;6174;
iNumb:; 5766;1998;8082;8532;6174;6174;
iNumb:; 5767;2088;8532;6174;6174;
iNumb:; 5768;3087;8352;6174;6174;
iNumb:; 5769;4086;8172;7443;3996;6264;4176;6174;6174;
iNumb:; 5770;7173;6354;3087;8352;6174;6174;
iNumb:; 5771;6174;6174;
iNumb:; 5772;5175;5994;5355;1998;8082;8532;6174;6174;
iNumb:; 5773;4176;6174;6174;
iNumb:; 5774;3177;6354;3087;8352;6174;6174;
iNumb:; 5775;2178;7443;3996;6264;4176;6174;6174;
iNumb:; 5776;2088;8532;6174;6174;
iNumb:; 5777;1998;8082;8532;6174;6174;
iNumb:; 5778;2997;7173;6354;3087;8352;6174;6174;
iNumb:; 5779;3996;6264;4176;6174;6174;
iNumb:; 5780;8172;7443;3996;6264;4176;6174;6174;
iNumb:; 5781;7173;6354;3087;8352;6174;6174;
iNumb:; 5782;6174;6174;
iNumb:; 5783;5175;5994;5355;1998;8082;8532;6174;6174;
iNumb:; 5784;4176;6174;6174;
iNumb:; 5785;3177;6354;3087;8352;6174;6174;
iNumb:; 5786;3087;8352;6174;6174;
iNumb:; 5787;2997;7173;6354;3087;8352;6174;6174;
iNumb:; 5788;3087;8352;6174;6174;
iNumb:; 5789;4086;8172;7443;3996;6264;4176;6174;6174;
iNumb:; 5790;9171;8532;6174;6174;
iNumb:; 5791;8172;7443;3996;6264;4176;6174;6174;
iNumb:; 5792;7173;6354;3087;8352;6174;6174;
iNumb:; 5793;6174;6174;
iNumb:; 5794;5175;5994;5355;1998;8082;8532;6174;6174;
iNumb:; 5795;4176;6174;6174;
iNumb:; 5796;4086;8172;7443;3996;6264;4176;6174;6174;
iNumb:; 5797;3996;6264;4176;6174;6174;
iNumb:; 5798;4086;8172;7443;3996;6264;4176;6174;6174;
iNumb:; 5799;4176;6174;6174;
iNumb:; 5800;8442;5994;5355;1998;8082;8532;6174;6174;
iNumb:; 5801;8352;6174;6174;
iNumb:; 5802;8262;6354;3087;8352;6174;6174;
iNumb:; 5803;8172;7443;3996;6264;4176;6174;6174;
iNumb:; 5804;8082;8532;6174;6174;
iNumb:; 5805;7992;7173;6354;3087;8352;6174;6174;
iNumb:; 5806;8082;8532;6174;6174;
iNumb:; 5807;8172;7443;3996;6264;4176;6174;6174;
iNumb:; 5808;8262;6354;3087;8352;6174;6174;
iNumb:; 5809;9261;8352;6174;6174;
iNumb:; 5810;8352;6174;6174;
iNumb:; 5811;7353;4176;6174;6174;
iNumb:; 5812;7263;5265;3996;6264;4176;6174;6174;
iNumb:; 5813;7173;6354;3087;8352;6174;6174;
iNumb:; 5814;7083;8352;6174;6174;
iNumb:; 5815;6993;6264;4176;6174;6174;
iNumb:; 5816;7083;8352;6174;6174;
iNumb:; 5817;7173;6354;3087;8352;6174;6174;
iNumb:; 5818;7263;5265;3996;6264;4176;6174;6174;
iNumb:; 5819;8262;6354;3087;8352;6174;6174;
iNumb:; 5820;8262;6354;3087;8352;6174;6174;
iNumb:; 5821;7263;5265;3996;6264;4176;6174;6174;
iNumb:; 5822;6264;4176;6174;6174;
iNumb:; 5823;6174;6174;
iNumb:; 5824;6084;8172;7443;3996;6264;4176;6174;6174;
iNumb:; 5825;5994;5355;1998;8082;8532;6174;6174;
iNumb:; 5826;6084;8172;7443;3996;6264;4176;6174;6174;
iNumb:; 5827;6174;6174;
iNumb:; 5828;6264;4176;6174;6174;
iNumb:; 5829;7263;5265;3996;6264;4176;6174;6174;
iNumb:; 5830;8172;7443;3996;6264;4176;6174;6174;
iNumb:; 5831;7173;6354;3087;8352;6174;6174;
iNumb:; 5832;6174;6174;
iNumb:; 5833;5175;5994;5355;1998;8082;8532;6174;6174;
iNumb:; 5834;5085;7992;7173;6354;3087;8352;6174;6174;
iNumb:; 5835;4995;5355;1998;8082;8532;6174;6174;
iNumb:; 5836;5085;7992;7173;6354;3087;8352;6174;6174;
iNumb:; 5837;5175;5994;5355;1998;8082;8532;6174;6174;
iNumb:; 5838;5265;3996;6264;4176;6174;6174;
iNumb:; 5839;6264;4176;6174;6174;
iNumb:; 5840;8082;8532;6174;6174;
iNumb:; 5841;7083;8352;6174;6174;
iNumb:; 5842;6084;8172;7443;3996;6264;4176;6174;6174;
iNumb:; 5843;5085;7992;7173;6354;3087;8352;6174;6174;
iNumb:; 5844;4086;8172;7443;3996;6264;4176;6174;6174;
iNumb:; 5845;3996;6264;4176;6174;6174;
iNumb:; 5846;4086;8172;7443;3996;6264;4176;6174;6174;
iNumb:; 5847;4176;6174;6174;
iNumb:; 5848;4266;4176;6174;6174;
iNumb:; 5849;5265;3996;6264;4176;6174;6174;
iNumb:; 5850;7992;7173;6354;3087;8352;6174;6174;
iNumb:; 5851;6993;6264;4176;6174;6174;
iNumb:; 5852;5994;5355;1998;8082;8532;6174;6174;
iNumb:; 5853;4995;5355;1998;8082;8532;6174;6174;
iNumb:; 5854;3996;6264;4176;6174;6174;
iNumb:; 5855;2997;7173;6354;3087;8352;6174;6174;
iNumb:; 5856;3087;8352;6174;6174;
iNumb:; 5857;3177;6354;3087;8352;6174;6174;
iNumb:; 5858;3267;5265;3996;6264;4176;6174;6174;
iNumb:; 5859;4266;4176;6174;6174;
iNumb:; 5860;8082;8532;6174;6174;
iNumb:; 5861;7083;8352;6174;6174;
iNumb:; 5862;6084;8172;7443;3996;6264;4176;6174;6174;
iNumb:; 5863;5085;7992;7173;6354;3087;8352;6174;6174;
iNumb:; 5864;4086;8172;7443;3996;6264;4176;6174;6174;
iNumb:; 5865;3087;8352;6174;6174;
iNumb:; 5866;2997;7173;6354;3087;8352;6174;6174;
iNumb:; 5867;3087;8352;6174;6174;
iNumb:; 5868;3177;6354;3087;8352;6174;6174;
iNumb:; 5869;4176;6174;6174;
iNumb:; 5870;8172;7443;3996;6264;4176;6174;6174;
iNumb:; 5871;7173;6354;3087;8352;6174;6174;
iNumb:; 5872;6174;6174;
iNumb:; 5873;5175;5994;5355;1998;8082;8532;6174;6174;
iNumb:; 5874;4176;6174;6174;
iNumb:; 5875;3177;6354;3087;8352;6174;6174;
iNumb:; 5876;3087;8352;6174;6174;
iNumb:; 5877;2997;7173;6354;3087;8352;6174;6174;
iNumb:; 5878;3087;8352;6174;6174;
iNumb:; 5879;4086;8172;7443;3996;6264;4176;6174;6174;
iNumb:; 5880;8262;6354;3087;8352;6174;6174;
iNumb:; 5881;7263;5265;3996;6264;4176;6174;6174;
iNumb:; 5882;6264;4176;6174;6174;
iNumb:; 5883;5265;3996;6264;4176;6174;6174;
iNumb:; 5884;4266;4176;6174;6174;
iNumb:; 5885;3267;5265;3996;6264;4176;6174;6174;
iNumb:; 5886;3177;6354;3087;8352;6174;6174;
iNumb:; 5887;3087;8352;6174;6174;
iNumb:; 5888;2997;7173;6354;3087;8352;6174;6174;
iNumb:; 5889;3996;6264;4176;6174;6174;
iNumb:; 5890;9261;8352;6174;6174;
iNumb:; 5891;8262;6354;3087;8352;6174;6174;
iNumb:; 5892;7263;5265;3996;6264;4176;6174;6174;
iNumb:; 5893;6264;4176;6174;6174;
iNumb:; 5894;5265;3996;6264;4176;6174;6174;
iNumb:; 5895;4266;4176;6174;6174;
iNumb:; 5896;4176;6174;6174;
iNumb:; 5897;4086;8172;7443;3996;6264;4176;6174;6174;
iNumb:; 5898;3996;6264;4176;6174;6174;
iNumb:; 5899;4086;8172;7443;3996;6264;4176;6174;6174;
iNumb:; 5900;9441;7992;7173;6354;3087;8352;6174;6174;
iNumb:; 5901;9351;8172;7443;3996;6264;4176;6174;6174;
iNumb:; 5902;9261;8352;6174;6174;
iNumb:; 5903;9171;8532;6174;6174;
iNumb:; 5904;9081;9621;8352;6174;6174;
iNumb:; 5905;8991;8082;8532;6174;6174;
iNumb:; 5906;9081;9621;8352;6174;6174;
iNumb:; 5907;9171;8532;6174;6174;
iNumb:; 5908;9261;8352;6174;6174;
iNumb:; 5909;9351;8172;7443;3996;6264;4176;6174;6174;
iNumb:; 5910;9351;8172;7443;3996;6264;4176;6174;6174;
iNumb:; 5911;8352;6174;6174;
iNumb:; 5912;8262;6354;3087;8352;6174;6174;
iNumb:; 5913;8172;7443;3996;6264;4176;6174;6174;
iNumb:; 5914;8082;8532;6174;6174;
iNumb:; 5915;7992;7173;6354;3087;8352;6174;6174;
iNumb:; 5916;8082;8532;6174;6174;
iNumb:; 5917;8172;7443;3996;6264;4176;6174;6174;
iNumb:; 5918;8262;6354;3087;8352;6174;6174;
iNumb:; 5919;8352;6174;6174;
iNumb:; 5920;9261;8352;6174;6174;
iNumb:; 5921;8262;6354;3087;8352;6174;6174;
iNumb:; 5922;7263;5265;3996;6264;4176;6174;6174;
iNumb:; 5923;7173;6354;3087;8352;6174;6174;
iNumb:; 5924;7083;8352;6174;6174;
iNumb:; 5925;6993;6264;4176;6174;6174;
iNumb:; 5926;7083;8352;6174;6174;
iNumb:; 5927;7173;6354;3087;8352;6174;6174;
iNumb:; 5928;7263;5265;3996;6264;4176;6174;6174;
iNumb:; 5929;7353;4176;6174;6174;
iNumb:; 5930;9171;8532;6174;6174;
iNumb:; 5931;8172;7443;3996;6264;4176;6174;6174;
iNumb:; 5932;7173;6354;3087;8352;6174;6174;
iNumb:; 5933;6174;6174;
iNumb:; 5934;6084;8172;7443;3996;6264;4176;6174;6174;
iNumb:; 5935;5994;5355;1998;8082;8532;6174;6174;
iNumb:; 5936;6084;8172;7443;3996;6264;4176;6174;6174;
iNumb:; 5937;6174;6174;
iNumb:; 5938;6264;4176;6174;6174;
iNumb:; 5939;6354;3087;8352;6174;6174;
iNumb:; 5940;9081;9621;8352;6174;6174;
iNumb:; 5941;8082;8532;6174;6174;
iNumb:; 5942;7083;8352;6174;6174;
iNumb:; 5943;6084;8172;7443;3996;6264;4176;6174;6174;
iNumb:; 5944;5085;7992;7173;6354;3087;8352;6174;6174;
iNumb:; 5945;4995;5355;1998;8082;8532;6174;6174;
iNumb:; 5946;5085;7992;7173;6354;3087;8352;6174;6174;
iNumb:; 5947;5175;5994;5355;1998;8082;8532;6174;6174;
iNumb:; 5948;5265;3996;6264;4176;6174;6174;
iNumb:; 5949;5355;1998;8082;8532;6174;6174;
iNumb:; 5950;8991;8082;8532;6174;6174;
iNumb:; 5951;7992;7173;6354;3087;8352;6174;6174;
iNumb:; 5952;6993;6264;4176;6174;6174;
iNumb:; 5953;5994;5355;1998;8082;8532;6174;6174;
iNumb:; 5954;4995;5355;1998;8082;8532;6174;6174;
iNumb:; 5955;3996;6264;4176;6174;6174;
iNumb:; 5956;4086;8172;7443;3996;6264;4176;6174;6174;
iNumb:; 5957;4176;6174;6174;
iNumb:; 5958;4266;4176;6174;6174;
iNumb:; 5959;4356;3087;8352;6174;6174;
iNumb:; 5960;9081;9621;8352;6174;6174;
iNumb:; 5961;8082;8532;6174;6174;
iNumb:; 5962;7083;8352;6174;6174;
iNumb:; 5963;6084;8172;7443;3996;6264;4176;6174;6174;
iNumb:; 5964;5085;7992;7173;6354;3087;8352;6174;6174;
iNumb:; 5965;4086;8172;7443;3996;6264;4176;6174;6174;
iNumb:; 5966;3996;6264;4176;6174;6174;
iNumb:; 5967;4086;8172;7443;3996;6264;4176;6174;6174;
iNumb:; 5968;4176;6174;6174;
iNumb:; 5969;4266;4176;6174;6174;
iNumb:; 5970;9171;8532;6174;6174;
iNumb:; 5971;8172;7443;3996;6264;4176;6174;6174;
iNumb:; 5972;7173;6354;3087;8352;6174;6174;
iNumb:; 5973;6174;6174;
iNumb:; 5974;5175;5994;5355;1998;8082;8532;6174;6174;
iNumb:; 5975;4176;6174;6174;
iNumb:; 5976;4086;8172;7443;3996;6264;4176;6174;6174;
iNumb:; 5977;3996;6264;4176;6174;6174;
iNumb:; 5978;4086;8172;7443;3996;6264;4176;6174;6174;
iNumb:; 5979;4176;6174;6174;
iNumb:; 5980;9261;8352;6174;6174;
iNumb:; 5981;8262;6354;3087;8352;6174;6174;
iNumb:; 5982;7263;5265;3996;6264;4176;6174;6174;
iNumb:; 5983;6264;4176;6174;6174;
iNumb:; 5984;5265;3996;6264;4176;6174;6174;
iNumb:; 5985;4266;4176;6174;6174;
iNumb:; 5986;4176;6174;6174;
iNumb:; 5987;4086;8172;7443;3996;6264;4176;6174;6174;
iNumb:; 5988;3996;6264;4176;6174;6174;
iNumb:; 5989;4086;8172;7443;3996;6264;4176;6174;6174;
iNumb:; 5990;9351;8172;7443;3996;6264;4176;6174;6174;
iNumb:; 5991;8352;6174;6174;
iNumb:; 5992;7353;4176;6174;6174;
iNumb:; 5993;6354;3087;8352;6174;6174;
iNumb:; 5994;5355;1998;8082;8532;6174;6174;
iNumb:; 5995;4356;3087;8352;6174;6174;
iNumb:; 5996;4266;4176;6174;6174;
iNumb:; 5997;4176;6174;6174;
iNumb:; 5998;4086;8172;7443;3996;6264;4176;6174;6174;
iNumb:; 5999;3996;6264;4176;6174;6174;
iNumb:; 6000;5994;5355;1998;8082;8532;6174;6174;
iNumb:; 6001;6084;8172;7443;3996;6264;4176;6174;6174;
iNumb:; 6002;6174;6174;
iNumb:; 6003;6264;4176;6174;6174;
iNumb:; 6004;6354;3087;8352;6174;6174;
iNumb:; 6005;6444;1998;8082;8532;6174;6174;
iNumb:; 6006;6534;3087;8352;6174;6174;
iNumb:; 6007;7533;4176;6174;6174;
iNumb:; 6008;8532;6174;6174;
iNumb:; 6009;9531;8172;7443;3996;6264;4176;6174;6174;
iNumb:; 6010;6084;8172;7443;3996;6264;4176;6174;6174;
iNumb:; 6011;5994;5355;1998;8082;8532;6174;6174;
iNumb:; 6012;6084;8172;7443;3996;6264;4176;6174;6174;
iNumb:; 6013;6174;6174;
iNumb:; 6014;6264;4176;6174;6174;
iNumb:; 6015;6354;3087;8352;6174;6174;
iNumb:; 6016;6444;1998;8082;8532;6174;6174;
iNumb:; 6017;7443;3996;6264;4176;6174;6174;
iNumb:; 6018;8442;5994;5355;1998;8082;8532;6174;6174;
iNumb:; 6019;9441;7992;7173;6354;3087;8352;6174;6174;
iNumb:; 6020;6174;6174;
iNumb:; 6021;6084;8172;7443;3996;6264;4176;6174;6174;
iNumb:; 6022;5994;5355;1998;8082;8532;6174;6174;
iNumb:; 6023;6084;8172;7443;3996;6264;4176;6174;6174;
iNumb:; 6024;6174;6174;
iNumb:; 6025;6264;4176;6174;6174;
iNumb:; 6026;6354;3087;8352;6174;6174;
iNumb:; 6027;7353;4176;6174;6174;
iNumb:; 6028;8352;6174;6174;
iNumb:; 6029;9351;8172;7443;3996;6264;4176;6174;6174;
iNumb:; 6030;6264;4176;6174;6174;
iNumb:; 6031;6174;6174;
iNumb:; 6032;6084;8172;7443;3996;6264;4176;6174;6174;
iNumb:; 6033;5994;5355;1998;8082;8532;6174;6174;
iNumb:; 6034;6084;8172;7443;3996;6264;4176;6174;6174;
iNumb:; 6035;6174;6174;
iNumb:; 6036;6264;4176;6174;6174;
iNumb:; 6037;7263;5265;3996;6264;4176;6174;6174;
iNumb:; 6038;8262;6354;3087;8352;6174;6174;
iNumb:; 6039;9261;8352;6174;6174;
iNumb:; 6040;6354;3087;8352;6174;6174;
iNumb:; 6041;6264;4176;6174;6174;
iNumb:; 6042;6174;6174;
iNumb:; 6043;6084;8172;7443;3996;6264;4176;6174;6174;
iNumb:; 6044;5994;5355;1998;8082;8532;6174;6174;
iNumb:; 6045;6084;8172;7443;3996;6264;4176;6174;6174;
iNumb:; 6046;6174;6174;
iNumb:; 6047;7173;6354;3087;8352;6174;6174;
iNumb:; 6048;8172;7443;3996;6264;4176;6174;6174;
iNumb:; 6049;9171;8532;6174;6174;
iNumb:; 6050;6444;1998;8082;8532;6174;6174;
iNumb:; 6051;6354;3087;8352;6174;6174;
iNumb:; 6052;6264;4176;6174;6174;
iNumb:; 6053;6174;6174;
iNumb:; 6054;6084;8172;7443;3996;6264;4176;6174;6174;
iNumb:; 6055;5994;5355;1998;8082;8532;6174;6174;
iNumb:; 6056;6084;8172;7443;3996;6264;4176;6174;6174;
iNumb:; 6057;7083;8352;6174;6174;
iNumb:; 6058;8082;8532;6174;6174;
iNumb:; 6059;9081;9621;8352;6174;6174;
iNumb:; 6060;6534;3087;8352;6174;6174;
iNumb:; 6061;6444;1998;8082;8532;6174;6174;
iNumb:; 6062;6354;3087;8352;6174;6174;
iNumb:; 6063;6264;4176;6174;6174;
iNumb:; 6064;6174;6174;
iNumb:; 6065;6084;8172;7443;3996;6264;4176;6174;6174;
iNumb:; 6066;5994;5355;1998;8082;8532;6174;6174;
iNumb:; 6067;6993;6264;4176;6174;6174;
iNumb:; 6068;7992;7173;6354;3087;8352;6174;6174;
iNumb:; 6069;8991;8082;8532;6174;6174;
iNumb:; 6070;7533;4176;6174;6174;
iNumb:; 6071;7443;3996;6264;4176;6174;6174;
iNumb:; 6072;7353;4176;6174;6174;
iNumb:; 6073;7263;5265;3996;6264;4176;6174;6174;
iNumb:; 6074;7173;6354;3087;8352;6174;6174;
iNumb:; 6075;7083;8352;6174;6174;
iNumb:; 6076;6993;6264;4176;6174;6174;
iNumb:; 6077;7083;8352;6174;6174;
iNumb:; 6078;8082;8532;6174;6174;
iNumb:; 6079;9081;9621;8352;6174;6174;
iNumb:; 6080;8532;6174;6174;
iNumb:; 6081;8442;5994;5355;1998;8082;8532;6174;6174;
iNumb:; 6082;8352;6174;6174;
iNumb:; 6083;8262;6354;3087;8352;6174;6174;
iNumb:; 6084;8172;7443;3996;6264;4176;6174;6174;
iNumb:; 6085;8082;8532;6174;6174;
iNumb:; 6086;7992;7173;6354;3087;8352;6174;6174;
iNumb:; 6087;8082;8532;6174;6174;
iNumb:; 6088;8172;7443;3996;6264;4176;6174;6174;
iNumb:; 6089;9171;8532;6174;6174;
iNumb:; 6090;9531;8172;7443;3996;6264;4176;6174;6174;
iNumb:; 6091;9441;7992;7173;6354;3087;8352;6174;6174;
iNumb:; 6092;9351;8172;7443;3996;6264;4176;6174;6174;
iNumb:; 6093;9261;8352;6174;6174;
iNumb:; 6094;9171;8532;6174;6174;
iNumb:; 6095;9081;9621;8352;6174;6174;
iNumb:; 6096;8991;8082;8532;6174;6174;
iNumb:; 6097;9081;9621;8352;6174;6174;
iNumb:; 6098;9171;8532;6174;6174;
iNumb:; 6099;9261;8352;6174;6174;
iNumb:; 6100;6084;8172;7443;3996;6264;4176;6174;6174;
iNumb:; 6101;5994;5355;1998;8082;8532;6174;6174;
iNumb:; 6102;6084;8172;7443;3996;6264;4176;6174;6174;
iNumb:; 6103;6174;6174;
iNumb:; 6104;6264;4176;6174;6174;
iNumb:; 6105;6354;3087;8352;6174;6174;
iNumb:; 6106;6444;1998;8082;8532;6174;6174;
iNumb:; 6107;7443;3996;6264;4176;6174;6174;
iNumb:; 6108;8442;5994;5355;1998;8082;8532;6174;6174;
iNumb:; 6109;9441;7992;7173;6354;3087;8352;6174;6174;
iNumb:; 6110;5994;5355;1998;8082;8532;6174;6174;
iNumb:; 6111;4995;5355;1998;8082;8532;6174;6174;
iNumb:; 6112;5085;7992;7173;6354;3087;8352;6174;6174;
iNumb:; 6113;5175;5994;5355;1998;8082;8532;6174;6174;
iNumb:; 6114;5265;3996;6264;4176;6174;6174;
iNumb:; 6115;5355;1998;8082;8532;6174;6174;
iNumb:; 6116;5445;1089;9621;8352;6174;6174;
iNumb:; 6117;6444;1998;8082;8532;6174;6174;
iNumb:; 6118;7443;3996;6264;4176;6174;6174;
iNumb:; 6119;8442;5994;5355;1998;8082;8532;6174;6174;
iNumb:; 6120;6084;8172;7443;3996;6264;4176;6174;6174;
iNumb:; 6121;5085;7992;7173;6354;3087;8352;6174;6174;
iNumb:; 6122;4995;5355;1998;8082;8532;6174;6174;
iNumb:; 6123;5085;7992;7173;6354;3087;8352;6174;6174;
iNumb:; 6124;5175;5994;5355;1998;8082;8532;6174;6174;
iNumb:; 6125;5265;3996;6264;4176;6174;6174;
iNumb:; 6126;5355;1998;8082;8532;6174;6174;
iNumb:; 6127;6354;3087;8352;6174;6174;
iNumb:; 6128;7353;4176;6174;6174;
iNumb:; 6129;8352;6174;6174;
iNumb:; 6130;6174;6174;
iNumb:; 6131;5175;5994;5355;1998;8082;8532;6174;6174;
iNumb:; 6132;5085;7992;7173;6354;3087;8352;6174;6174;
iNumb:; 6133;4995;5355;1998;8082;8532;6174;6174;
iNumb:; 6134;5085;7992;7173;6354;3087;8352;6174;6174;
iNumb:; 6135;5175;5994;5355;1998;8082;8532;6174;6174;
iNumb:; 6136;5265;3996;6264;4176;6174;6174;
iNumb:; 6137;6264;4176;6174;6174;
iNumb:; 6138;7263;5265;3996;6264;4176;6174;6174;
iNumb:; 6139;8262;6354;3087;8352;6174;6174;
iNumb:; 6140;6264;4176;6174;6174;
iNumb:; 6141;5265;3996;6264;4176;6174;6174;
iNumb:; 6142;5175;5994;5355;1998;8082;8532;6174;6174;
iNumb:; 6143;5085;7992;7173;6354;3087;8352;6174;6174;
iNumb:; 6144;4995;5355;1998;8082;8532;6174;6174;
iNumb:; 6145;5085;7992;7173;6354;3087;8352;6174;6174;
iNumb:; 6146;5175;5994;5355;1998;8082;8532;6174;6174;
iNumb:; 6147;6174;6174;
iNumb:; 6148;7173;6354;3087;8352;6174;6174;
iNumb:; 6149;8172;7443;3996;6264;4176;6174;6174;
iNumb:; 6150;6354;3087;8352;6174;6174;
iNumb:; 6151;5355;1998;8082;8532;6174;6174;
iNumb:; 6152;5265;3996;6264;4176;6174;6174;
iNumb:; 6153;5175;5994;5355;1998;8082;8532;6174;6174;
iNumb:; 6154;5085;7992;7173;6354;3087;8352;6174;6174;
iNumb:; 6155;4995;5355;1998;8082;8532;6174;6174;
iNumb:; 6156;5085;7992;7173;6354;3087;8352;6174;6174;
iNumb:; 6157;6084;8172;7443;3996;6264;4176;6174;6174;
iNumb:; 6158;7083;8352;6174;6174;
iNumb:; 6159;8082;8532;6174;6174;
iNumb:; 6160;6444;1998;8082;8532;6174;6174;
iNumb:; 6161;5445;1089;9621;8352;6174;6174;
iNumb:; 6162;5355;1998;8082;8532;6174;6174;
iNumb:; 6163;5265;3996;6264;4176;6174;6174;
iNumb:; 6164;5175;5994;5355;1998;8082;8532;6174;6174;
iNumb:; 6165;5085;7992;7173;6354;3087;8352;6174;6174;
iNumb:; 6166;4995;5355;1998;8082;8532;6174;6174;
iNumb:; 6167;5994;5355;1998;8082;8532;6174;6174;
iNumb:; 6168;6993;6264;4176;6174;6174;
iNumb:; 6169;7992;7173;6354;3087;8352;6174;6174;
iNumb:; 6170;7443;3996;6264;4176;6174;6174;
iNumb:; 6171;6444;1998;8082;8532;6174;6174;
iNumb:; 6172;6354;3087;8352;6174;6174;
iNumb:; 6173;6264;4176;6174;6174;
iNumb:; 6174;6174;6174;
iNumb:; 6175;6084;8172;7443;3996;6264;4176;6174;6174;
iNumb:; 6176;5994;5355;1998;8082;8532;6174;6174;
iNumb:; 6177;6084;8172;7443;3996;6264;4176;6174;6174;
iNumb:; 6178;7083;8352;6174;6174;
iNumb:; 6179;8082;8532;6174;6174;
iNumb:; 6180;8442;5994;5355;1998;8082;8532;6174;6174;
iNumb:; 6181;7443;3996;6264;4176;6174;6174;
iNumb:; 6182;7353;4176;6174;6174;
iNumb:; 6183;7263;5265;3996;6264;4176;6174;6174;
iNumb:; 6184;7173;6354;3087;8352;6174;6174;
iNumb:; 6185;7083;8352;6174;6174;
iNumb:; 6186;6993;6264;4176;6174;6174;
iNumb:; 6187;7083;8352;6174;6174;
iNumb:; 6188;7173;6354;3087;8352;6174;6174;
iNumb:; 6189;8172;7443;3996;6264;4176;6174;6174;
iNumb:; 6190;9441;7992;7173;6354;3087;8352;6174;6174;
iNumb:; 6191;8442;5994;5355;1998;8082;8532;6174;6174;
iNumb:; 6192;8352;6174;6174;
iNumb:; 6193;8262;6354;3087;8352;6174;6174;
iNumb:; 6194;8172;7443;3996;6264;4176;6174;6174;
iNumb:; 6195;8082;8532;6174;6174;
iNumb:; 6196;7992;7173;6354;3087;8352;6174;6174;
iNumb:; 6197;8082;8532;6174;6174;
iNumb:; 6198;8172;7443;3996;6264;4176;6174;6174;
iNumb:; 6199;8262;6354;3087;8352;6174;6174;
iNumb:; 6200;6174;6174;
iNumb:; 6201;6084;8172;7443;3996;6264;4176;6174;6174;
iNumb:; 6202;5994;5355;1998;8082;8532;6174;6174;
iNumb:; 6203;6084;8172;7443;3996;6264;4176;6174;6174;
iNumb:; 6204;6174;6174;
iNumb:; 6205;6264;4176;6174;6174;
iNumb:; 6206;6354;3087;8352;6174;6174;
iNumb:; 6207;7353;4176;6174;6174;
iNumb:; 6208;8352;6174;6174;
iNumb:; 6209;9351;8172;7443;3996;6264;4176;6174;6174;
iNumb:; 6210;6084;8172;7443;3996;6264;4176;6174;6174;
iNumb:; 6211;5085;7992;7173;6354;3087;8352;6174;6174;
iNumb:; 6212;4995;5355;1998;8082;8532;6174;6174;
iNumb:; 6213;5085;7992;7173;6354;3087;8352;6174;6174;
iNumb:; 6214;5175;5994;5355;1998;8082;8532;6174;6174;
iNumb:; 6215;5265;3996;6264;4176;6174;6174;
iNumb:; 6216;5355;1998;8082;8532;6174;6174;
iNumb:; 6217;6354;3087;8352;6174;6174;
iNumb:; 6218;7353;4176;6174;6174;
iNumb:; 6219;8352;6174;6174;
iNumb:; 6220;5994;5355;1998;8082;8532;6174;6174;
iNumb:; 6221;4995;5355;1998;8082;8532;6174;6174;
iNumb:; 6222;3996;6264;4176;6174;6174;
iNumb:; 6223;4086;8172;7443;3996;6264;4176;6174;6174;
iNumb:; 6224;4176;6174;6174;
iNumb:; 6225;4266;4176;6174;6174;
iNumb:; 6226;4356;3087;8352;6174;6174;
iNumb:; 6227;5355;1998;8082;8532;6174;6174;
iNumb:; 6228;6354;3087;8352;6174;6174;
iNumb:; 6229;7353;4176;6174;6174;
iNumb:; 6230;6084;8172;7443;3996;6264;4176;6174;6174;
iNumb:; 6231;5085;7992;7173;6354;3087;8352;6174;6174;
iNumb:; 6232;4086;8172;7443;3996;6264;4176;6174;6174;
iNumb:; 6233;3996;6264;4176;6174;6174;
iNumb:; 6234;4086;8172;7443;3996;6264;4176;6174;6174;
iNumb:; 6235;4176;6174;6174;
iNumb:; 6236;4266;4176;6174;6174;
iNumb:; 6237;5265;3996;6264;4176;6174;6174;
iNumb:; 6238;6264;4176;6174;6174;
iNumb:; 6239;7263;5265;3996;6264;4176;6174;6174;
iNumb:; 6240;6174;6174;
iNumb:; 6241;5175;5994;5355;1998;8082;8532;6174;6174;
iNumb:; 6242;4176;6174;6174;
iNumb:; 6243;4086;8172;7443;3996;6264;4176;6174;6174;
iNumb:; 6244;3996;6264;4176;6174;6174;
iNumb:; 6245;4086;8172;7443;3996;6264;4176;6174;6174;
iNumb:; 6246;4176;6174;6174;
iNumb:; 6247;5175;5994;5355;1998;8082;8532;6174;6174;
iNumb:; 6248;6174;6174;
iNumb:; 6249;7173;6354;3087;8352;6174;6174;
iNumb:; 6250;6264;4176;6174;6174;
iNumb:; 6251;5265;3996;6264;4176;6174;6174;
iNumb:; 6252;4266;4176;6174;6174;
iNumb:; 6253;4176;6174;6174;
iNumb:; 6254;4086;8172;7443;3996;6264;4176;6174;6174;
iNumb:; 6255;3996;6264;4176;6174;6174;
iNumb:; 6256;4086;8172;7443;3996;6264;4176;6174;6174;
iNumb:; 6257;5085;7992;7173;6354;3087;8352;6174;6174;
iNumb:; 6258;6084;8172;7443;3996;6264;4176;6174;6174;
iNumb:; 6259;7083;8352;6174;6174;
iNumb:; 6260;6354;3087;8352;6174;6174;
iNumb:; 6261;5355;1998;8082;8532;6174;6174;
iNumb:; 6262;4356;3087;8352;6174;6174;
iNumb:; 6263;4266;4176;6174;6174;
iNumb:; 6264;4176;6174;6174;
iNumb:; 6265;4086;8172;7443;3996;6264;4176;6174;6174;
iNumb:; 6266;3996;6264;4176;6174;6174;
iNumb:; 6267;4995;5355;1998;8082;8532;6174;6174;
iNumb:; 6268;5994;5355;1998;8082;8532;6174;6174;
iNumb:; 6269;6993;6264;4176;6174;6174;
iNumb:; 6270;7353;4176;6174;6174;
iNumb:; 6271;6354;3087;8352;6174;6174;
iNumb:; 6272;5355;1998;8082;8532;6174;6174;
iNumb:; 6273;5265;3996;6264;4176;6174;6174;
iNumb:; 6274;5175;5994;5355;1998;8082;8532;6174;6174;
iNumb:; 6275;5085;7992;7173;6354;3087;8352;6174;6174;
iNumb:; 6276;4995;5355;1998;8082;8532;6174;6174;
iNumb:; 6277;5085;7992;7173;6354;3087;8352;6174;6174;
iNumb:; 6278;6084;8172;7443;3996;6264;4176;6174;6174;
iNumb:; 6279;7083;8352;6174;6174;
iNumb:; 6280;8352;6174;6174;
iNumb:; 6281;7353;4176;6174;6174;
iNumb:; 6282;6354;3087;8352;6174;6174;
iNumb:; 6283;6264;4176;6174;6174;
iNumb:; 6284;6174;6174;
iNumb:; 6285;6084;8172;7443;3996;6264;4176;6174;6174;
iNumb:; 6286;5994;5355;1998;8082;8532;6174;6174;
iNumb:; 6287;6084;8172;7443;3996;6264;4176;6174;6174;
iNumb:; 6288;6174;6174;
iNumb:; 6289;7173;6354;3087;8352;6174;6174;
iNumb:; 6290;9351;8172;7443;3996;6264;4176;6174;6174;
iNumb:; 6291;8352;6174;6174;
iNumb:; 6292;7353;4176;6174;6174;
iNumb:; 6293;7263;5265;3996;6264;4176;6174;6174;
iNumb:; 6294;7173;6354;3087;8352;6174;6174;
iNumb:; 6295;7083;8352;6174;6174;
iNumb:; 6296;6993;6264;4176;6174;6174;
iNumb:; 6297;7083;8352;6174;6174;
iNumb:; 6298;7173;6354;3087;8352;6174;6174;
iNumb:; 6299;7263;5265;3996;6264;4176;6174;6174;
iNumb:; 6300;6264;4176;6174;6174;
iNumb:; 6301;6174;6174;
iNumb:; 6302;6084;8172;7443;3996;6264;4176;6174;6174;
iNumb:; 6303;5994;5355;1998;8082;8532;6174;6174;
iNumb:; 6304;6084;8172;7443;3996;6264;4176;6174;6174;
iNumb:; 6305;6174;6174;
iNumb:; 6306;6264;4176;6174;6174;
iNumb:; 6307;7263;5265;3996;6264;4176;6174;6174;
iNumb:; 6308;8262;6354;3087;8352;6174;6174;
iNumb:; 6309;9261;8352;6174;6174;
iNumb:; 6310;6174;6174;
iNumb:; 6311;5175;5994;5355;1998;8082;8532;6174;6174;
iNumb:; 6312;5085;7992;7173;6354;3087;8352;6174;6174;
iNumb:; 6313;4995;5355;1998;8082;8532;6174;6174;
iNumb:; 6314;5085;7992;7173;6354;3087;8352;6174;6174;
iNumb:; 6315;5175;5994;5355;1998;8082;8532;6174;6174;
iNumb:; 6316;5265;3996;6264;4176;6174;6174;
iNumb:; 6317;6264;4176;6174;6174;
iNumb:; 6318;7263;5265;3996;6264;4176;6174;6174;
iNumb:; 6319;8262;6354;3087;8352;6174;6174;
iNumb:; 6320;6084;8172;7443;3996;6264;4176;6174;6174;
iNumb:; 6321;5085;7992;7173;6354;3087;8352;6174;6174;
iNumb:; 6322;4086;8172;7443;3996;6264;4176;6174;6174;
iNumb:; 6323;3996;6264;4176;6174;6174;
iNumb:; 6324;4086;8172;7443;3996;6264;4176;6174;6174;
iNumb:; 6325;4176;6174;6174;
iNumb:; 6326;4266;4176;6174;6174;
iNumb:; 6327;5265;3996;6264;4176;6174;6174;
iNumb:; 6328;6264;4176;6174;6174;
iNumb:; 6329;7263;5265;3996;6264;4176;6174;6174;
iNumb:; 6330;5994;5355;1998;8082;8532;6174;6174;
iNumb:; 6331;4995;5355;1998;8082;8532;6174;6174;
iNumb:; 6332;3996;6264;4176;6174;6174;
iNumb:; 6333;2997;7173;6354;3087;8352;6174;6174;
iNumb:; 6334;3087;8352;6174;6174;
iNumb:; 6335;3177;6354;3087;8352;6174;6174;
iNumb:; 6336;3267;5265;3996;6264;4176;6174;6174;
iNumb:; 6337;4266;4176;6174;6174;
iNumb:; 6338;5265;3996;6264;4176;6174;6174;
iNumb:; 6339;6264;4176;6174;6174;
iNumb:; 6340;6084;8172;7443;3996;6264;4176;6174;6174;
iNumb:; 6341;5085;7992;7173;6354;3087;8352;6174;6174;
iNumb:; 6342;4086;8172;7443;3996;6264;4176;6174;6174;
iNumb:; 6343;3087;8352;6174;6174;
iNumb:; 6344;2997;7173;6354;3087;8352;6174;6174;
iNumb:; 6345;3087;8352;6174;6174;
iNumb:; 6346;3177;6354;3087;8352;6174;6174;
iNumb:; 6347;4176;6174;6174;
iNumb:; 6348;5175;5994;5355;1998;8082;8532;6174;6174;
iNumb:; 6349;6174;6174;
iNumb:; 6350;6174;6174;
iNumb:; 6351;5175;5994;5355;1998;8082;8532;6174;6174;
iNumb:; 6352;4176;6174;6174;
iNumb:; 6353;3177;6354;3087;8352;6174;6174;
iNumb:; 6354;3087;8352;6174;6174;
iNumb:; 6355;2997;7173;6354;3087;8352;6174;6174;
iNumb:; 6356;3087;8352;6174;6174;
iNumb:; 6357;4086;8172;7443;3996;6264;4176;6174;6174;
iNumb:; 6358;5085;7992;7173;6354;3087;8352;6174;6174;
iNumb:; 6359;6084;8172;7443;3996;6264;4176;6174;6174;
iNumb:; 6360;6264;4176;6174;6174;
iNumb:; 6361;5265;3996;6264;4176;6174;6174;
iNumb:; 6362;4266;4176;6174;6174;
iNumb:; 6363;3267;5265;3996;6264;4176;6174;6174;
iNumb:; 6364;3177;6354;3087;8352;6174;6174;
iNumb:; 6365;3087;8352;6174;6174;
iNumb:; 6366;2997;7173;6354;3087;8352;6174;6174;
iNumb:; 6367;3996;6264;4176;6174;6174;
iNumb:; 6368;4995;5355;1998;8082;8532;6174;6174;
iNumb:; 6369;5994;5355;1998;8082;8532;6174;6174;
iNumb:; 6370;7263;5265;3996;6264;4176;6174;6174;
iNumb:; 6371;6264;4176;6174;6174;
iNumb:; 6372;5265;3996;6264;4176;6174;6174;
iNumb:; 6373;4266;4176;6174;6174;
iNumb:; 6374;4176;6174;6174;
iNumb:; 6375;4086;8172;7443;3996;6264;4176;6174;6174;
iNumb:; 6376;3996;6264;4176;6174;6174;
iNumb:; 6377;4086;8172;7443;3996;6264;4176;6174;6174;
iNumb:; 6378;5085;7992;7173;6354;3087;8352;6174;6174;
iNumb:; 6379;6084;8172;7443;3996;6264;4176;6174;6174;
iNumb:; 6380;8262;6354;3087;8352;6174;6174;
iNumb:; 6381;7263;5265;3996;6264;4176;6174;6174;
iNumb:; 6382;6264;4176;6174;6174;
iNumb:; 6383;5265;3996;6264;4176;6174;6174;
iNumb:; 6384;5175;5994;5355;1998;8082;8532;6174;6174;
iNumb:; 6385;5085;7992;7173;6354;3087;8352;6174;6174;
iNumb:; 6386;4995;5355;1998;8082;8532;6174;6174;
iNumb:; 6387;5085;7992;7173;6354;3087;8352;6174;6174;
iNumb:; 6388;5175;5994;5355;1998;8082;8532;6174;6174;
iNumb:; 6389;6174;6174;
iNumb:; 6390;9261;8352;6174;6174;
iNumb:; 6391;8262;6354;3087;8352;6174;6174;
iNumb:; 6392;7263;5265;3996;6264;4176;6174;6174;
iNumb:; 6393;6264;4176;6174;6174;
iNumb:; 6394;6174;6174;
iNumb:; 6395;6084;8172;7443;3996;6264;4176;6174;6174;
iNumb:; 6396;5994;5355;1998;8082;8532;6174;6174;
iNumb:; 6397;6084;8172;7443;3996;6264;4176;6174;6174;
iNumb:; 6398;6174;6174;
iNumb:; 6399;6264;4176;6174;6174;
iNumb:; 6400;6354;3087;8352;6174;6174;
iNumb:; 6401;6264;4176;6174;6174;
iNumb:; 6402;6174;6174;
iNumb:; 6403;6084;8172;7443;3996;6264;4176;6174;6174;
iNumb:; 6404;5994;5355;1998;8082;8532;6174;6174;
iNumb:; 6405;6084;8172;7443;3996;6264;4176;6174;6174;
iNumb:; 6406;6174;6174;
iNumb:; 6407;7173;6354;3087;8352;6174;6174;
iNumb:; 6408;8172;7443;3996;6264;4176;6174;6174;
iNumb:; 6409;9171;8532;6174;6174;
iNumb:; 6410;6264;4176;6174;6174;
iNumb:; 6411;5265;3996;6264;4176;6174;6174;
iNumb:; 6412;5175;5994;5355;1998;8082;8532;6174;6174;
iNumb:; 6413;5085;7992;7173;6354;3087;8352;6174;6174;
iNumb:; 6414;4995;5355;1998;8082;8532;6174;6174;
iNumb:; 6415;5085;7992;7173;6354;3087;8352;6174;6174;
iNumb:; 6416;5175;5994;5355;1998;8082;8532;6174;6174;
iNumb:; 6417;6174;6174;
iNumb:; 6418;7173;6354;3087;8352;6174;6174;
iNumb:; 6419;8172;7443;3996;6264;4176;6174;6174;
iNumb:; 6420;6174;6174;
iNumb:; 6421;5175;5994;5355;1998;8082;8532;6174;6174;
iNumb:; 6422;4176;6174;6174;
iNumb:; 6423;4086;8172;7443;3996;6264;4176;6174;6174;
iNumb:; 6424;3996;6264;4176;6174;6174;
iNumb:; 6425;4086;8172;7443;3996;6264;4176;6174;6174;
iNumb:; 6426;4176;6174;6174;
iNumb:; 6427;5175;5994;5355;1998;8082;8532;6174;6174;
iNumb:; 6428;6174;6174;
iNumb:; 6429;7173;6354;3087;8352;6174;6174;
iNumb:; 6430;6084;8172;7443;3996;6264;4176;6174;6174;
iNumb:; 6431;5085;7992;7173;6354;3087;8352;6174;6174;
iNumb:; 6432;4086;8172;7443;3996;6264;4176;6174;6174;
iNumb:; 6433;3087;8352;6174;6174;
iNumb:; 6434;2997;7173;6354;3087;8352;6174;6174;
iNumb:; 6435;3087;8352;6174;6174;
iNumb:; 6436;3177;6354;3087;8352;6174;6174;
iNumb:; 6437;4176;6174;6174;
iNumb:; 6438;5175;5994;5355;1998;8082;8532;6174;6174;
iNumb:; 6439;6174;6174;
iNumb:; 6440;5994;5355;1998;8082;8532;6174;6174;
iNumb:; 6441;4995;5355;1998;8082;8532;6174;6174;
iNumb:; 6442;3996;6264;4176;6174;6174;
iNumb:; 6443;2997;7173;6354;3087;8352;6174;6174;
iNumb:; 6444;1998;8082;8532;6174;6174;
iNumb:; 6445;2088;8532;6174;6174;
iNumb:; 6446;2178;7443;3996;6264;4176;6174;6174;
iNumb:; 6447;3177;6354;3087;8352;6174;6174;
iNumb:; 6448;4176;6174;6174;
iNumb:; 6449;5175;5994;5355;1998;8082;8532;6174;6174;
iNumb:; 6450;6084;8172;7443;3996;6264;4176;6174;6174;
iNumb:; 6451;5085;7992;7173;6354;3087;8352;6174;6174;
iNumb:; 6452;4086;8172;7443;3996;6264;4176;6174;6174;
iNumb:; 6453;3087;8352;6174;6174;
iNumb:; 6454;2088;8532;6174;6174;
iNumb:; 6455;1998;8082;8532;6174;6174;
iNumb:; 6456;2088;8532;6174;6174;
iNumb:; 6457;3087;8352;6174;6174;
iNumb:; 6458;4086;8172;7443;3996;6264;4176;6174;6174;
iNumb:; 6459;5085;7992;7173;6354;3087;8352;6174;6174;
iNumb:; 6460;6174;6174;
iNumb:; 6461;5175;5994;5355;1998;8082;8532;6174;6174;
iNumb:; 6462;4176;6174;6174;
iNumb:; 6463;3177;6354;3087;8352;6174;6174;
iNumb:; 6464;2178;7443;3996;6264;4176;6174;6174;
iNumb:; 6465;2088;8532;6174;6174;
iNumb:; 6466;1998;8082;8532;6174;6174;
iNumb:; 6467;2997;7173;6354;3087;8352;6174;6174;
iNumb:; 6468;3996;6264;4176;6174;6174;
iNumb:; 6469;4995;5355;1998;8082;8532;6174;6174;
iNumb:; 6470;7173;6354;3087;8352;6174;6174;
iNumb:; 6471;6174;6174;
iNumb:; 6472;5175;5994;5355;1998;8082;8532;6174;6174;
iNumb:; 6473;4176;6174;6174;
iNumb:; 6474;3177;6354;3087;8352;6174;6174;
iNumb:; 6475;3087;8352;6174;6174;
iNumb:; 6476;2997;7173;6354;3087;8352;6174;6174;
iNumb:; 6477;3087;8352;6174;6174;
iNumb:; 6478;4086;8172;7443;3996;6264;4176;6174;6174;
iNumb:; 6479;5085;7992;7173;6354;3087;8352;6174;6174;
iNumb:; 6480;8172;7443;3996;6264;4176;6174;6174;
iNumb:; 6481;7173;6354;3087;8352;6174;6174;
iNumb:; 6482;6174;6174;
iNumb:; 6483;5175;5994;5355;1998;8082;8532;6174;6174;
iNumb:; 6484;4176;6174;6174;
iNumb:; 6485;4086;8172;7443;3996;6264;4176;6174;6174;
iNumb:; 6486;3996;6264;4176;6174;6174;
iNumb:; 6487;4086;8172;7443;3996;6264;4176;6174;6174;
iNumb:; 6488;4176;6174;6174;
iNumb:; 6489;5175;5994;5355;1998;8082;8532;6174;6174;
iNumb:; 6490;9171;8532;6174;6174;
iNumb:; 6491;8172;7443;3996;6264;4176;6174;6174;
iNumb:; 6492;7173;6354;3087;8352;6174;6174;
iNumb:; 6493;6174;6174;
iNumb:; 6494;5175;5994;5355;1998;8082;8532;6174;6174;
iNumb:; 6495;5085;7992;7173;6354;3087;8352;6174;6174;
iNumb:; 6496;4995;5355;1998;8082;8532;6174;6174;
iNumb:; 6497;5085;7992;7173;6354;3087;8352;6174;6174;
iNumb:; 6498;5175;5994;5355;1998;8082;8532;6174;6174;
iNumb:; 6499;5265;3996;6264;4176;6174;6174;
iNumb:; 6500;6444;1998;8082;8532;6174;6174;
iNumb:; 6501;6354;3087;8352;6174;6174;
iNumb:; 6502;6264;4176;6174;6174;
iNumb:; 6503;6174;6174;
iNumb:; 6504;6084;8172;7443;3996;6264;4176;6174;6174;
iNumb:; 6505;5994;5355;1998;8082;8532;6174;6174;
iNumb:; 6506;6084;8172;7443;3996;6264;4176;6174;6174;
iNumb:; 6507;7083;8352;6174;6174;
iNumb:; 6508;8082;8532;6174;6174;
iNumb:; 6509;9081;9621;8352;6174;6174;
iNumb:; 6510;6354;3087;8352;6174;6174;
iNumb:; 6511;5355;1998;8082;8532;6174;6174;
iNumb:; 6512;5265;3996;6264;4176;6174;6174;
iNumb:; 6513;5175;5994;5355;1998;8082;8532;6174;6174;
iNumb:; 6514;5085;7992;7173;6354;3087;8352;6174;6174;
iNumb:; 6515;4995;5355;1998;8082;8532;6174;6174;
iNumb:; 6516;5085;7992;7173;6354;3087;8352;6174;6174;
iNumb:; 6517;6084;8172;7443;3996;6264;4176;6174;6174;
iNumb:; 6518;7083;8352;6174;6174;
iNumb:; 6519;8082;8532;6174;6174;
iNumb:; 6520;6264;4176;6174;6174;
iNumb:; 6521;5265;3996;6264;4176;6174;6174;
iNumb:; 6522;4266;4176;6174;6174;
iNumb:; 6523;4176;6174;6174;
iNumb:; 6524;4086;8172;7443;3996;6264;4176;6174;6174;
iNumb:; 6525;3996;6264;4176;6174;6174;
iNumb:; 6526;4086;8172;7443;3996;6264;4176;6174;6174;
iNumb:; 6527;5085;7992;7173;6354;3087;8352;6174;6174;
iNumb:; 6528;6084;8172;7443;3996;6264;4176;6174;6174;
iNumb:; 6529;7083;8352;6174;6174;
iNumb:; 6530;6174;6174;
iNumb:; 6531;5175;5994;5355;1998;8082;8532;6174;6174;
iNumb:; 6532;4176;6174;6174;
iNumb:; 6533;3177;6354;3087;8352;6174;6174;
iNumb:; 6534;3087;8352;6174;6174;
iNumb:; 6535;2997;7173;6354;3087;8352;6174;6174;
iNumb:; 6536;3087;8352;6174;6174;
iNumb:; 6537;4086;8172;7443;3996;6264;4176;6174;6174;
iNumb:; 6538;5085;7992;7173;6354;3087;8352;6174;6174;
iNumb:; 6539;6084;8172;7443;3996;6264;4176;6174;6174;
iNumb:; 6540;6084;8172;7443;3996;6264;4176;6174;6174;
iNumb:; 6541;5085;7992;7173;6354;3087;8352;6174;6174;
iNumb:; 6542;4086;8172;7443;3996;6264;4176;6174;6174;
iNumb:; 6543;3087;8352;6174;6174;
iNumb:; 6544;2088;8532;6174;6174;
iNumb:; 6545;1998;8082;8532;6174;6174;
iNumb:; 6546;2088;8532;6174;6174;
iNumb:; 6547;3087;8352;6174;6174;
iNumb:; 6548;4086;8172;7443;3996;6264;4176;6174;6174;
iNumb:; 6549;5085;7992;7173;6354;3087;8352;6174;6174;
iNumb:; 6550;5994;5355;1998;8082;8532;6174;6174;
iNumb:; 6551;4995;5355;1998;8082;8532;6174;6174;
iNumb:; 6552;3996;6264;4176;6174;6174;
iNumb:; 6553;2997;7173;6354;3087;8352;6174;6174;
iNumb:; 6554;1998;8082;8532;6174;6174;
iNumb:; 6555;999;8991;8082;8532;6174;6174;
iNumb:; 6556;1089;9621;8352;6174;6174;
iNumb:; 6557;2088;8532;6174;6174;
iNumb:; 6558;3087;8352;6174;6174;
iNumb:; 6559;4086;8172;7443;3996;6264;4176;6174;6174;
iNumb:; 6560;6084;8172;7443;3996;6264;4176;6174;6174;
iNumb:; 6561;5085;7992;7173;6354;3087;8352;6174;6174;
iNumb:; 6562;4086;8172;7443;3996;6264;4176;6174;6174;
iNumb:; 6563;3087;8352;6174;6174;
iNumb:; 6564;2088;8532;6174;6174;
iNumb:; 6565;1089;9621;8352;6174;6174;
iNumb:; 6566;999;8991;8082;8532;6174;6174;
iNumb:; 6567;1998;8082;8532;6174;6174;
iNumb:; 6568;2997;7173;6354;3087;8352;6174;6174;
iNumb:; 6569;3996;6264;4176;6174;6174;
iNumb:; 6570;7083;8352;6174;6174;
iNumb:; 6571;6084;8172;7443;3996;6264;4176;6174;6174;
iNumb:; 6572;5085;7992;7173;6354;3087;8352;6174;6174;
iNumb:; 6573;4086;8172;7443;3996;6264;4176;6174;6174;
iNumb:; 6574;3087;8352;6174;6174;
iNumb:; 6575;2088;8532;6174;6174;
iNumb:; 6576;1998;8082;8532;6174;6174;
iNumb:; 6577;2088;8532;6174;6174;
iNumb:; 6578;3087;8352;6174;6174;
iNumb:; 6579;4086;8172;7443;3996;6264;4176;6174;6174;
iNumb:; 6580;8082;8532;6174;6174;
iNumb:; 6581;7083;8352;6174;6174;
iNumb:; 6582;6084;8172;7443;3996;6264;4176;6174;6174;
iNumb:; 6583;5085;7992;7173;6354;3087;8352;6174;6174;
iNumb:; 6584;4086;8172;7443;3996;6264;4176;6174;6174;
iNumb:; 6585;3087;8352;6174;6174;
iNumb:; 6586;2997;7173;6354;3087;8352;6174;6174;
iNumb:; 6587;3087;8352;6174;6174;
iNumb:; 6588;3177;6354;3087;8352;6174;6174;
iNumb:; 6589;4176;6174;6174;
iNumb:; 6590;9081;9621;8352;6174;6174;
iNumb:; 6591;8082;8532;6174;6174;
iNumb:; 6592;7083;8352;6174;6174;
iNumb:; 6593;6084;8172;7443;3996;6264;4176;6174;6174;
iNumb:; 6594;5085;7992;7173;6354;3087;8352;6174;6174;
iNumb:; 6595;4086;8172;7443;3996;6264;4176;6174;6174;
iNumb:; 6596;3996;6264;4176;6174;6174;
iNumb:; 6597;4086;8172;7443;3996;6264;4176;6174;6174;
iNumb:; 6598;4176;6174;6174;
iNumb:; 6599;4266;4176;6174;6174;
iNumb:; 6600;6534;3087;8352;6174;6174;
iNumb:; 6601;6444;1998;8082;8532;6174;6174;
iNumb:; 6602;6354;3087;8352;6174;6174;
iNumb:; 6603;6264;4176;6174;6174;
iNumb:; 6604;6174;6174;
iNumb:; 6605;6084;8172;7443;3996;6264;4176;6174;6174;
iNumb:; 6606;5994;5355;1998;8082;8532;6174;6174;
iNumb:; 6607;6993;6264;4176;6174;6174;
iNumb:; 6608;7992;7173;6354;3087;8352;6174;6174;
iNumb:; 6609;8991;8082;8532;6174;6174;
iNumb:; 6610;6444;1998;8082;8532;6174;6174;
iNumb:; 6611;5445;1089;9621;8352;6174;6174;
iNumb:; 6612;5355;1998;8082;8532;6174;6174;
iNumb:; 6613;5265;3996;6264;4176;6174;6174;
iNumb:; 6614;5175;5994;5355;1998;8082;8532;6174;6174;
iNumb:; 6615;5085;7992;7173;6354;3087;8352;6174;6174;
iNumb:; 6616;4995;5355;1998;8082;8532;6174;6174;
iNumb:; 6617;5994;5355;1998;8082;8532;6174;6174;
iNumb:; 6618;6993;6264;4176;6174;6174;
iNumb:; 6619;7992;7173;6354;3087;8352;6174;6174;
iNumb:; 6620;6354;3087;8352;6174;6174;
iNumb:; 6621;5355;1998;8082;8532;6174;6174;
iNumb:; 6622;4356;3087;8352;6174;6174;
iNumb:; 6623;4266;4176;6174;6174;
iNumb:; 6624;4176;6174;6174;
iNumb:; 6625;4086;8172;7443;3996;6264;4176;6174;6174;
iNumb:; 6626;3996;6264;4176;6174;6174;
iNumb:; 6627;4995;5355;1998;8082;8532;6174;6174;
iNumb:; 6628;5994;5355;1998;8082;8532;6174;6174;
iNumb:; 6629;6993;6264;4176;6174;6174;
iNumb:; 6630;6264;4176;6174;6174;
iNumb:; 6631;5265;3996;6264;4176;6174;6174;
iNumb:; 6632;4266;4176;6174;6174;
iNumb:; 6633;3267;5265;3996;6264;4176;6174;6174;
iNumb:; 6634;3177;6354;3087;8352;6174;6174;
iNumb:; 6635;3087;8352;6174;6174;
iNumb:; 6636;2997;7173;6354;3087;8352;6174;6174;
iNumb:; 6637;3996;6264;4176;6174;6174;
iNumb:; 6638;4995;5355;1998;8082;8532;6174;6174;
iNumb:; 6639;5994;5355;1998;8082;8532;6174;6174;
iNumb:; 6640;6174;6174;
iNumb:; 6641;5175;5994;5355;1998;8082;8532;6174;6174;
iNumb:; 6642;4176;6174;6174;
iNumb:; 6643;3177;6354;3087;8352;6174;6174;
iNumb:; 6644;2178;7443;3996;6264;4176;6174;6174;
iNumb:; 6645;2088;8532;6174;6174;
iNumb:; 6646;1998;8082;8532;6174;6174;
iNumb:; 6647;2997;7173;6354;3087;8352;6174;6174;
iNumb:; 6648;3996;6264;4176;6174;6174;
iNumb:; 6649;4995;5355;1998;8082;8532;6174;6174;
iNumb:; 6650;6084;8172;7443;3996;6264;4176;6174;6174;
iNumb:; 6651;5085;7992;7173;6354;3087;8352;6174;6174;
iNumb:; 6652;4086;8172;7443;3996;6264;4176;6174;6174;
iNumb:; 6653;3087;8352;6174;6174;
iNumb:; 6654;2088;8532;6174;6174;
iNumb:; 6655;1089;9621;8352;6174;6174;
iNumb:; 6656;999;8991;8082;8532;6174;6174;
iNumb:; 6657;1998;8082;8532;6174;6174;
iNumb:; 6658;2997;7173;6354;3087;8352;6174;6174;
iNumb:; 6659;3996;6264;4176;6174;6174;
iNumb:; 6660;5994;5355;1998;8082;8532;6174;6174;
iNumb:; 6661;4995;5355;1998;8082;8532;6174;6174;
iNumb:; 6662;3996;6264;4176;6174;6174;
iNumb:; 6663;2997;7173;6354;3087;8352;6174;6174;
iNumb:; 6664;1998;8082;8532;6174;6174;
iNumb:; 6665;999;8991;8082;8532;6174;6174;
iNumb:; 6667;999;8991;8082;8532;6174;6174;
iNumb:; 6668;1998;8082;8532;6174;6174;
iNumb:; 6669;2997;7173;6354;3087;8352;6174;6174;
iNumb:; 6670;6993;6264;4176;6174;6174;
iNumb:; 6671;5994;5355;1998;8082;8532;6174;6174;
iNumb:; 6672;4995;5355;1998;8082;8532;6174;6174;
iNumb:; 6673;3996;6264;4176;6174;6174;
iNumb:; 6674;2997;7173;6354;3087;8352;6174;6174;
iNumb:; 6675;1998;8082;8532;6174;6174;
iNumb:; 6676;999;8991;8082;8532;6174;6174;
iNumb:; 6677;1089;9621;8352;6174;6174;
iNumb:; 6678;2088;8532;6174;6174;
iNumb:; 6679;3087;8352;6174;6174;
iNumb:; 6680;7992;7173;6354;3087;8352;6174;6174;
iNumb:; 6681;6993;6264;4176;6174;6174;
iNumb:; 6682;5994;5355;1998;8082;8532;6174;6174;
iNumb:; 6683;4995;5355;1998;8082;8532;6174;6174;
iNumb:; 6684;3996;6264;4176;6174;6174;
iNumb:; 6685;2997;7173;6354;3087;8352;6174;6174;
iNumb:; 6686;1998;8082;8532;6174;6174;
iNumb:; 6687;2088;8532;6174;6174;
iNumb:; 6688;2178;7443;3996;6264;4176;6174;6174;
iNumb:; 6689;3177;6354;3087;8352;6174;6174;
iNumb:; 6690;8991;8082;8532;6174;6174;
iNumb:; 6691;7992;7173;6354;3087;8352;6174;6174;
iNumb:; 6692;6993;6264;4176;6174;6174;
iNumb:; 6693;5994;5355;1998;8082;8532;6174;6174;
iNumb:; 6694;4995;5355;1998;8082;8532;6174;6174;
iNumb:; 6695;3996;6264;4176;6174;6174;
iNumb:; 6696;2997;7173;6354;3087;8352;6174;6174;
iNumb:; 6697;3087;8352;6174;6174;
iNumb:; 6698;3177;6354;3087;8352;6174;6174;
iNumb:; 6699;3267;5265;3996;6264;4176;6174;6174;
iNumb:; 6700;7533;4176;6174;6174;
iNumb:; 6701;7443;3996;6264;4176;6174;6174;
iNumb:; 6702;7353;4176;6174;6174;
iNumb:; 6703;7263;5265;3996;6264;4176;6174;6174;
iNumb:; 6704;7173;6354;3087;8352;6174;6174;
iNumb:; 6705;7083;8352;6174;6174;
iNumb:; 6706;6993;6264;4176;6174;6174;
iNumb:; 6707;7083;8352;6174;6174;
iNumb:; 6708;8082;8532;6174;6174;
iNumb:; 6709;9081;9621;8352;6174;6174;
iNumb:; 6710;7443;3996;6264;4176;6174;6174;
iNumb:; 6711;6444;1998;8082;8532;6174;6174;
iNumb:; 6712;6354;3087;8352;6174;6174;
iNumb:; 6713;6264;4176;6174;6174;
iNumb:; 6714;6174;6174;
iNumb:; 6715;6084;8172;7443;3996;6264;4176;6174;6174;
iNumb:; 6716;5994;5355;1998;8082;8532;6174;6174;
iNumb:; 6717;6084;8172;7443;3996;6264;4176;6174;6174;
iNumb:; 6718;7083;8352;6174;6174;
iNumb:; 6719;8082;8532;6174;6174;
iNumb:; 6720;7353;4176;6174;6174;
iNumb:; 6721;6354;3087;8352;6174;6174;
iNumb:; 6722;5355;1998;8082;8532;6174;6174;
iNumb:; 6723;5265;3996;6264;4176;6174;6174;
iNumb:; 6724;5175;5994;5355;1998;8082;8532;6174;6174;
iNumb:; 6725;5085;7992;7173;6354;3087;8352;6174;6174;
iNumb:; 6726;4995;5355;1998;8082;8532;6174;6174;
iNumb:; 6727;5085;7992;7173;6354;3087;8352;6174;6174;
iNumb:; 6728;6084;8172;7443;3996;6264;4176;6174;6174;
iNumb:; 6729;7083;8352;6174;6174;
iNumb:; 6730;7263;5265;3996;6264;4176;6174;6174;
iNumb:; 6731;6264;4176;6174;6174;
iNumb:; 6732;5265;3996;6264;4176;6174;6174;
iNumb:; 6733;4266;4176;6174;6174;
iNumb:; 6734;4176;6174;6174;
iNumb:; 6735;4086;8172;7443;3996;6264;4176;6174;6174;
iNumb:; 6736;3996;6264;4176;6174;6174;
iNumb:; 6737;4086;8172;7443;3996;6264;4176;6174;6174;
iNumb:; 6738;5085;7992;7173;6354;3087;8352;6174;6174;
iNumb:; 6739;6084;8172;7443;3996;6264;4176;6174;6174;
iNumb:; 6740;7173;6354;3087;8352;6174;6174;
iNumb:; 6741;6174;6174;
iNumb:; 6742;5175;5994;5355;1998;8082;8532;6174;6174;
iNumb:; 6743;4176;6174;6174;
iNumb:; 6744;3177;6354;3087;8352;6174;6174;
iNumb:; 6745;3087;8352;6174;6174;
iNumb:; 6746;2997;7173;6354;3087;8352;6174;6174;
iNumb:; 6747;3087;8352;6174;6174;
iNumb:; 6748;4086;8172;7443;3996;6264;4176;6174;6174;
iNumb:; 6749;5085;7992;7173;6354;3087;8352;6174;6174;
iNumb:; 6750;7083;8352;6174;6174;
iNumb:; 6751;6084;8172;7443;3996;6264;4176;6174;6174;
iNumb:; 6752;5085;7992;7173;6354;3087;8352;6174;6174;
iNumb:; 6753;4086;8172;7443;3996;6264;4176;6174;6174;
iNumb:; 6754;3087;8352;6174;6174;
iNumb:; 6755;2088;8532;6174;6174;
iNumb:; 6756;1998;8082;8532;6174;6174;
iNumb:; 6757;2088;8532;6174;6174;
iNumb:; 6758;3087;8352;6174;6174;
iNumb:; 6759;4086;8172;7443;3996;6264;4176;6174;6174;
iNumb:; 6760;6993;6264;4176;6174;6174;
iNumb:; 6761;5994;5355;1998;8082;8532;6174;6174;
iNumb:; 6762;4995;5355;1998;8082;8532;6174;6174;
iNumb:; 6763;3996;6264;4176;6174;6174;
iNumb:; 6764;2997;7173;6354;3087;8352;6174;6174;
iNumb:; 6765;1998;8082;8532;6174;6174;
iNumb:; 6766;999;8991;8082;8532;6174;6174;
iNumb:; 6767;1089;9621;8352;6174;6174;
iNumb:; 6768;2088;8532;6174;6174;
iNumb:; 6769;3087;8352;6174;6174;
iNumb:; 6770;7083;8352;6174;6174;
iNumb:; 6771;6084;8172;7443;3996;6264;4176;6174;6174;
iNumb:; 6772;5085;7992;7173;6354;3087;8352;6174;6174;
iNumb:; 6773;4086;8172;7443;3996;6264;4176;6174;6174;
iNumb:; 6774;3087;8352;6174;6174;
iNumb:; 6775;2088;8532;6174;6174;
iNumb:; 6776;1089;9621;8352;6174;6174;
iNumb:; 6777;999;8991;8082;8532;6174;6174;
iNumb:; 6778;1998;8082;8532;6174;6174;
iNumb:; 6779;2997;7173;6354;3087;8352;6174;6174;
iNumb:; 6780;8082;8532;6174;6174;
iNumb:; 6781;7083;8352;6174;6174;
iNumb:; 6782;6084;8172;7443;3996;6264;4176;6174;6174;
iNumb:; 6783;5085;7992;7173;6354;3087;8352;6174;6174;
iNumb:; 6784;4086;8172;7443;3996;6264;4176;6174;6174;
iNumb:; 6785;3087;8352;6174;6174;
iNumb:; 6786;2088;8532;6174;6174;
iNumb:; 6787;1998;8082;8532;6174;6174;
iNumb:; 6788;2088;8532;6174;6174;
iNumb:; 6789;3087;8352;6174;6174;
iNumb:; 6790;9081;9621;8352;6174;6174;
iNumb:; 6791;8082;8532;6174;6174;
iNumb:; 6792;7083;8352;6174;6174;
iNumb:; 6793;6084;8172;7443;3996;6264;4176;6174;6174;
iNumb:; 6794;5085;7992;7173;6354;3087;8352;6174;6174;
iNumb:; 6795;4086;8172;7443;3996;6264;4176;6174;6174;
iNumb:; 6796;3087;8352;6174;6174;
iNumb:; 6797;2997;7173;6354;3087;8352;6174;6174;
iNumb:; 6798;3087;8352;6174;6174;
iNumb:; 6799;3177;6354;3087;8352;6174;6174;
iNumb:; 6800;8532;6174;6174;
iNumb:; 6801;8442;5994;5355;1998;8082;8532;6174;6174;
iNumb:; 6802;8352;6174;6174;
iNumb:; 6803;8262;6354;3087;8352;6174;6174;
iNumb:; 6804;8172;7443;3996;6264;4176;6174;6174;
iNumb:; 6805;8082;8532;6174;6174;
iNumb:; 6806;7992;7173;6354;3087;8352;6174;6174;
iNumb:; 6807;8082;8532;6174;6174;
iNumb:; 6808;8172;7443;3996;6264;4176;6174;6174;
iNumb:; 6809;9171;8532;6174;6174;
iNumb:; 6810;8442;5994;5355;1998;8082;8532;6174;6174;
iNumb:; 6811;7443;3996;6264;4176;6174;6174;
iNumb:; 6812;7353;4176;6174;6174;
iNumb:; 6813;7263;5265;3996;6264;4176;6174;6174;
iNumb:; 6814;7173;6354;3087;8352;6174;6174;
iNumb:; 6815;7083;8352;6174;6174;
iNumb:; 6816;6993;6264;4176;6174;6174;
iNumb:; 6817;7083;8352;6174;6174;
iNumb:; 6818;7173;6354;3087;8352;6174;6174;
iNumb:; 6819;8172;7443;3996;6264;4176;6174;6174;
iNumb:; 6820;8352;6174;6174;
iNumb:; 6821;7353;4176;6174;6174;
iNumb:; 6822;6354;3087;8352;6174;6174;
iNumb:; 6823;6264;4176;6174;6174;
iNumb:; 6824;6174;6174;
iNumb:; 6825;6084;8172;7443;3996;6264;4176;6174;6174;
iNumb:; 6826;5994;5355;1998;8082;8532;6174;6174;
iNumb:; 6827;6084;8172;7443;3996;6264;4176;6174;6174;
iNumb:; 6828;6174;6174;
iNumb:; 6829;7173;6354;3087;8352;6174;6174;
iNumb:; 6830;8262;6354;3087;8352;6174;6174;
iNumb:; 6831;7263;5265;3996;6264;4176;6174;6174;
iNumb:; 6832;6264;4176;6174;6174;
iNumb:; 6833;5265;3996;6264;4176;6174;6174;
iNumb:; 6834;5175;5994;5355;1998;8082;8532;6174;6174;
iNumb:; 6835;5085;7992;7173;6354;3087;8352;6174;6174;
iNumb:; 6836;4995;5355;1998;8082;8532;6174;6174;
iNumb:; 6837;5085;7992;7173;6354;3087;8352;6174;6174;
iNumb:; 6838;5175;5994;5355;1998;8082;8532;6174;6174;
iNumb:; 6839;6174;6174;
iNumb:; 6840;8172;7443;3996;6264;4176;6174;6174;
iNumb:; 6841;7173;6354;3087;8352;6174;6174;
iNumb:; 6842;6174;6174;
iNumb:; 6843;5175;5994;5355;1998;8082;8532;6174;6174;
iNumb:; 6844;4176;6174;6174;
iNumb:; 6845;4086;8172;7443;3996;6264;4176;6174;6174;
iNumb:; 6846;3996;6264;4176;6174;6174;
iNumb:; 6847;4086;8172;7443;3996;6264;4176;6174;6174;
iNumb:; 6848;4176;6174;6174;
iNumb:; 6849;5175;5994;5355;1998;8082;8532;6174;6174;
iNumb:; 6850;8082;8532;6174;6174;
iNumb:; 6851;7083;8352;6174;6174;
iNumb:; 6852;6084;8172;7443;3996;6264;4176;6174;6174;
iNumb:; 6853;5085;7992;7173;6354;3087;8352;6174;6174;
iNumb:; 6854;4086;8172;7443;3996;6264;4176;6174;6174;
iNumb:; 6855;3087;8352;6174;6174;
iNumb:; 6856;2997;7173;6354;3087;8352;6174;6174;
iNumb:; 6857;3087;8352;6174;6174;
iNumb:; 6858;3177;6354;3087;8352;6174;6174;
iNumb:; 6859;4176;6174;6174;
iNumb:; 6860;7992;7173;6354;3087;8352;6174;6174;
iNumb:; 6861;6993;6264;4176;6174;6174;
iNumb:; 6862;5994;5355;1998;8082;8532;6174;6174;
iNumb:; 6863;4995;5355;1998;8082;8532;6174;6174;
iNumb:; 6864;3996;6264;4176;6174;6174;
iNumb:; 6865;2997;7173;6354;3087;8352;6174;6174;
iNumb:; 6866;1998;8082;8532;6174;6174;
iNumb:; 6867;2088;8532;6174;6174;
iNumb:; 6868;2178;7443;3996;6264;4176;6174;6174;
iNumb:; 6869;3177;6354;3087;8352;6174;6174;
iNumb:; 6870;8082;8532;6174;6174;
iNumb:; 6871;7083;8352;6174;6174;
iNumb:; 6872;6084;8172;7443;3996;6264;4176;6174;6174;
iNumb:; 6873;5085;7992;7173;6354;3087;8352;6174;6174;
iNumb:; 6874;4086;8172;7443;3996;6264;4176;6174;6174;
iNumb:; 6875;3087;8352;6174;6174;
iNumb:; 6876;2088;8532;6174;6174;
iNumb:; 6877;1998;8082;8532;6174;6174;
iNumb:; 6878;2088;8532;6174;6174;
iNumb:; 6879;3087;8352;6174;6174;
iNumb:; 6880;8172;7443;3996;6264;4176;6174;6174;
iNumb:; 6881;7173;6354;3087;8352;6174;6174;
iNumb:; 6882;6174;6174;
iNumb:; 6883;5175;5994;5355;1998;8082;8532;6174;6174;
iNumb:; 6884;4176;6174;6174;
iNumb:; 6885;3177;6354;3087;8352;6174;6174;
iNumb:; 6886;2178;7443;3996;6264;4176;6174;6174;
iNumb:; 6887;2088;8532;6174;6174;
iNumb:; 6888;1998;8082;8532;6174;6174;
iNumb:; 6889;2997;7173;6354;3087;8352;6174;6174;
iNumb:; 6890;9171;8532;6174;6174;
iNumb:; 6891;8172;7443;3996;6264;4176;6174;6174;
iNumb:; 6892;7173;6354;3087;8352;6174;6174;
iNumb:; 6893;6174;6174;
iNumb:; 6894;5175;5994;5355;1998;8082;8532;6174;6174;
iNumb:; 6895;4176;6174;6174;
iNumb:; 6896;3177;6354;3087;8352;6174;6174;
iNumb:; 6897;3087;8352;6174;6174;
iNumb:; 6898;2997;7173;6354;3087;8352;6174;6174;
iNumb:; 6899;3087;8352;6174;6174;
iNumb:; 6900;9531;8172;7443;3996;6264;4176;6174;6174;
iNumb:; 6901;9441;7992;7173;6354;3087;8352;6174;6174;
iNumb:; 6902;9351;8172;7443;3996;6264;4176;6174;6174;
iNumb:; 6903;9261;8352;6174;6174;
iNumb:; 6904;9171;8532;6174;6174;
iNumb:; 6905;9081;9621;8352;6174;6174;
iNumb:; 6906;8991;8082;8532;6174;6174;
iNumb:; 6907;9081;9621;8352;6174;6174;
iNumb:; 6908;9171;8532;6174;6174;
iNumb:; 6909;9261;8352;6174;6174;
iNumb:; 6910;9441;7992;7173;6354;3087;8352;6174;6174;
iNumb:; 6911;8442;5994;5355;1998;8082;8532;6174;6174;
iNumb:; 6912;8352;6174;6174;
iNumb:; 6913;8262;6354;3087;8352;6174;6174;
iNumb:; 6914;8172;7443;3996;6264;4176;6174;6174;
iNumb:; 6915;8082;8532;6174;6174;
iNumb:; 6916;7992;7173;6354;3087;8352;6174;6174;
iNumb:; 6917;8082;8532;6174;6174;
iNumb:; 6918;8172;7443;3996;6264;4176;6174;6174;
iNumb:; 6919;8262;6354;3087;8352;6174;6174;
iNumb:; 6920;9351;8172;7443;3996;6264;4176;6174;6174;
iNumb:; 6921;8352;6174;6174;
iNumb:; 6922;7353;4176;6174;6174;
iNumb:; 6923;7263;5265;3996;6264;4176;6174;6174;
iNumb:; 6924;7173;6354;3087;8352;6174;6174;
iNumb:; 6925;7083;8352;6174;6174;
iNumb:; 6926;6993;6264;4176;6174;6174;
iNumb:; 6927;7083;8352;6174;6174;
iNumb:; 6928;7173;6354;3087;8352;6174;6174;
iNumb:; 6929;7263;5265;3996;6264;4176;6174;6174;
iNumb:; 6930;9261;8352;6174;6174;
iNumb:; 6931;8262;6354;3087;8352;6174;6174;
iNumb:; 6932;7263;5265;3996;6264;4176;6174;6174;
iNumb:; 6933;6264;4176;6174;6174;
iNumb:; 6934;6174;6174;
iNumb:; 6935;6084;8172;7443;3996;6264;4176;6174;6174;
iNumb:; 6936;5994;5355;1998;8082;8532;6174;6174;
iNumb:; 6937;6084;8172;7443;3996;6264;4176;6174;6174;
iNumb:; 6938;6174;6174;
iNumb:; 6939;6264;4176;6174;6174;
iNumb:; 6940;9171;8532;6174;6174;
iNumb:; 6941;8172;7443;3996;6264;4176;6174;6174;
iNumb:; 6942;7173;6354;3087;8352;6174;6174;
iNumb:; 6943;6174;6174;
iNumb:; 6944;5175;5994;5355;1998;8082;8532;6174;6174;
iNumb:; 6945;5085;7992;7173;6354;3087;8352;6174;6174;
iNumb:; 6946;4995;5355;1998;8082;8532;6174;6174;
iNumb:; 6947;5085;7992;7173;6354;3087;8352;6174;6174;
iNumb:; 6948;5175;5994;5355;1998;8082;8532;6174;6174;
iNumb:; 6949;5265;3996;6264;4176;6174;6174;
iNumb:; 6950;9081;9621;8352;6174;6174;
iNumb:; 6951;8082;8532;6174;6174;
iNumb:; 6952;7083;8352;6174;6174;
iNumb:; 6953;6084;8172;7443;3996;6264;4176;6174;6174;
iNumb:; 6954;5085;7992;7173;6354;3087;8352;6174;6174;
iNumb:; 6955;4086;8172;7443;3996;6264;4176;6174;6174;
iNumb:; 6956;3996;6264;4176;6174;6174;
iNumb:; 6957;4086;8172;7443;3996;6264;4176;6174;6174;
iNumb:; 6958;4176;6174;6174;
iNumb:; 6959;4266;4176;6174;6174;
iNumb:; 6960;8991;8082;8532;6174;6174;
iNumb:; 6961;7992;7173;6354;3087;8352;6174;6174;
iNumb:; 6962;6993;6264;4176;6174;6174;
iNumb:; 6963;5994;5355;1998;8082;8532;6174;6174;
iNumb:; 6964;4995;5355;1998;8082;8532;6174;6174;
iNumb:; 6965;3996;6264;4176;6174;6174;
iNumb:; 6966;2997;7173;6354;3087;8352;6174;6174;
iNumb:; 6967;3087;8352;6174;6174;
iNumb:; 6968;3177;6354;3087;8352;6174;6174;
iNumb:; 6969;3267;5265;3996;6264;4176;6174;6174;
iNumb:; 6970;9081;9621;8352;6174;6174;
iNumb:; 6971;8082;8532;6174;6174;
iNumb:; 6972;7083;8352;6174;6174;
iNumb:; 6973;6084;8172;7443;3996;6264;4176;6174;6174;
iNumb:; 6974;5085;7992;7173;6354;3087;8352;6174;6174;
iNumb:; 6975;4086;8172;7443;3996;6264;4176;6174;6174;
iNumb:; 6976;3087;8352;6174;6174;
iNumb:; 6977;2997;7173;6354;3087;8352;6174;6174;
iNumb:; 6978;3087;8352;6174;6174;
iNumb:; 6979;3177;6354;3087;8352;6174;6174;
iNumb:; 6980;9171;8532;6174;6174;
iNumb:; 6981;8172;7443;3996;6264;4176;6174;6174;
iNumb:; 6982;7173;6354;3087;8352;6174;6174;
iNumb:; 6983;6174;6174;
iNumb:; 6984;5175;5994;5355;1998;8082;8532;6174;6174;
iNumb:; 6985;4176;6174;6174;
iNumb:; 6986;3177;6354;3087;8352;6174;6174;
iNumb:; 6987;3087;8352;6174;6174;
iNumb:; 6988;2997;7173;6354;3087;8352;6174;6174;
iNumb:; 6989;3087;8352;6174;6174;
iNumb:; 6990;9261;8352;6174;6174;
iNumb:; 6991;8262;6354;3087;8352;6174;6174;
iNumb:; 6992;7263;5265;3996;6264;4176;6174;6174;
iNumb:; 6993;6264;4176;6174;6174;
iNumb:; 6994;5265;3996;6264;4176;6174;6174;
iNumb:; 6995;4266;4176;6174;6174;
iNumb:; 6996;3267;5265;3996;6264;4176;6174;6174;
iNumb:; 6997;3177;6354;3087;8352;6174;6174;
iNumb:; 6998;3087;8352;6174;6174;
iNumb:; 6999;2997;7173;6354;3087;8352;6174;6174;
iNumb:; 7000;6993;6264;4176;6174;6174;
iNumb:; 7001;7083;8352;6174;6174;
iNumb:; 7002;7173;6354;3087;8352;6174;6174;
iNumb:; 7003;7263;5265;3996;6264;4176;6174;6174;
iNumb:; 7004;7353;4176;6174;6174;
iNumb:; 7005;7443;3996;6264;4176;6174;6174;
iNumb:; 7006;7533;4176;6174;6174;
iNumb:; 7007;7623;5265;3996;6264;4176;6174;6174;
iNumb:; 7008;8622;6354;3087;8352;6174;6174;
iNumb:; 7009;9621;8352;6174;6174;
iNumb:; 7010;7083;8352;6174;6174;
iNumb:; 7011;6993;6264;4176;6174;6174;
iNumb:; 7012;7083;8352;6174;6174;
iNumb:; 7013;7173;6354;3087;8352;6174;6174;
iNumb:; 7014;7263;5265;3996;6264;4176;6174;6174;
iNumb:; 7015;7353;4176;6174;6174;
iNumb:; 7016;7443;3996;6264;4176;6174;6174;
iNumb:; 7017;7533;4176;6174;6174;
iNumb:; 7018;8532;6174;6174;
iNumb:; 7019;9531;8172;7443;3996;6264;4176;6174;6174;
iNumb:; 7020;7173;6354;3087;8352;6174;6174;
iNumb:; 7021;7083;8352;6174;6174;
iNumb:; 7022;6993;6264;4176;6174;6174;
iNumb:; 7023;7083;8352;6174;6174;
iNumb:; 7024;7173;6354;3087;8352;6174;6174;
iNumb:; 7025;7263;5265;3996;6264;4176;6174;6174;
iNumb:; 7026;7353;4176;6174;6174;
iNumb:; 7027;7443;3996;6264;4176;6174;6174;
iNumb:; 7028;8442;5994;5355;1998;8082;8532;6174;6174;
iNumb:; 7029;9441;7992;7173;6354;3087;8352;6174;6174;
iNumb:; 7030;7263;5265;3996;6264;4176;6174;6174;
iNumb:; 7031;7173;6354;3087;8352;6174;6174;
iNumb:; 7032;7083;8352;6174;6174;
iNumb:; 7033;6993;6264;4176;6174;6174;
iNumb:; 7034;7083;8352;6174;6174;
iNumb:; 7035;7173;6354;3087;8352;6174;6174;
iNumb:; 7036;7263;5265;3996;6264;4176;6174;6174;
iNumb:; 7037;7353;4176;6174;6174;
iNumb:; 7038;8352;6174;6174;
iNumb:; 7039;9351;8172;7443;3996;6264;4176;6174;6174;
iNumb:; 7040;7353;4176;6174;6174;
iNumb:; 7041;7263;5265;3996;6264;4176;6174;6174;
iNumb:; 7042;7173;6354;3087;8352;6174;6174;
iNumb:; 7043;7083;8352;6174;6174;
iNumb:; 7044;6993;6264;4176;6174;6174;
iNumb:; 7045;7083;8352;6174;6174;
iNumb:; 7046;7173;6354;3087;8352;6174;6174;
iNumb:; 7047;7263;5265;3996;6264;4176;6174;6174;
iNumb:; 7048;8262;6354;3087;8352;6174;6174;
iNumb:; 7049;9261;8352;6174;6174;
iNumb:; 7050;7443;3996;6264;4176;6174;6174;
iNumb:; 7051;7353;4176;6174;6174;
iNumb:; 7052;7263;5265;3996;6264;4176;6174;6174;
iNumb:; 7053;7173;6354;3087;8352;6174;6174;
iNumb:; 7054;7083;8352;6174;6174;
iNumb:; 7055;6993;6264;4176;6174;6174;
iNumb:; 7056;7083;8352;6174;6174;
iNumb:; 7057;7173;6354;3087;8352;6174;6174;
iNumb:; 7058;8172;7443;3996;6264;4176;6174;6174;
iNumb:; 7059;9171;8532;6174;6174;
iNumb:; 7060;7533;4176;6174;6174;
iNumb:; 7061;7443;3996;6264;4176;6174;6174;
iNumb:; 7062;7353;4176;6174;6174;
iNumb:; 7063;7263;5265;3996;6264;4176;6174;6174;
iNumb:; 7064;7173;6354;3087;8352;6174;6174;
iNumb:; 7065;7083;8352;6174;6174;
iNumb:; 7066;6993;6264;4176;6174;6174;
iNumb:; 7067;7083;8352;6174;6174;
iNumb:; 7068;8082;8532;6174;6174;
iNumb:; 7069;9081;9621;8352;6174;6174;
iNumb:; 7070;7623;5265;3996;6264;4176;6174;6174;
iNumb:; 7071;7533;4176;6174;6174;
iNumb:; 7072;7443;3996;6264;4176;6174;6174;
iNumb:; 7073;7353;4176;6174;6174;
iNumb:; 7074;7263;5265;3996;6264;4176;6174;6174;
iNumb:; 7075;7173;6354;3087;8352;6174;6174;
iNumb:; 7076;7083;8352;6174;6174;
iNumb:; 7077;6993;6264;4176;6174;6174;
iNumb:; 7078;7992;7173;6354;3087;8352;6174;6174;
iNumb:; 7079;8991;8082;8532;6174;6174;
iNumb:; 7080;8622;6354;3087;8352;6174;6174;
iNumb:; 7081;8532;6174;6174;
iNumb:; 7082;8442;5994;5355;1998;8082;8532;6174;6174;
iNumb:; 7083;8352;6174;6174;
iNumb:; 7084;8262;6354;3087;8352;6174;6174;
iNumb:; 7085;8172;7443;3996;6264;4176;6174;6174;
iNumb:; 7086;8082;8532;6174;6174;
iNumb:; 7087;7992;7173;6354;3087;8352;6174;6174;
iNumb:; 7088;8082;8532;6174;6174;
iNumb:; 7089;9081;9621;8352;6174;6174;
iNumb:; 7090;9621;8352;6174;6174;
iNumb:; 7091;9531;8172;7443;3996;6264;4176;6174;6174;
iNumb:; 7092;9441;7992;7173;6354;3087;8352;6174;6174;
iNumb:; 7093;9351;8172;7443;3996;6264;4176;6174;6174;
iNumb:; 7094;9261;8352;6174;6174;
iNumb:; 7095;9171;8532;6174;6174;
iNumb:; 7096;9081;9621;8352;6174;6174;
iNumb:; 7097;8991;8082;8532;6174;6174;
iNumb:; 7098;9081;9621;8352;6174;6174;
iNumb:; 7099;9171;8532;6174;6174;
iNumb:; 7100;7083;8352;6174;6174;
iNumb:; 7101;6993;6264;4176;6174;6174;
iNumb:; 7102;7083;8352;6174;6174;
iNumb:; 7103;7173;6354;3087;8352;6174;6174;
iNumb:; 7104;7263;5265;3996;6264;4176;6174;6174;
iNumb:; 7105;7353;4176;6174;6174;
iNumb:; 7106;7443;3996;6264;4176;6174;6174;
iNumb:; 7107;7533;4176;6174;6174;
iNumb:; 7108;8532;6174;6174;
iNumb:; 7109;9531;8172;7443;3996;6264;4176;6174;6174;
iNumb:; 7110;6993;6264;4176;6174;6174;
iNumb:; 7111;5994;5355;1998;8082;8532;6174;6174;
iNumb:; 7112;6084;8172;7443;3996;6264;4176;6174;6174;
iNumb:; 7113;6174;6174;
iNumb:; 7114;6264;4176;6174;6174;
iNumb:; 7115;6354;3087;8352;6174;6174;
iNumb:; 7116;6444;1998;8082;8532;6174;6174;
iNumb:; 7117;6534;3087;8352;6174;6174;
iNumb:; 7118;7533;4176;6174;6174;
iNumb:; 7119;8532;6174;6174;
iNumb:; 7120;7083;8352;6174;6174;
iNumb:; 7121;6084;8172;7443;3996;6264;4176;6174;6174;
iNumb:; 7122;5994;5355;1998;8082;8532;6174;6174;
iNumb:; 7123;6084;8172;7443;3996;6264;4176;6174;6174;
iNumb:; 7124;6174;6174;
iNumb:; 7125;6264;4176;6174;6174;
iNumb:; 7126;6354;3087;8352;6174;6174;
iNumb:; 7127;6444;1998;8082;8532;6174;6174;
iNumb:; 7128;7443;3996;6264;4176;6174;6174;
iNumb:; 7129;8442;5994;5355;1998;8082;8532;6174;6174;
iNumb:; 7130;7173;6354;3087;8352;6174;6174;
iNumb:; 7131;6174;6174;
iNumb:; 7132;6084;8172;7443;3996;6264;4176;6174;6174;
iNumb:; 7133;5994;5355;1998;8082;8532;6174;6174;
iNumb:; 7134;6084;8172;7443;3996;6264;4176;6174;6174;
iNumb:; 7135;6174;6174;
iNumb:; 7136;6264;4176;6174;6174;
iNumb:; 7137;6354;3087;8352;6174;6174;
iNumb:; 7138;7353;4176;6174;6174;
iNumb:; 7139;8352;6174;6174;
iNumb:; 7140;7263;5265;3996;6264;4176;6174;6174;
iNumb:; 7141;6264;4176;6174;6174;
iNumb:; 7142;6174;6174;
iNumb:; 7143;6084;8172;7443;3996;6264;4176;6174;6174;
iNumb:; 7144;5994;5355;1998;8082;8532;6174;6174;
iNumb:; 7145;6084;8172;7443;3996;6264;4176;6174;6174;
iNumb:; 7146;6174;6174;
iNumb:; 7147;6264;4176;6174;6174;
iNumb:; 7148;7263;5265;3996;6264;4176;6174;6174;
iNumb:; 7149;8262;6354;3087;8352;6174;6174;
iNumb:; 7150;7353;4176;6174;6174;
iNumb:; 7151;6354;3087;8352;6174;6174;
iNumb:; 7152;6264;4176;6174;6174;
iNumb:; 7153;6174;6174;
iNumb:; 7154;6084;8172;7443;3996;6264;4176;6174;6174;
iNumb:; 7155;5994;5355;1998;8082;8532;6174;6174;
iNumb:; 7156;6084;8172;7443;3996;6264;4176;6174;6174;
iNumb:; 7157;6174;6174;
iNumb:; 7158;7173;6354;3087;8352;6174;6174;
iNumb:; 7159;8172;7443;3996;6264;4176;6174;6174;
iNumb:; 7160;7443;3996;6264;4176;6174;6174;
iNumb:; 7161;6444;1998;8082;8532;6174;6174;
iNumb:; 7162;6354;3087;8352;6174;6174;
iNumb:; 7163;6264;4176;6174;6174;
iNumb:; 7164;6174;6174;
iNumb:; 7165;6084;8172;7443;3996;6264;4176;6174;6174;
iNumb:; 7166;5994;5355;1998;8082;8532;6174;6174;
iNumb:; 7167;6084;8172;7443;3996;6264;4176;6174;6174;
iNumb:; 7168;7083;8352;6174;6174;
iNumb:; 7169;8082;8532;6174;6174;
iNumb:; 7170;7533;4176;6174;6174;
iNumb:; 7171;6534;3087;8352;6174;6174;
iNumb:; 7172;6444;1998;8082;8532;6174;6174;
iNumb:; 7173;6354;3087;8352;6174;6174;
iNumb:; 7174;6264;4176;6174;6174;
iNumb:; 7175;6174;6174;
iNumb:; 7176;6084;8172;7443;3996;6264;4176;6174;6174;
iNumb:; 7177;5994;5355;1998;8082;8532;6174;6174;
iNumb:; 7178;6993;6264;4176;6174;6174;
iNumb:; 7179;7992;7173;6354;3087;8352;6174;6174;
iNumb:; 7180;8532;6174;6174;
iNumb:; 7181;7533;4176;6174;6174;
iNumb:; 7182;7443;3996;6264;4176;6174;6174;
iNumb:; 7183;7353;4176;6174;6174;
iNumb:; 7184;7263;5265;3996;6264;4176;6174;6174;
iNumb:; 7185;7173;6354;3087;8352;6174;6174;
iNumb:; 7186;7083;8352;6174;6174;
iNumb:; 7187;6993;6264;4176;6174;6174;
iNumb:; 7188;7083;8352;6174;6174;
iNumb:; 7189;8082;8532;6174;6174;
iNumb:; 7190;9531;8172;7443;3996;6264;4176;6174;6174;
iNumb:; 7191;8532;6174;6174;
iNumb:; 7192;8442;5994;5355;1998;8082;8532;6174;6174;
iNumb:; 7193;8352;6174;6174;
iNumb:; 7194;8262;6354;3087;8352;6174;6174;
iNumb:; 7195;8172;7443;3996;6264;4176;6174;6174;
iNumb:; 7196;8082;8532;6174;6174;
iNumb:; 7197;7992;7173;6354;3087;8352;6174;6174;
iNumb:; 7198;8082;8532;6174;6174;
iNumb:; 7199;8172;7443;3996;6264;4176;6174;6174;
iNumb:; 7200;7173;6354;3087;8352;6174;6174;
iNumb:; 7201;7083;8352;6174;6174;
iNumb:; 7202;6993;6264;4176;6174;6174;
iNumb:; 7203;7083;8352;6174;6174;
iNumb:; 7204;7173;6354;3087;8352;6174;6174;
iNumb:; 7205;7263;5265;3996;6264;4176;6174;6174;
iNumb:; 7206;7353;4176;6174;6174;
iNumb:; 7207;7443;3996;6264;4176;6174;6174;
iNumb:; 7208;8442;5994;5355;1998;8082;8532;6174;6174;
iNumb:; 7209;9441;7992;7173;6354;3087;8352;6174;6174;
iNumb:; 7210;7083;8352;6174;6174;
iNumb:; 7211;6084;8172;7443;3996;6264;4176;6174;6174;
iNumb:; 7212;5994;5355;1998;8082;8532;6174;6174;
iNumb:; 7213;6084;8172;7443;3996;6264;4176;6174;6174;
iNumb:; 7214;6174;6174;
iNumb:; 7215;6264;4176;6174;6174;
iNumb:; 7216;6354;3087;8352;6174;6174;
iNumb:; 7217;6444;1998;8082;8532;6174;6174;
iNumb:; 7218;7443;3996;6264;4176;6174;6174;
iNumb:; 7219;8442;5994;5355;1998;8082;8532;6174;6174;
iNumb:; 7220;6993;6264;4176;6174;6174;
iNumb:; 7221;5994;5355;1998;8082;8532;6174;6174;
iNumb:; 7222;4995;5355;1998;8082;8532;6174;6174;
iNumb:; 7223;5085;7992;7173;6354;3087;8352;6174;6174;
iNumb:; 7224;5175;5994;5355;1998;8082;8532;6174;6174;
iNumb:; 7225;5265;3996;6264;4176;6174;6174;
iNumb:; 7226;5355;1998;8082;8532;6174;6174;
iNumb:; 7227;5445;1089;9621;8352;6174;6174;
iNumb:; 7228;6444;1998;8082;8532;6174;6174;
iNumb:; 7229;7443;3996;6264;4176;6174;6174;
iNumb:; 7230;7083;8352;6174;6174;
iNumb:; 7231;6084;8172;7443;3996;6264;4176;6174;6174;
iNumb:; 7232;5085;7992;7173;6354;3087;8352;6174;6174;
iNumb:; 7233;4995;5355;1998;8082;8532;6174;6174;
iNumb:; 7234;5085;7992;7173;6354;3087;8352;6174;6174;
iNumb:; 7235;5175;5994;5355;1998;8082;8532;6174;6174;
iNumb:; 7236;5265;3996;6264;4176;6174;6174;
iNumb:; 7237;5355;1998;8082;8532;6174;6174;
iNumb:; 7238;6354;3087;8352;6174;6174;
iNumb:; 7239;7353;4176;6174;6174;
iNumb:; 7240;7173;6354;3087;8352;6174;6174;
iNumb:; 7241;6174;6174;
iNumb:; 7242;5175;5994;5355;1998;8082;8532;6174;6174;
iNumb:; 7243;5085;7992;7173;6354;3087;8352;6174;6174;
iNumb:; 7244;4995;5355;1998;8082;8532;6174;6174;
iNumb:; 7245;5085;7992;7173;6354;3087;8352;6174;6174;
iNumb:; 7246;5175;5994;5355;1998;8082;8532;6174;6174;
iNumb:; 7247;5265;3996;6264;4176;6174;6174;
iNumb:; 7248;6264;4176;6174;6174;
iNumb:; 7249;7263;5265;3996;6264;4176;6174;6174;
iNumb:; 7250;7263;5265;3996;6264;4176;6174;6174;
iNumb:; 7251;6264;4176;6174;6174;
iNumb:; 7252;5265;3996;6264;4176;6174;6174;
iNumb:; 7253;5175;5994;5355;1998;8082;8532;6174;6174;
iNumb:; 7254;5085;7992;7173;6354;3087;8352;6174;6174;
iNumb:; 7255;4995;5355;1998;8082;8532;6174;6174;
iNumb:; 7256;5085;7992;7173;6354;3087;8352;6174;6174;
iNumb:; 7257;5175;5994;5355;1998;8082;8532;6174;6174;
iNumb:; 7258;6174;6174;
iNumb:; 7259;7173;6354;3087;8352;6174;6174;
iNumb:; 7260;7353;4176;6174;6174;
iNumb:; 7261;6354;3087;8352;6174;6174;
iNumb:; 7262;5355;1998;8082;8532;6174;6174;
iNumb:; 7263;5265;3996;6264;4176;6174;6174;
iNumb:; 7264;5175;5994;5355;1998;8082;8532;6174;6174;
iNumb:; 7265;5085;7992;7173;6354;3087;8352;6174;6174;
iNumb:; 7266;4995;5355;1998;8082;8532;6174;6174;
iNumb:; 7267;5085;7992;7173;6354;3087;8352;6174;6174;
iNumb:; 7268;6084;8172;7443;3996;6264;4176;6174;6174;
iNumb:; 7269;7083;8352;6174;6174;
iNumb:; 7270;7443;3996;6264;4176;6174;6174;
iNumb:; 7271;6444;1998;8082;8532;6174;6174;
iNumb:; 7272;5445;1089;9621;8352;6174;6174;
iNumb:; 7273;5355;1998;8082;8532;6174;6174;
iNumb:; 7274;5265;3996;6264;4176;6174;6174;
iNumb:; 7275;5175;5994;5355;1998;8082;8532;6174;6174;
iNumb:; 7276;5085;7992;7173;6354;3087;8352;6174;6174;
iNumb:; 7277;4995;5355;1998;8082;8532;6174;6174;
iNumb:; 7278;5994;5355;1998;8082;8532;6174;6174;
iNumb:; 7279;6993;6264;4176;6174;6174;
iNumb:; 7280;8442;5994;5355;1998;8082;8532;6174;6174;
iNumb:; 7281;7443;3996;6264;4176;6174;6174;
iNumb:; 7282;6444;1998;8082;8532;6174;6174;
iNumb:; 7283;6354;3087;8352;6174;6174;
iNumb:; 7284;6264;4176;6174;6174;
iNumb:; 7285;6174;6174;
iNumb:; 7286;6084;8172;7443;3996;6264;4176;6174;6174;
iNumb:; 7287;5994;5355;1998;8082;8532;6174;6174;
iNumb:; 7288;6084;8172;7443;3996;6264;4176;6174;6174;
iNumb:; 7289;7083;8352;6174;6174;
iNumb:; 7290;9441;7992;7173;6354;3087;8352;6174;6174;
iNumb:; 7291;8442;5994;5355;1998;8082;8532;6174;6174;
iNumb:; 7292;7443;3996;6264;4176;6174;6174;
iNumb:; 7293;7353;4176;6174;6174;
iNumb:; 7294;7263;5265;3996;6264;4176;6174;6174;
iNumb:; 7295;7173;6354;3087;8352;6174;6174;
iNumb:; 7296;7083;8352;6174;6174;
iNumb:; 7297;6993;6264;4176;6174;6174;
iNumb:; 7298;7083;8352;6174;6174;
iNumb:; 7299;7173;6354;3087;8352;6174;6174;
iNumb:; 7300;7263;5265;3996;6264;4176;6174;6174;
iNumb:; 7301;7173;6354;3087;8352;6174;6174;
iNumb:; 7302;7083;8352;6174;6174;
iNumb:; 7303;6993;6264;4176;6174;6174;
iNumb:; 7304;7083;8352;6174;6174;
iNumb:; 7305;7173;6354;3087;8352;6174;6174;
iNumb:; 7306;7263;5265;3996;6264;4176;6174;6174;
iNumb:; 7307;7353;4176;6174;6174;
iNumb:; 7308;8352;6174;6174;
iNumb:; 7309;9351;8172;7443;3996;6264;4176;6174;6174;
iNumb:; 7310;7173;6354;3087;8352;6174;6174;
iNumb:; 7311;6174;6174;
iNumb:; 7312;6084;8172;7443;3996;6264;4176;6174;6174;
iNumb:; 7313;5994;5355;1998;8082;8532;6174;6174;
iNumb:; 7314;6084;8172;7443;3996;6264;4176;6174;6174;
iNumb:; 7315;6174;6174;
iNumb:; 7316;6264;4176;6174;6174;
iNumb:; 7317;6354;3087;8352;6174;6174;
iNumb:; 7318;7353;4176;6174;6174;
iNumb:; 7319;8352;6174;6174;
iNumb:; 7320;7083;8352;6174;6174;
iNumb:; 7321;6084;8172;7443;3996;6264;4176;6174;6174;
iNumb:; 7322;5085;7992;7173;6354;3087;8352;6174;6174;
iNumb:; 7323;4995;5355;1998;8082;8532;6174;6174;
iNumb:; 7324;5085;7992;7173;6354;3087;8352;6174;6174;
iNumb:; 7325;5175;5994;5355;1998;8082;8532;6174;6174;
iNumb:; 7326;5265;3996;6264;4176;6174;6174;
iNumb:; 7327;5355;1998;8082;8532;6174;6174;
iNumb:; 7328;6354;3087;8352;6174;6174;
iNumb:; 7329;7353;4176;6174;6174;
iNumb:; 7330;6993;6264;4176;6174;6174;
iNumb:; 7331;5994;5355;1998;8082;8532;6174;6174;
iNumb:; 7332;4995;5355;1998;8082;8532;6174;6174;
iNumb:; 7333;3996;6264;4176;6174;6174;
iNumb:; 7334;4086;8172;7443;3996;6264;4176;6174;6174;
iNumb:; 7335;4176;6174;6174;
iNumb:; 7336;4266;4176;6174;6174;
iNumb:; 7337;4356;3087;8352;6174;6174;
iNumb:; 7338;5355;1998;8082;8532;6174;6174;
iNumb:; 7339;6354;3087;8352;6174;6174;
iNumb:; 7340;7083;8352;6174;6174;
iNumb:; 7341;6084;8172;7443;3996;6264;4176;6174;6174;
iNumb:; 7342;5085;7992;7173;6354;3087;8352;6174;6174;
iNumb:; 7343;4086;8172;7443;3996;6264;4176;6174;6174;
iNumb:; 7344;3996;6264;4176;6174;6174;
iNumb:; 7345;4086;8172;7443;3996;6264;4176;6174;6174;
iNumb:; 7346;4176;6174;6174;
iNumb:; 7347;4266;4176;6174;6174;
iNumb:; 7348;5265;3996;6264;4176;6174;6174;
iNumb:; 7349;6264;4176;6174;6174;
iNumb:; 7350;7173;6354;3087;8352;6174;6174;
iNumb:; 7351;6174;6174;
iNumb:; 7352;5175;5994;5355;1998;8082;8532;6174;6174;
iNumb:; 7353;4176;6174;6174;
iNumb:; 7354;4086;8172;7443;3996;6264;4176;6174;6174;
iNumb:; 7355;3996;6264;4176;6174;6174;
iNumb:; 7356;4086;8172;7443;3996;6264;4176;6174;6174;
iNumb:; 7357;4176;6174;6174;
iNumb:; 7358;5175;5994;5355;1998;8082;8532;6174;6174;
iNumb:; 7359;6174;6174;
iNumb:; 7360;7263;5265;3996;6264;4176;6174;6174;
iNumb:; 7361;6264;4176;6174;6174;
iNumb:; 7362;5265;3996;6264;4176;6174;6174;
iNumb:; 7363;4266;4176;6174;6174;
iNumb:; 7364;4176;6174;6174;
iNumb:; 7365;4086;8172;7443;3996;6264;4176;6174;6174;
iNumb:; 7366;3996;6264;4176;6174;6174;
iNumb:; 7367;4086;8172;7443;3996;6264;4176;6174;6174;
iNumb:; 7368;5085;7992;7173;6354;3087;8352;6174;6174;
iNumb:; 7369;6084;8172;7443;3996;6264;4176;6174;6174;
iNumb:; 7370;7353;4176;6174;6174;
iNumb:; 7371;6354;3087;8352;6174;6174;
iNumb:; 7372;5355;1998;8082;8532;6174;6174;
iNumb:; 7373;4356;3087;8352;6174;6174;
iNumb:; 7374;4266;4176;6174;6174;
iNumb:; 7375;4176;6174;6174;
iNumb:; 7376;4086;8172;7443;3996;6264;4176;6174;6174;
iNumb:; 7377;3996;6264;4176;6174;6174;
iNumb:; 7378;4995;5355;1998;8082;8532;6174;6174;
iNumb:; 7379;5994;5355;1998;8082;8532;6174;6174;
iNumb:; 7380;8352;6174;6174;
iNumb:; 7381;7353;4176;6174;6174;
iNumb:; 7382;6354;3087;8352;6174;6174;
iNumb:; 7383;5355;1998;8082;8532;6174;6174;
iNumb:; 7384;5265;3996;6264;4176;6174;6174;
iNumb:; 7385;5175;5994;5355;1998;8082;8532;6174;6174;
iNumb:; 7386;5085;7992;7173;6354;3087;8352;6174;6174;
iNumb:; 7387;4995;5355;1998;8082;8532;6174;6174;
iNumb:; 7388;5085;7992;7173;6354;3087;8352;6174;6174;
iNumb:; 7389;6084;8172;7443;3996;6264;4176;6174;6174;
iNumb:; 7390;9351;8172;7443;3996;6264;4176;6174;6174;
iNumb:; 7391;8352;6174;6174;
iNumb:; 7392;7353;4176;6174;6174;
iNumb:; 7393;6354;3087;8352;6174;6174;
iNumb:; 7394;6264;4176;6174;6174;
iNumb:; 7395;6174;6174;
iNumb:; 7396;6084;8172;7443;3996;6264;4176;6174;6174;
iNumb:; 7397;5994;5355;1998;8082;8532;6174;6174;
iNumb:; 7398;6084;8172;7443;3996;6264;4176;6174;6174;
iNumb:; 7399;6174;6174;
iNumb:; 7400;7353;4176;6174;6174;
iNumb:; 7401;7263;5265;3996;6264;4176;6174;6174;
iNumb:; 7402;7173;6354;3087;8352;6174;6174;
iNumb:; 7403;7083;8352;6174;6174;
iNumb:; 7404;6993;6264;4176;6174;6174;
iNumb:; 7405;7083;8352;6174;6174;
iNumb:; 7406;7173;6354;3087;8352;6174;6174;
iNumb:; 7407;7263;5265;3996;6264;4176;6174;6174;
iNumb:; 7408;8262;6354;3087;8352;6174;6174;
iNumb:; 7409;9261;8352;6174;6174;
iNumb:; 7410;7263;5265;3996;6264;4176;6174;6174;
iNumb:; 7411;6264;4176;6174;6174;
iNumb:; 7412;6174;6174;
iNumb:; 7413;6084;8172;7443;3996;6264;4176;6174;6174;
iNumb:; 7414;5994;5355;1998;8082;8532;6174;6174;
iNumb:; 7415;6084;8172;7443;3996;6264;4176;6174;6174;
iNumb:; 7416;6174;6174;
iNumb:; 7417;6264;4176;6174;6174;
iNumb:; 7418;7263;5265;3996;6264;4176;6174;6174;
iNumb:; 7419;8262;6354;3087;8352;6174;6174;
iNumb:; 7420;7173;6354;3087;8352;6174;6174;
iNumb:; 7421;6174;6174;
iNumb:; 7422;5175;5994;5355;1998;8082;8532;6174;6174;
iNumb:; 7423;5085;7992;7173;6354;3087;8352;6174;6174;
iNumb:; 7424;4995;5355;1998;8082;8532;6174;6174;
iNumb:; 7425;5085;7992;7173;6354;3087;8352;6174;6174;
iNumb:; 7426;5175;5994;5355;1998;8082;8532;6174;6174;
iNumb:; 7427;5265;3996;6264;4176;6174;6174;
iNumb:; 7428;6264;4176;6174;6174;
iNumb:; 7429;7263;5265;3996;6264;4176;6174;6174;
iNumb:; 7430;7083;8352;6174;6174;
iNumb:; 7431;6084;8172;7443;3996;6264;4176;6174;6174;
iNumb:; 7432;5085;7992;7173;6354;3087;8352;6174;6174;
iNumb:; 7433;4086;8172;7443;3996;6264;4176;6174;6174;
iNumb:; 7434;3996;6264;4176;6174;6174;
iNumb:; 7435;4086;8172;7443;3996;6264;4176;6174;6174;
iNumb:; 7436;4176;6174;6174;
iNumb:; 7437;4266;4176;6174;6174;
iNumb:; 7438;5265;3996;6264;4176;6174;6174;
iNumb:; 7439;6264;4176;6174;6174;
iNumb:; 7440;6993;6264;4176;6174;6174;
iNumb:; 7441;5994;5355;1998;8082;8532;6174;6174;
iNumb:; 7442;4995;5355;1998;8082;8532;6174;6174;
iNumb:; 7443;3996;6264;4176;6174;6174;
iNumb:; 7444;2997;7173;6354;3087;8352;6174;6174;
iNumb:; 7445;3087;8352;6174;6174;
iNumb:; 7446;3177;6354;3087;8352;6174;6174;
iNumb:; 7447;3267;5265;3996;6264;4176;6174;6174;
iNumb:; 7448;4266;4176;6174;6174;
iNumb:; 7449;5265;3996;6264;4176;6174;6174;
iNumb:; 7450;7083;8352;6174;6174;
iNumb:; 7451;6084;8172;7443;3996;6264;4176;6174;6174;
iNumb:; 7452;5085;7992;7173;6354;3087;8352;6174;6174;
iNumb:; 7453;4086;8172;7443;3996;6264;4176;6174;6174;
iNumb:; 7454;3087;8352;6174;6174;
iNumb:; 7455;2997;7173;6354;3087;8352;6174;6174;
iNumb:; 7456;3087;8352;6174;6174;
iNumb:; 7457;3177;6354;3087;8352;6174;6174;
iNumb:; 7458;4176;6174;6174;
iNumb:; 7459;5175;5994;5355;1998;8082;8532;6174;6174;
iNumb:; 7460;7173;6354;3087;8352;6174;6174;
iNumb:; 7461;6174;6174;
iNumb:; 7462;5175;5994;5355;1998;8082;8532;6174;6174;
iNumb:; 7463;4176;6174;6174;
iNumb:; 7464;3177;6354;3087;8352;6174;6174;
iNumb:; 7465;3087;8352;6174;6174;
iNumb:; 7466;2997;7173;6354;3087;8352;6174;6174;
iNumb:; 7467;3087;8352;6174;6174;
iNumb:; 7468;4086;8172;7443;3996;6264;4176;6174;6174;
iNumb:; 7469;5085;7992;7173;6354;3087;8352;6174;6174;
iNumb:; 7470;7263;5265;3996;6264;4176;6174;6174;
iNumb:; 7471;6264;4176;6174;6174;
iNumb:; 7472;5265;3996;6264;4176;6174;6174;
iNumb:; 7473;4266;4176;6174;6174;
iNumb:; 7474;3267;5265;3996;6264;4176;6174;6174;
iNumb:; 7475;3177;6354;3087;8352;6174;6174;
iNumb:; 7476;3087;8352;6174;6174;
iNumb:; 7477;2997;7173;6354;3087;8352;6174;6174;
iNumb:; 7478;3996;6264;4176;6174;6174;
iNumb:; 7479;4995;5355;1998;8082;8532;6174;6174;
iNumb:; 7480;8262;6354;3087;8352;6174;6174;
iNumb:; 7481;7263;5265;3996;6264;4176;6174;6174;
iNumb:; 7482;6264;4176;6174;6174;
iNumb:; 7483;5265;3996;6264;4176;6174;6174;
iNumb:; 7484;4266;4176;6174;6174;
iNumb:; 7485;4176;6174;6174;
iNumb:; 7486;4086;8172;7443;3996;6264;4176;6174;6174;
iNumb:; 7487;3996;6264;4176;6174;6174;
iNumb:; 7488;4086;8172;7443;3996;6264;4176;6174;6174;
iNumb:; 7489;5085;7992;7173;6354;3087;8352;6174;6174;
iNumb:; 7490;9261;8352;6174;6174;
iNumb:; 7491;8262;6354;3087;8352;6174;6174;
iNumb:; 7492;7263;5265;3996;6264;4176;6174;6174;
iNumb:; 7493;6264;4176;6174;6174;
iNumb:; 7494;5265;3996;6264;4176;6174;6174;
iNumb:; 7495;5175;5994;5355;1998;8082;8532;6174;6174;
iNumb:; 7496;5085;7992;7173;6354;3087;8352;6174;6174;
iNumb:; 7497;4995;5355;1998;8082;8532;6174;6174;
iNumb:; 7498;5085;7992;7173;6354;3087;8352;6174;6174;
iNumb:; 7499;5175;5994;5355;1998;8082;8532;6174;6174;
iNumb:; 7500;7443;3996;6264;4176;6174;6174;
iNumb:; 7501;7353;4176;6174;6174;
iNumb:; 7502;7263;5265;3996;6264;4176;6174;6174;
iNumb:; 7503;7173;6354;3087;8352;6174;6174;
iNumb:; 7504;7083;8352;6174;6174;
iNumb:; 7505;6993;6264;4176;6174;6174;
iNumb:; 7506;7083;8352;6174;6174;
iNumb:; 7507;7173;6354;3087;8352;6174;6174;
iNumb:; 7508;8172;7443;3996;6264;4176;6174;6174;
iNumb:; 7509;9171;8532;6174;6174;
iNumb:; 7510;7353;4176;6174;6174;
iNumb:; 7511;6354;3087;8352;6174;6174;
iNumb:; 7512;6264;4176;6174;6174;
iNumb:; 7513;6174;6174;
iNumb:; 7514;6084;8172;7443;3996;6264;4176;6174;6174;
iNumb:; 7515;5994;5355;1998;8082;8532;6174;6174;
iNumb:; 7516;6084;8172;7443;3996;6264;4176;6174;6174;
iNumb:; 7517;6174;6174;
iNumb:; 7518;7173;6354;3087;8352;6174;6174;
iNumb:; 7519;8172;7443;3996;6264;4176;6174;6174;
iNumb:; 7520;7263;5265;3996;6264;4176;6174;6174;
iNumb:; 7521;6264;4176;6174;6174;
iNumb:; 7522;5265;3996;6264;4176;6174;6174;
iNumb:; 7523;5175;5994;5355;1998;8082;8532;6174;6174;
iNumb:; 7524;5085;7992;7173;6354;3087;8352;6174;6174;
iNumb:; 7525;4995;5355;1998;8082;8532;6174;6174;
iNumb:; 7526;5085;7992;7173;6354;3087;8352;6174;6174;
iNumb:; 7527;5175;5994;5355;1998;8082;8532;6174;6174;
iNumb:; 7528;6174;6174;
iNumb:; 7529;7173;6354;3087;8352;6174;6174;
iNumb:; 7530;7173;6354;3087;8352;6174;6174;
iNumb:; 7531;6174;6174;
iNumb:; 7532;5175;5994;5355;1998;8082;8532;6174;6174;
iNumb:; 7533;4176;6174;6174;
iNumb:; 7534;4086;8172;7443;3996;6264;4176;6174;6174;
iNumb:; 7535;3996;6264;4176;6174;6174;
iNumb:; 7536;4086;8172;7443;3996;6264;4176;6174;6174;
iNumb:; 7537;4176;6174;6174;
iNumb:; 7538;5175;5994;5355;1998;8082;8532;6174;6174;
iNumb:; 7539;6174;6174;
iNumb:; 7540;7083;8352;6174;6174;
iNumb:; 7541;6084;8172;7443;3996;6264;4176;6174;6174;
iNumb:; 7542;5085;7992;7173;6354;3087;8352;6174;6174;
iNumb:; 7543;4086;8172;7443;3996;6264;4176;6174;6174;
iNumb:; 7544;3087;8352;6174;6174;
iNumb:; 7545;2997;7173;6354;3087;8352;6174;6174;
iNumb:; 7546;3087;8352;6174;6174;
iNumb:; 7547;3177;6354;3087;8352;6174;6174;
iNumb:; 7548;4176;6174;6174;
iNumb:; 7549;5175;5994;5355;1998;8082;8532;6174;6174;
iNumb:; 7550;6993;6264;4176;6174;6174;
iNumb:; 7551;5994;5355;1998;8082;8532;6174;6174;
iNumb:; 7552;4995;5355;1998;8082;8532;6174;6174;
iNumb:; 7553;3996;6264;4176;6174;6174;
iNumb:; 7554;2997;7173;6354;3087;8352;6174;6174;
iNumb:; 7555;1998;8082;8532;6174;6174;
iNumb:; 7556;2088;8532;6174;6174;
iNumb:; 7557;2178;7443;3996;6264;4176;6174;6174;
iNumb:; 7558;3177;6354;3087;8352;6174;6174;
iNumb:; 7559;4176;6174;6174;
iNumb:; 7560;7083;8352;6174;6174;
iNumb:; 7561;6084;8172;7443;3996;6264;4176;6174;6174;
iNumb:; 7562;5085;7992;7173;6354;3087;8352;6174;6174;
iNumb:; 7563;4086;8172;7443;3996;6264;4176;6174;6174;
iNumb:; 7564;3087;8352;6174;6174;
iNumb:; 7565;2088;8532;6174;6174;
iNumb:; 7566;1998;8082;8532;6174;6174;
iNumb:; 7567;2088;8532;6174;6174;
iNumb:; 7568;3087;8352;6174;6174;
iNumb:; 7569;4086;8172;7443;3996;6264;4176;6174;6174;
iNumb:; 7570;7173;6354;3087;8352;6174;6174;
iNumb:; 7571;6174;6174;
iNumb:; 7572;5175;5994;5355;1998;8082;8532;6174;6174;
iNumb:; 7573;4176;6174;6174;
iNumb:; 7574;3177;6354;3087;8352;6174;6174;
iNumb:; 7575;2178;7443;3996;6264;4176;6174;6174;
iNumb:; 7576;2088;8532;6174;6174;
iNumb:; 7577;1998;8082;8532;6174;6174;
iNumb:; 7578;2997;7173;6354;3087;8352;6174;6174;
iNumb:; 7579;3996;6264;4176;6174;6174;
iNumb:; 7580;8172;7443;3996;6264;4176;6174;6174;
iNumb:; 7581;7173;6354;3087;8352;6174;6174;
iNumb:; 7582;6174;6174;
iNumb:; 7583;5175;5994;5355;1998;8082;8532;6174;6174;
iNumb:; 7584;4176;6174;6174;
iNumb:; 7585;3177;6354;3087;8352;6174;6174;
iNumb:; 7586;3087;8352;6174;6174;
iNumb:; 7587;2997;7173;6354;3087;8352;6174;6174;
iNumb:; 7588;3087;8352;6174;6174;
iNumb:; 7589;4086;8172;7443;3996;6264;4176;6174;6174;
iNumb:; 7590;9171;8532;6174;6174;
iNumb:; 7591;8172;7443;3996;6264;4176;6174;6174;
iNumb:; 7592;7173;6354;3087;8352;6174;6174;
iNumb:; 7593;6174;6174;
iNumb:; 7594;5175;5994;5355;1998;8082;8532;6174;6174;
iNumb:; 7595;4176;6174;6174;
iNumb:; 7596;4086;8172;7443;3996;6264;4176;6174;6174;
iNumb:; 7597;3996;6264;4176;6174;6174;
iNumb:; 7598;4086;8172;7443;3996;6264;4176;6174;6174;
iNumb:; 7599;4176;6174;6174;
iNumb:; 7600;7533;4176;6174;6174;
iNumb:; 7601;7443;3996;6264;4176;6174;6174;
iNumb:; 7602;7353;4176;6174;6174;
iNumb:; 7603;7263;5265;3996;6264;4176;6174;6174;
iNumb:; 7604;7173;6354;3087;8352;6174;6174;
iNumb:; 7605;7083;8352;6174;6174;
iNumb:; 7606;6993;6264;4176;6174;6174;
iNumb:; 7607;7083;8352;6174;6174;
iNumb:; 7608;8082;8532;6174;6174;
iNumb:; 7609;9081;9621;8352;6174;6174;
iNumb:; 7610;7443;3996;6264;4176;6174;6174;
iNumb:; 7611;6444;1998;8082;8532;6174;6174;
iNumb:; 7612;6354;3087;8352;6174;6174;
iNumb:; 7613;6264;4176;6174;6174;
iNumb:; 7614;6174;6174;
iNumb:; 7615;6084;8172;7443;3996;6264;4176;6174;6174;
iNumb:; 7616;5994;5355;1998;8082;8532;6174;6174;
iNumb:; 7617;6084;8172;7443;3996;6264;4176;6174;6174;
iNumb:; 7618;7083;8352;6174;6174;
iNumb:; 7619;8082;8532;6174;6174;
iNumb:; 7620;7353;4176;6174;6174;
iNumb:; 7621;6354;3087;8352;6174;6174;
iNumb:; 7622;5355;1998;8082;8532;6174;6174;
iNumb:; 7623;5265;3996;6264;4176;6174;6174;
iNumb:; 7624;5175;5994;5355;1998;8082;8532;6174;6174;
iNumb:; 7625;5085;7992;7173;6354;3087;8352;6174;6174;
iNumb:; 7626;4995;5355;1998;8082;8532;6174;6174;
iNumb:; 7627;5085;7992;7173;6354;3087;8352;6174;6174;
iNumb:; 7628;6084;8172;7443;3996;6264;4176;6174;6174;
iNumb:; 7629;7083;8352;6174;6174;
iNumb:; 7630;7263;5265;3996;6264;4176;6174;6174;
iNumb:; 7631;6264;4176;6174;6174;
iNumb:; 7632;5265;3996;6264;4176;6174;6174;
iNumb:; 7633;4266;4176;6174;6174;
iNumb:; 7634;4176;6174;6174;
iNumb:; 7635;4086;8172;7443;3996;6264;4176;6174;6174;
iNumb:; 7636;3996;6264;4176;6174;6174;
iNumb:; 7637;4086;8172;7443;3996;6264;4176;6174;6174;
iNumb:; 7638;5085;7992;7173;6354;3087;8352;6174;6174;
iNumb:; 7639;6084;8172;7443;3996;6264;4176;6174;6174;
iNumb:; 7640;7173;6354;3087;8352;6174;6174;
iNumb:; 7641;6174;6174;
iNumb:; 7642;5175;5994;5355;1998;8082;8532;6174;6174;
iNumb:; 7643;4176;6174;6174;
iNumb:; 7644;3177;6354;3087;8352;6174;6174;
iNumb:; 7645;3087;8352;6174;6174;
iNumb:; 7646;2997;7173;6354;3087;8352;6174;6174;
iNumb:; 7647;3087;8352;6174;6174;
iNumb:; 7648;4086;8172;7443;3996;6264;4176;6174;6174;
iNumb:; 7649;5085;7992;7173;6354;3087;8352;6174;6174;
iNumb:; 7650;7083;8352;6174;6174;
iNumb:; 7651;6084;8172;7443;3996;6264;4176;6174;6174;
iNumb:; 7652;5085;7992;7173;6354;3087;8352;6174;6174;
iNumb:; 7653;4086;8172;7443;3996;6264;4176;6174;6174;
iNumb:; 7654;3087;8352;6174;6174;
iNumb:; 7655;2088;8532;6174;6174;
iNumb:; 7656;1998;8082;8532;6174;6174;
iNumb:; 7657;2088;8532;6174;6174;
iNumb:; 7658;3087;8352;6174;6174;
iNumb:; 7659;4086;8172;7443;3996;6264;4176;6174;6174;
iNumb:; 7660;6993;6264;4176;6174;6174;
iNumb:; 7661;5994;5355;1998;8082;8532;6174;6174;
iNumb:; 7662;4995;5355;1998;8082;8532;6174;6174;
iNumb:; 7663;3996;6264;4176;6174;6174;
iNumb:; 7664;2997;7173;6354;3087;8352;6174;6174;
iNumb:; 7665;1998;8082;8532;6174;6174;
iNumb:; 7666;999;8991;8082;8532;6174;6174;
iNumb:; 7667;1089;9621;8352;6174;6174;
iNumb:; 7668;2088;8532;6174;6174;
iNumb:; 7669;3087;8352;6174;6174;
iNumb:; 7670;7083;8352;6174;6174;
iNumb:; 7671;6084;8172;7443;3996;6264;4176;6174;6174;
iNumb:; 7672;5085;7992;7173;6354;3087;8352;6174;6174;
iNumb:; 7673;4086;8172;7443;3996;6264;4176;6174;6174;
iNumb:; 7674;3087;8352;6174;6174;
iNumb:; 7675;2088;8532;6174;6174;
iNumb:; 7676;1089;9621;8352;6174;6174;
iNumb:; 7677;999;8991;8082;8532;6174;6174;
iNumb:; 7678;1998;8082;8532;6174;6174;
iNumb:; 7679;2997;7173;6354;3087;8352;6174;6174;
iNumb:; 7680;8082;8532;6174;6174;
iNumb:; 7681;7083;8352;6174;6174;
iNumb:; 7682;6084;8172;7443;3996;6264;4176;6174;6174;
iNumb:; 7683;5085;7992;7173;6354;3087;8352;6174;6174;
iNumb:; 7684;4086;8172;7443;3996;6264;4176;6174;6174;
iNumb:; 7685;3087;8352;6174;6174;
iNumb:; 7686;2088;8532;6174;6174;
iNumb:; 7687;1998;8082;8532;6174;6174;
iNumb:; 7688;2088;8532;6174;6174;
iNumb:; 7689;3087;8352;6174;6174;
iNumb:; 7690;9081;9621;8352;6174;6174;
iNumb:; 7691;8082;8532;6174;6174;
iNumb:; 7692;7083;8352;6174;6174;
iNumb:; 7693;6084;8172;7443;3996;6264;4176;6174;6174;
iNumb:; 7694;5085;7992;7173;6354;3087;8352;6174;6174;
iNumb:; 7695;4086;8172;7443;3996;6264;4176;6174;6174;
iNumb:; 7696;3087;8352;6174;6174;
iNumb:; 7697;2997;7173;6354;3087;8352;6174;6174;
iNumb:; 7698;3087;8352;6174;6174;
iNumb:; 7699;3177;6354;3087;8352;6174;6174;
iNumb:; 7700;7623;5265;3996;6264;4176;6174;6174;
iNumb:; 7701;7533;4176;6174;6174;
iNumb:; 7702;7443;3996;6264;4176;6174;6174;
iNumb:; 7703;7353;4176;6174;6174;
iNumb:; 7704;7263;5265;3996;6264;4176;6174;6174;
iNumb:; 7705;7173;6354;3087;8352;6174;6174;
iNumb:; 7706;7083;8352;6174;6174;
iNumb:; 7707;6993;6264;4176;6174;6174;
iNumb:; 7708;7992;7173;6354;3087;8352;6174;6174;
iNumb:; 7709;8991;8082;8532;6174;6174;
iNumb:; 7710;7533;4176;6174;6174;
iNumb:; 7711;6534;3087;8352;6174;6174;
iNumb:; 7712;6444;1998;8082;8532;6174;6174;
iNumb:; 7713;6354;3087;8352;6174;6174;
iNumb:; 7714;6264;4176;6174;6174;
iNumb:; 7715;6174;6174;
iNumb:; 7716;6084;8172;7443;3996;6264;4176;6174;6174;
iNumb:; 7717;5994;5355;1998;8082;8532;6174;6174;
iNumb:; 7718;6993;6264;4176;6174;6174;
iNumb:; 7719;7992;7173;6354;3087;8352;6174;6174;
iNumb:; 7720;7443;3996;6264;4176;6174;6174;
iNumb:; 7721;6444;1998;8082;8532;6174;6174;
iNumb:; 7722;5445;1089;9621;8352;6174;6174;
iNumb:; 7723;5355;1998;8082;8532;6174;6174;
iNumb:; 7724;5265;3996;6264;4176;6174;6174;
iNumb:; 7725;5175;5994;5355;1998;8082;8532;6174;6174;
iNumb:; 7726;5085;7992;7173;6354;3087;8352;6174;6174;
iNumb:; 7727;4995;5355;1998;8082;8532;6174;6174;
iNumb:; 7728;5994;5355;1998;8082;8532;6174;6174;
iNumb:; 7729;6993;6264;4176;6174;6174;
iNumb:; 7730;7353;4176;6174;6174;
iNumb:; 7731;6354;3087;8352;6174;6174;
iNumb:; 7732;5355;1998;8082;8532;6174;6174;
iNumb:; 7733;4356;3087;8352;6174;6174;
iNumb:; 7734;4266;4176;6174;6174;
iNumb:; 7735;4176;6174;6174;
iNumb:; 7736;4086;8172;7443;3996;6264;4176;6174;6174;
iNumb:; 7737;3996;6264;4176;6174;6174;
iNumb:; 7738;4995;5355;1998;8082;8532;6174;6174;
iNumb:; 7739;5994;5355;1998;8082;8532;6174;6174;
iNumb:; 7740;7263;5265;3996;6264;4176;6174;6174;
iNumb:; 7741;6264;4176;6174;6174;
iNumb:; 7742;5265;3996;6264;4176;6174;6174;
iNumb:; 7743;4266;4176;6174;6174;
iNumb:; 7744;3267;5265;3996;6264;4176;6174;6174;
iNumb:; 7745;3177;6354;3087;8352;6174;6174;
iNumb:; 7746;3087;8352;6174;6174;
iNumb:; 7747;2997;7173;6354;3087;8352;6174;6174;
iNumb:; 7748;3996;6264;4176;6174;6174;
iNumb:; 7749;4995;5355;1998;8082;8532;6174;6174;
iNumb:; 7750;7173;6354;3087;8352;6174;6174;
iNumb:; 7751;6174;6174;
iNumb:; 7752;5175;5994;5355;1998;8082;8532;6174;6174;
iNumb:; 7753;4176;6174;6174;
iNumb:; 7754;3177;6354;3087;8352;6174;6174;
iNumb:; 7755;2178;7443;3996;6264;4176;6174;6174;
iNumb:; 7756;2088;8532;6174;6174;
iNumb:; 7757;1998;8082;8532;6174;6174;
iNumb:; 7758;2997;7173;6354;3087;8352;6174;6174;
iNumb:; 7759;3996;6264;4176;6174;6174;
iNumb:; 7760;7083;8352;6174;6174;
iNumb:; 7761;6084;8172;7443;3996;6264;4176;6174;6174;
iNumb:; 7762;5085;7992;7173;6354;3087;8352;6174;6174;
iNumb:; 7763;4086;8172;7443;3996;6264;4176;6174;6174;
iNumb:; 7764;3087;8352;6174;6174;
iNumb:; 7765;2088;8532;6174;6174;
iNumb:; 7766;1089;9621;8352;6174;6174;
iNumb:; 7767;999;8991;8082;8532;6174;6174;
iNumb:; 7768;1998;8082;8532;6174;6174;
iNumb:; 7769;2997;7173;6354;3087;8352;6174;6174;
iNumb:; 7770;6993;6264;4176;6174;6174;
iNumb:; 7771;5994;5355;1998;8082;8532;6174;6174;
iNumb:; 7772;4995;5355;1998;8082;8532;6174;6174;
iNumb:; 7773;3996;6264;4176;6174;6174;
iNumb:; 7774;2997;7173;6354;3087;8352;6174;6174;
iNumb:; 7775;1998;8082;8532;6174;6174;
iNumb:; 7776;999;8991;8082;8532;6174;6174;
iNumb:; 7778;999;8991;8082;8532;6174;6174;
iNumb:; 7779;1998;8082;8532;6174;6174;
iNumb:; 7780;7992;7173;6354;3087;8352;6174;6174;
iNumb:; 7781;6993;6264;4176;6174;6174;
iNumb:; 7782;5994;5355;1998;8082;8532;6174;6174;
iNumb:; 7783;4995;5355;1998;8082;8532;6174;6174;
iNumb:; 7784;3996;6264;4176;6174;6174;
iNumb:; 7785;2997;7173;6354;3087;8352;6174;6174;
iNumb:; 7786;1998;8082;8532;6174;6174;
iNumb:; 7787;999;8991;8082;8532;6174;6174;
iNumb:; 7788;1089;9621;8352;6174;6174;
iNumb:; 7789;2088;8532;6174;6174;
iNumb:; 7790;8991;8082;8532;6174;6174;
iNumb:; 7791;7992;7173;6354;3087;8352;6174;6174;
iNumb:; 7792;6993;6264;4176;6174;6174;
iNumb:; 7793;5994;5355;1998;8082;8532;6174;6174;
iNumb:; 7794;4995;5355;1998;8082;8532;6174;6174;
iNumb:; 7795;3996;6264;4176;6174;6174;
iNumb:; 7796;2997;7173;6354;3087;8352;6174;6174;
iNumb:; 7797;1998;8082;8532;6174;6174;
iNumb:; 7798;2088;8532;6174;6174;
iNumb:; 7799;2178;7443;3996;6264;4176;6174;6174;
iNumb:; 7800;8622;6354;3087;8352;6174;6174;
iNumb:; 7801;8532;6174;6174;
iNumb:; 7802;8442;5994;5355;1998;8082;8532;6174;6174;
iNumb:; 7803;8352;6174;6174;
iNumb:; 7804;8262;6354;3087;8352;6174;6174;
iNumb:; 7805;8172;7443;3996;6264;4176;6174;6174;
iNumb:; 7806;8082;8532;6174;6174;
iNumb:; 7807;7992;7173;6354;3087;8352;6174;6174;
iNumb:; 7808;8082;8532;6174;6174;
iNumb:; 7809;9081;9621;8352;6174;6174;
iNumb:; 7810;8532;6174;6174;
iNumb:; 7811;7533;4176;6174;6174;
iNumb:; 7812;7443;3996;6264;4176;6174;6174;
iNumb:; 7813;7353;4176;6174;6174;
iNumb:; 7814;7263;5265;3996;6264;4176;6174;6174;
iNumb:; 7815;7173;6354;3087;8352;6174;6174;
iNumb:; 7816;7083;8352;6174;6174;
iNumb:; 7817;6993;6264;4176;6174;6174;
iNumb:; 7818;7083;8352;6174;6174;
iNumb:; 7819;8082;8532;6174;6174;
iNumb:; 7820;8442;5994;5355;1998;8082;8532;6174;6174;
iNumb:; 7821;7443;3996;6264;4176;6174;6174;
iNumb:; 7822;6444;1998;8082;8532;6174;6174;
iNumb:; 7823;6354;3087;8352;6174;6174;
iNumb:; 7824;6264;4176;6174;6174;
iNumb:; 7825;6174;6174;
iNumb:; 7826;6084;8172;7443;3996;6264;4176;6174;6174;
iNumb:; 7827;5994;5355;1998;8082;8532;6174;6174;
iNumb:; 7828;6084;8172;7443;3996;6264;4176;6174;6174;
iNumb:; 7829;7083;8352;6174;6174;
iNumb:; 7830;8352;6174;6174;
iNumb:; 7831;7353;4176;6174;6174;
iNumb:; 7832;6354;3087;8352;6174;6174;
iNumb:; 7833;5355;1998;8082;8532;6174;6174;
iNumb:; 7834;5265;3996;6264;4176;6174;6174;
iNumb:; 7835;5175;5994;5355;1998;8082;8532;6174;6174;
iNumb:; 7836;5085;7992;7173;6354;3087;8352;6174;6174;
iNumb:; 7837;4995;5355;1998;8082;8532;6174;6174;
iNumb:; 7838;5085;7992;7173;6354;3087;8352;6174;6174;
iNumb:; 7839;6084;8172;7443;3996;6264;4176;6174;6174;
iNumb:; 7840;8262;6354;3087;8352;6174;6174;
iNumb:; 7841;7263;5265;3996;6264;4176;6174;6174;
iNumb:; 7842;6264;4176;6174;6174;
iNumb:; 7843;5265;3996;6264;4176;6174;6174;
iNumb:; 7844;4266;4176;6174;6174;
iNumb:; 7845;4176;6174;6174;
iNumb:; 7846;4086;8172;7443;3996;6264;4176;6174;6174;
iNumb:; 7847;3996;6264;4176;6174;6174;
iNumb:; 7848;4086;8172;7443;3996;6264;4176;6174;6174;
iNumb:; 7849;5085;7992;7173;6354;3087;8352;6174;6174;
iNumb:; 7850;8172;7443;3996;6264;4176;6174;6174;
iNumb:; 7851;7173;6354;3087;8352;6174;6174;
iNumb:; 7852;6174;6174;
iNumb:; 7853;5175;5994;5355;1998;8082;8532;6174;6174;
iNumb:; 7854;4176;6174;6174;
iNumb:; 7855;3177;6354;3087;8352;6174;6174;
iNumb:; 7856;3087;8352;6174;6174;
iNumb:; 7857;2997;7173;6354;3087;8352;6174;6174;
iNumb:; 7858;3087;8352;6174;6174;
iNumb:; 7859;4086;8172;7443;3996;6264;4176;6174;6174;
iNumb:; 7860;8082;8532;6174;6174;
iNumb:; 7861;7083;8352;6174;6174;
iNumb:; 7862;6084;8172;7443;3996;6264;4176;6174;6174;
iNumb:; 7863;5085;7992;7173;6354;3087;8352;6174;6174;
iNumb:; 7864;4086;8172;7443;3996;6264;4176;6174;6174;
iNumb:; 7865;3087;8352;6174;6174;
iNumb:; 7866;2088;8532;6174;6174;
iNumb:; 7867;1998;8082;8532;6174;6174;
iNumb:; 7868;2088;8532;6174;6174;
iNumb:; 7869;3087;8352;6174;6174;
iNumb:; 7870;7992;7173;6354;3087;8352;6174;6174;
iNumb:; 7871;6993;6264;4176;6174;6174;
iNumb:; 7872;5994;5355;1998;8082;8532;6174;6174;
iNumb:; 7873;4995;5355;1998;8082;8532;6174;6174;
iNumb:; 7874;3996;6264;4176;6174;6174;
iNumb:; 7875;2997;7173;6354;3087;8352;6174;6174;
iNumb:; 7876;1998;8082;8532;6174;6174;
iNumb:; 7877;999;8991;8082;8532;6174;6174;
iNumb:; 7878;1089;9621;8352;6174;6174;
iNumb:; 7879;2088;8532;6174;6174;
iNumb:; 7880;8082;8532;6174;6174;
iNumb:; 7881;7083;8352;6174;6174;
iNumb:; 7882;6084;8172;7443;3996;6264;4176;6174;6174;
iNumb:; 7883;5085;7992;7173;6354;3087;8352;6174;6174;
iNumb:; 7884;4086;8172;7443;3996;6264;4176;6174;6174;
iNumb:; 7885;3087;8352;6174;6174;
iNumb:; 7886;2088;8532;6174;6174;
iNumb:; 7887;1089;9621;8352;6174;6174;
iNumb:; 7888;999;8991;8082;8532;6174;6174;
iNumb:; 7889;1998;8082;8532;6174;6174;
iNumb:; 7890;9081;9621;8352;6174;6174;
iNumb:; 7891;8082;8532;6174;6174;
iNumb:; 7892;7083;8352;6174;6174;
iNumb:; 7893;6084;8172;7443;3996;6264;4176;6174;6174;
iNumb:; 7894;5085;7992;7173;6354;3087;8352;6174;6174;
iNumb:; 7895;4086;8172;7443;3996;6264;4176;6174;6174;
iNumb:; 7896;3087;8352;6174;6174;
iNumb:; 7897;2088;8532;6174;6174;
iNumb:; 7898;1998;8082;8532;6174;6174;
iNumb:; 7899;2088;8532;6174;6174;
iNumb:; 7900;9621;8352;6174;6174;
iNumb:; 7901;9531;8172;7443;3996;6264;4176;6174;6174;
iNumb:; 7902;9441;7992;7173;6354;3087;8352;6174;6174;
iNumb:; 7903;9351;8172;7443;3996;6264;4176;6174;6174;
iNumb:; 7904;9261;8352;6174;6174;
iNumb:; 7905;9171;8532;6174;6174;
iNumb:; 7906;9081;9621;8352;6174;6174;
iNumb:; 7907;8991;8082;8532;6174;6174;
iNumb:; 7908;9081;9621;8352;6174;6174;
iNumb:; 7909;9171;8532;6174;6174;
iNumb:; 7910;9531;8172;7443;3996;6264;4176;6174;6174;
iNumb:; 7911;8532;6174;6174;
iNumb:; 7912;8442;5994;5355;1998;8082;8532;6174;6174;
iNumb:; 7913;8352;6174;6174;
iNumb:; 7914;8262;6354;3087;8352;6174;6174;
iNumb:; 7915;8172;7443;3996;6264;4176;6174;6174;
iNumb:; 7916;8082;8532;6174;6174;
iNumb:; 7917;7992;7173;6354;3087;8352;6174;6174;
iNumb:; 7918;8082;8532;6174;6174;
iNumb:; 7919;8172;7443;3996;6264;4176;6174;6174;
iNumb:; 7920;9441;7992;7173;6354;3087;8352;6174;6174;
iNumb:; 7921;8442;5994;5355;1998;8082;8532;6174;6174;
iNumb:; 7922;7443;3996;6264;4176;6174;6174;
iNumb:; 7923;7353;4176;6174;6174;
iNumb:; 7924;7263;5265;3996;6264;4176;6174;6174;
iNumb:; 7925;7173;6354;3087;8352;6174;6174;
iNumb:; 7926;7083;8352;6174;6174;
iNumb:; 7927;6993;6264;4176;6174;6174;
iNumb:; 7928;7083;8352;6174;6174;
iNumb:; 7929;7173;6354;3087;8352;6174;6174;
iNumb:; 7930;9351;8172;7443;3996;6264;4176;6174;6174;
iNumb:; 7931;8352;6174;6174;
iNumb:; 7932;7353;4176;6174;6174;
iNumb:; 7933;6354;3087;8352;6174;6174;
iNumb:; 7934;6264;4176;6174;6174;
iNumb:; 7935;6174;6174;
iNumb:; 7936;6084;8172;7443;3996;6264;4176;6174;6174;
iNumb:; 7937;5994;5355;1998;8082;8532;6174;6174;
iNumb:; 7938;6084;8172;7443;3996;6264;4176;6174;6174;
iNumb:; 7939;6174;6174;
iNumb:; 7940;9261;8352;6174;6174;
iNumb:; 7941;8262;6354;3087;8352;6174;6174;
iNumb:; 7942;7263;5265;3996;6264;4176;6174;6174;
iNumb:; 7943;6264;4176;6174;6174;
iNumb:; 7944;5265;3996;6264;4176;6174;6174;
iNumb:; 7945;5175;5994;5355;1998;8082;8532;6174;6174;
iNumb:; 7946;5085;7992;7173;6354;3087;8352;6174;6174;
iNumb:; 7947;4995;5355;1998;8082;8532;6174;6174;
iNumb:; 7948;5085;7992;7173;6354;3087;8352;6174;6174;
iNumb:; 7949;5175;5994;5355;1998;8082;8532;6174;6174;
iNumb:; 7950;9171;8532;6174;6174;
iNumb:; 7951;8172;7443;3996;6264;4176;6174;6174;
iNumb:; 7952;7173;6354;3087;8352;6174;6174;
iNumb:; 7953;6174;6174;
iNumb:; 7954;5175;5994;5355;1998;8082;8532;6174;6174;
iNumb:; 7955;4176;6174;6174;
iNumb:; 7956;4086;8172;7443;3996;6264;4176;6174;6174;
iNumb:; 7957;3996;6264;4176;6174;6174;
iNumb:; 7958;4086;8172;7443;3996;6264;4176;6174;6174;
iNumb:; 7959;4176;6174;6174;
iNumb:; 7960;9081;9621;8352;6174;6174;
iNumb:; 7961;8082;8532;6174;6174;
iNumb:; 7962;7083;8352;6174;6174;
iNumb:; 7963;6084;8172;7443;3996;6264;4176;6174;6174;
iNumb:; 7964;5085;7992;7173;6354;3087;8352;6174;6174;
iNumb:; 7965;4086;8172;7443;3996;6264;4176;6174;6174;
iNumb:; 7966;3087;8352;6174;6174;
iNumb:; 7967;2997;7173;6354;3087;8352;6174;6174;
iNumb:; 7968;3087;8352;6174;6174;
iNumb:; 7969;3177;6354;3087;8352;6174;6174;
iNumb:; 7970;8991;8082;8532;6174;6174;
iNumb:; 7971;7992;7173;6354;3087;8352;6174;6174;
iNumb:; 7972;6993;6264;4176;6174;6174;
iNumb:; 7973;5994;5355;1998;8082;8532;6174;6174;
iNumb:; 7974;4995;5355;1998;8082;8532;6174;6174;
iNumb:; 7975;3996;6264;4176;6174;6174;
iNumb:; 7976;2997;7173;6354;3087;8352;6174;6174;
iNumb:; 7977;1998;8082;8532;6174;6174;
iNumb:; 7978;2088;8532;6174;6174;
iNumb:; 7979;2178;7443;3996;6264;4176;6174;6174;
iNumb:; 7980;9081;9621;8352;6174;6174;
iNumb:; 7981;8082;8532;6174;6174;
iNumb:; 7982;7083;8352;6174;6174;
iNumb:; 7983;6084;8172;7443;3996;6264;4176;6174;6174;
iNumb:; 7984;5085;7992;7173;6354;3087;8352;6174;6174;
iNumb:; 7985;4086;8172;7443;3996;6264;4176;6174;6174;
iNumb:; 7986;3087;8352;6174;6174;
iNumb:; 7987;2088;8532;6174;6174;
iNumb:; 7988;1998;8082;8532;6174;6174;
iNumb:; 7989;2088;8532;6174;6174;
iNumb:; 7990;9171;8532;6174;6174;
iNumb:; 7991;8172;7443;3996;6264;4176;6174;6174;
iNumb:; 7992;7173;6354;3087;8352;6174;6174;
iNumb:; 7993;6174;6174;
iNumb:; 7994;5175;5994;5355;1998;8082;8532;6174;6174;
iNumb:; 7995;4176;6174;6174;
iNumb:; 7996;3177;6354;3087;8352;6174;6174;
iNumb:; 7997;2178;7443;3996;6264;4176;6174;6174;
iNumb:; 7998;2088;8532;6174;6174;
iNumb:; 7999;1998;8082;8532;6174;6174;
iNumb:; 8000;7992;7173;6354;3087;8352;6174;6174;
iNumb:; 8001;8082;8532;6174;6174;
iNumb:; 8002;8172;7443;3996;6264;4176;6174;6174;
iNumb:; 8003;8262;6354;3087;8352;6174;6174;
iNumb:; 8004;8352;6174;6174;
iNumb:; 8005;8442;5994;5355;1998;8082;8532;6174;6174;
iNumb:; 8006;8532;6174;6174;
iNumb:; 8007;8622;6354;3087;8352;6174;6174;
iNumb:; 8008;8712;7443;3996;6264;4176;6174;6174;
iNumb:; 8009;9711;8532;6174;6174;
iNumb:; 8010;8082;8532;6174;6174;
iNumb:; 8011;7992;7173;6354;3087;8352;6174;6174;
iNumb:; 8012;8082;8532;6174;6174;
iNumb:; 8013;8172;7443;3996;6264;4176;6174;6174;
iNumb:; 8014;8262;6354;3087;8352;6174;6174;
iNumb:; 8015;8352;6174;6174;
iNumb:; 8016;8442;5994;5355;1998;8082;8532;6174;6174;
iNumb:; 8017;8532;6174;6174;
iNumb:; 8018;8622;6354;3087;8352;6174;6174;
iNumb:; 8019;9621;8352;6174;6174;
iNumb:; 8020;8172;7443;3996;6264;4176;6174;6174;
iNumb:; 8021;8082;8532;6174;6174;
iNumb:; 8022;7992;7173;6354;3087;8352;6174;6174;
iNumb:; 8023;8082;8532;6174;6174;
iNumb:; 8024;8172;7443;3996;6264;4176;6174;6174;
iNumb:; 8025;8262;6354;3087;8352;6174;6174;
iNumb:; 8026;8352;6174;6174;
iNumb:; 8027;8442;5994;5355;1998;8082;8532;6174;6174;
iNumb:; 8028;8532;6174;6174;
iNumb:; 8029;9531;8172;7443;3996;6264;4176;6174;6174;
iNumb:; 8030;8262;6354;3087;8352;6174;6174;
iNumb:; 8031;8172;7443;3996;6264;4176;6174;6174;
iNumb:; 8032;8082;8532;6174;6174;
iNumb:; 8033;7992;7173;6354;3087;8352;6174;6174;
iNumb:; 8034;8082;8532;6174;6174;
iNumb:; 8035;8172;7443;3996;6264;4176;6174;6174;
iNumb:; 8036;8262;6354;3087;8352;6174;6174;
iNumb:; 8037;8352;6174;6174;
iNumb:; 8038;8442;5994;5355;1998;8082;8532;6174;6174;
iNumb:; 8039;9441;7992;7173;6354;3087;8352;6174;6174;
iNumb:; 8040;8352;6174;6174;
iNumb:; 8041;8262;6354;3087;8352;6174;6174;
iNumb:; 8042;8172;7443;3996;6264;4176;6174;6174;
iNumb:; 8043;8082;8532;6174;6174;
iNumb:; 8044;7992;7173;6354;3087;8352;6174;6174;
iNumb:; 8045;8082;8532;6174;6174;
iNumb:; 8046;8172;7443;3996;6264;4176;6174;6174;
iNumb:; 8047;8262;6354;3087;8352;6174;6174;
iNumb:; 8048;8352;6174;6174;
iNumb:; 8049;9351;8172;7443;3996;6264;4176;6174;6174;
iNumb:; 8050;8442;5994;5355;1998;8082;8532;6174;6174;
iNumb:; 8051;8352;6174;6174;
iNumb:; 8052;8262;6354;3087;8352;6174;6174;
iNumb:; 8053;8172;7443;3996;6264;4176;6174;6174;
iNumb:; 8054;8082;8532;6174;6174;
iNumb:; 8055;7992;7173;6354;3087;8352;6174;6174;
iNumb:; 8056;8082;8532;6174;6174;
iNumb:; 8057;8172;7443;3996;6264;4176;6174;6174;
iNumb:; 8058;8262;6354;3087;8352;6174;6174;
iNumb:; 8059;9261;8352;6174;6174;
iNumb:; 8060;8532;6174;6174;
iNumb:; 8061;8442;5994;5355;1998;8082;8532;6174;6174;
iNumb:; 8062;8352;6174;6174;
iNumb:; 8063;8262;6354;3087;8352;6174;6174;
iNumb:; 8064;8172;7443;3996;6264;4176;6174;6174;
iNumb:; 8065;8082;8532;6174;6174;
iNumb:; 8066;7992;7173;6354;3087;8352;6174;6174;
iNumb:; 8067;8082;8532;6174;6174;
iNumb:; 8068;8172;7443;3996;6264;4176;6174;6174;
iNumb:; 8069;9171;8532;6174;6174;
iNumb:; 8070;8622;6354;3087;8352;6174;6174;
iNumb:; 8071;8532;6174;6174;
iNumb:; 8072;8442;5994;5355;1998;8082;8532;6174;6174;
iNumb:; 8073;8352;6174;6174;
iNumb:; 8074;8262;6354;3087;8352;6174;6174;
iNumb:; 8075;8172;7443;3996;6264;4176;6174;6174;
iNumb:; 8076;8082;8532;6174;6174;
iNumb:; 8077;7992;7173;6354;3087;8352;6174;6174;
iNumb:; 8078;8082;8532;6174;6174;
iNumb:; 8079;9081;9621;8352;6174;6174;
iNumb:; 8080;8712;7443;3996;6264;4176;6174;6174;
iNumb:; 8081;8622;6354;3087;8352;6174;6174;
iNumb:; 8082;8532;6174;6174;
iNumb:; 8083;8442;5994;5355;1998;8082;8532;6174;6174;
iNumb:; 8084;8352;6174;6174;
iNumb:; 8085;8262;6354;3087;8352;6174;6174;
iNumb:; 8086;8172;7443;3996;6264;4176;6174;6174;
iNumb:; 8087;8082;8532;6174;6174;
iNumb:; 8088;7992;7173;6354;3087;8352;6174;6174;
iNumb:; 8089;8991;8082;8532;6174;6174;
iNumb:; 8090;9711;8532;6174;6174;
iNumb:; 8091;9621;8352;6174;6174;
iNumb:; 8092;9531;8172;7443;3996;6264;4176;6174;6174;
iNumb:; 8093;9441;7992;7173;6354;3087;8352;6174;6174;
iNumb:; 8094;9351;8172;7443;3996;6264;4176;6174;6174;
iNumb:; 8095;9261;8352;6174;6174;
iNumb:; 8096;9171;8532;6174;6174;
iNumb:; 8097;9081;9621;8352;6174;6174;
iNumb:; 8098;8991;8082;8532;6174;6174;
iNumb:; 8099;9081;9621;8352;6174;6174;
iNumb:; 8100;8082;8532;6174;6174;
iNumb:; 8101;7992;7173;6354;3087;8352;6174;6174;
iNumb:; 8102;8082;8532;6174;6174;
iNumb:; 8103;8172;7443;3996;6264;4176;6174;6174;
iNumb:; 8104;8262;6354;3087;8352;6174;6174;
iNumb:; 8105;8352;6174;6174;
iNumb:; 8106;8442;5994;5355;1998;8082;8532;6174;6174;
iNumb:; 8107;8532;6174;6174;
iNumb:; 8108;8622;6354;3087;8352;6174;6174;
iNumb:; 8109;9621;8352;6174;6174;
iNumb:; 8110;7992;7173;6354;3087;8352;6174;6174;
iNumb:; 8111;6993;6264;4176;6174;6174;
iNumb:; 8112;7083;8352;6174;6174;
iNumb:; 8113;7173;6354;3087;8352;6174;6174;
iNumb:; 8114;7263;5265;3996;6264;4176;6174;6174;
iNumb:; 8115;7353;4176;6174;6174;
iNumb:; 8116;7443;3996;6264;4176;6174;6174;
iNumb:; 8117;7533;4176;6174;6174;
iNumb:; 8118;7623;5265;3996;6264;4176;6174;6174;
iNumb:; 8119;8622;6354;3087;8352;6174;6174;
iNumb:; 8120;8082;8532;6174;6174;
iNumb:; 8121;7083;8352;6174;6174;
iNumb:; 8122;6993;6264;4176;6174;6174;
iNumb:; 8123;7083;8352;6174;6174;
iNumb:; 8124;7173;6354;3087;8352;6174;6174;
iNumb:; 8125;7263;5265;3996;6264;4176;6174;6174;
iNumb:; 8126;7353;4176;6174;6174;
iNumb:; 8127;7443;3996;6264;4176;6174;6174;
iNumb:; 8128;7533;4176;6174;6174;
iNumb:; 8129;8532;6174;6174;
iNumb:; 8130;8172;7443;3996;6264;4176;6174;6174;
iNumb:; 8131;7173;6354;3087;8352;6174;6174;
iNumb:; 8132;7083;8352;6174;6174;
iNumb:; 8133;6993;6264;4176;6174;6174;
iNumb:; 8134;7083;8352;6174;6174;
iNumb:; 8135;7173;6354;3087;8352;6174;6174;
iNumb:; 8136;7263;5265;3996;6264;4176;6174;6174;
iNumb:; 8137;7353;4176;6174;6174;
iNumb:; 8138;7443;3996;6264;4176;6174;6174;
iNumb:; 8139;8442;5994;5355;1998;8082;8532;6174;6174;
iNumb:; 8140;8262;6354;3087;8352;6174;6174;
iNumb:; 8141;7263;5265;3996;6264;4176;6174;6174;
iNumb:; 8142;7173;6354;3087;8352;6174;6174;
iNumb:; 8143;7083;8352;6174;6174;
iNumb:; 8144;6993;6264;4176;6174;6174;
iNumb:; 8145;7083;8352;6174;6174;
iNumb:; 8146;7173;6354;3087;8352;6174;6174;
iNumb:; 8147;7263;5265;3996;6264;4176;6174;6174;
iNumb:; 8148;7353;4176;6174;6174;
iNumb:; 8149;8352;6174;6174;
iNumb:; 8150;8352;6174;6174;
iNumb:; 8151;7353;4176;6174;6174;
iNumb:; 8152;7263;5265;3996;6264;4176;6174;6174;
iNumb:; 8153;7173;6354;3087;8352;6174;6174;
iNumb:; 8154;7083;8352;6174;6174;
iNumb:; 8155;6993;6264;4176;6174;6174;
iNumb:; 8156;7083;8352;6174;6174;
iNumb:; 8157;7173;6354;3087;8352;6174;6174;
iNumb:; 8158;7263;5265;3996;6264;4176;6174;6174;
iNumb:; 8159;8262;6354;3087;8352;6174;6174;
iNumb:; 8160;8442;5994;5355;1998;8082;8532;6174;6174;
iNumb:; 8161;7443;3996;6264;4176;6174;6174;
iNumb:; 8162;7353;4176;6174;6174;
iNumb:; 8163;7263;5265;3996;6264;4176;6174;6174;
iNumb:; 8164;7173;6354;3087;8352;6174;6174;
iNumb:; 8165;7083;8352;6174;6174;
iNumb:; 8166;6993;6264;4176;6174;6174;
iNumb:; 8167;7083;8352;6174;6174;
iNumb:; 8168;7173;6354;3087;8352;6174;6174;
iNumb:; 8169;8172;7443;3996;6264;4176;6174;6174;
iNumb:; 8170;8532;6174;6174;
iNumb:; 8171;7533;4176;6174;6174;
iNumb:; 8172;7443;3996;6264;4176;6174;6174;
iNumb:; 8173;7353;4176;6174;6174;
iNumb:; 8174;7263;5265;3996;6264;4176;6174;6174;
iNumb:; 8175;7173;6354;3087;8352;6174;6174;
iNumb:; 8176;7083;8352;6174;6174;
iNumb:; 8177;6993;6264;4176;6174;6174;
iNumb:; 8178;7083;8352;6174;6174;
iNumb:; 8179;8082;8532;6174;6174;
iNumb:; 8180;8622;6354;3087;8352;6174;6174;
iNumb:; 8181;7623;5265;3996;6264;4176;6174;6174;
iNumb:; 8182;7533;4176;6174;6174;
iNumb:; 8183;7443;3996;6264;4176;6174;6174;
iNumb:; 8184;7353;4176;6174;6174;
iNumb:; 8185;7263;5265;3996;6264;4176;6174;6174;
iNumb:; 8186;7173;6354;3087;8352;6174;6174;
iNumb:; 8187;7083;8352;6174;6174;
iNumb:; 8188;6993;6264;4176;6174;6174;
iNumb:; 8189;7992;7173;6354;3087;8352;6174;6174;
iNumb:; 8190;9621;8352;6174;6174;
iNumb:; 8191;8622;6354;3087;8352;6174;6174;
iNumb:; 8192;8532;6174;6174;
iNumb:; 8193;8442;5994;5355;1998;8082;8532;6174;6174;
iNumb:; 8194;8352;6174;6174;
iNumb:; 8195;8262;6354;3087;8352;6174;6174;
iNumb:; 8196;8172;7443;3996;6264;4176;6174;6174;
iNumb:; 8197;8082;8532;6174;6174;
iNumb:; 8198;7992;7173;6354;3087;8352;6174;6174;
iNumb:; 8199;8082;8532;6174;6174;
iNumb:; 8200;8172;7443;3996;6264;4176;6174;6174;
iNumb:; 8201;8082;8532;6174;6174;
iNumb:; 8202;7992;7173;6354;3087;8352;6174;6174;
iNumb:; 8203;8082;8532;6174;6174;
iNumb:; 8204;8172;7443;3996;6264;4176;6174;6174;
iNumb:; 8205;8262;6354;3087;8352;6174;6174;
iNumb:; 8206;8352;6174;6174;
iNumb:; 8207;8442;5994;5355;1998;8082;8532;6174;6174;
iNumb:; 8208;8532;6174;6174;
iNumb:; 8209;9531;8172;7443;3996;6264;4176;6174;6174;
iNumb:; 8210;8082;8532;6174;6174;
iNumb:; 8211;7083;8352;6174;6174;
iNumb:; 8212;6993;6264;4176;6174;6174;
iNumb:; 8213;7083;8352;6174;6174;
iNumb:; 8214;7173;6354;3087;8352;6174;6174;
iNumb:; 8215;7263;5265;3996;6264;4176;6174;6174;
iNumb:; 8216;7353;4176;6174;6174;
iNumb:; 8217;7443;3996;6264;4176;6174;6174;
iNumb:; 8218;7533;4176;6174;6174;
iNumb:; 8219;8532;6174;6174;
iNumb:; 8220;7992;7173;6354;3087;8352;6174;6174;
iNumb:; 8221;6993;6264;4176;6174;6174;
iNumb:; 8222;5994;5355;1998;8082;8532;6174;6174;
iNumb:; 8223;6084;8172;7443;3996;6264;4176;6174;6174;
iNumb:; 8224;6174;6174;
iNumb:; 8225;6264;4176;6174;6174;
iNumb:; 8226;6354;3087;8352;6174;6174;
iNumb:; 8227;6444;1998;8082;8532;6174;6174;
iNumb:; 8228;6534;3087;8352;6174;6174;
iNumb:; 8229;7533;4176;6174;6174;
iNumb:; 8230;8082;8532;6174;6174;
iNumb:; 8231;7083;8352;6174;6174;
iNumb:; 8232;6084;8172;7443;3996;6264;4176;6174;6174;
iNumb:; 8233;5994;5355;1998;8082;8532;6174;6174;
iNumb:; 8234;6084;8172;7443;3996;6264;4176;6174;6174;
iNumb:; 8235;6174;6174;
iNumb:; 8236;6264;4176;6174;6174;
iNumb:; 8237;6354;3087;8352;6174;6174;
iNumb:; 8238;6444;1998;8082;8532;6174;6174;
iNumb:; 8239;7443;3996;6264;4176;6174;6174;
iNumb:; 8240;8172;7443;3996;6264;4176;6174;6174;
iNumb:; 8241;7173;6354;3087;8352;6174;6174;
iNumb:; 8242;6174;6174;
iNumb:; 8243;6084;8172;7443;3996;6264;4176;6174;6174;
iNumb:; 8244;5994;5355;1998;8082;8532;6174;6174;
iNumb:; 8245;6084;8172;7443;3996;6264;4176;6174;6174;
iNumb:; 8246;6174;6174;
iNumb:; 8247;6264;4176;6174;6174;
iNumb:; 8248;6354;3087;8352;6174;6174;
iNumb:; 8249;7353;4176;6174;6174;
iNumb:; 8250;8262;6354;3087;8352;6174;6174;
iNumb:; 8251;7263;5265;3996;6264;4176;6174;6174;
iNumb:; 8252;6264;4176;6174;6174;
iNumb:; 8253;6174;6174;
iNumb:; 8254;6084;8172;7443;3996;6264;4176;6174;6174;
iNumb:; 8255;5994;5355;1998;8082;8532;6174;6174;
iNumb:; 8256;6084;8172;7443;3996;6264;4176;6174;6174;
iNumb:; 8257;6174;6174;
iNumb:; 8258;6264;4176;6174;6174;
iNumb:; 8259;7263;5265;3996;6264;4176;6174;6174;
iNumb:; 8260;8352;6174;6174;
iNumb:; 8261;7353;4176;6174;6174;
iNumb:; 8262;6354;3087;8352;6174;6174;
iNumb:; 8263;6264;4176;6174;6174;
iNumb:; 8264;6174;6174;
iNumb:; 8265;6084;8172;7443;3996;6264;4176;6174;6174;
iNumb:; 8266;5994;5355;1998;8082;8532;6174;6174;
iNumb:; 8267;6084;8172;7443;3996;6264;4176;6174;6174;
iNumb:; 8268;6174;6174;
iNumb:; 8269;7173;6354;3087;8352;6174;6174;
iNumb:; 8270;8442;5994;5355;1998;8082;8532;6174;6174;
iNumb:; 8271;7443;3996;6264;4176;6174;6174;
iNumb:; 8272;6444;1998;8082;8532;6174;6174;
iNumb:; 8273;6354;3087;8352;6174;6174;
iNumb:; 8274;6264;4176;6174;6174;
iNumb:; 8275;6174;6174;
iNumb:; 8276;6084;8172;7443;3996;6264;4176;6174;6174;
iNumb:; 8277;5994;5355;1998;8082;8532;6174;6174;
iNumb:; 8278;6084;8172;7443;3996;6264;4176;6174;6174;
iNumb:; 8279;7083;8352;6174;6174;
iNumb:; 8280;8532;6174;6174;
iNumb:; 8281;7533;4176;6174;6174;
iNumb:; 8282;6534;3087;8352;6174;6174;
iNumb:; 8283;6444;1998;8082;8532;6174;6174;
iNumb:; 8284;6354;3087;8352;6174;6174;
iNumb:; 8285;6264;4176;6174;6174;
iNumb:; 8286;6174;6174;
iNumb:; 8287;6084;8172;7443;3996;6264;4176;6174;6174;
iNumb:; 8288;5994;5355;1998;8082;8532;6174;6174;
iNumb:; 8289;6993;6264;4176;6174;6174;
iNumb:; 8290;9531;8172;7443;3996;6264;4176;6174;6174;
iNumb:; 8291;8532;6174;6174;
iNumb:; 8292;7533;4176;6174;6174;
iNumb:; 8293;7443;3996;6264;4176;6174;6174;
iNumb:; 8294;7353;4176;6174;6174;
iNumb:; 8295;7263;5265;3996;6264;4176;6174;6174;
iNumb:; 8296;7173;6354;3087;8352;6174;6174;
iNumb:; 8297;7083;8352;6174;6174;
iNumb:; 8298;6993;6264;4176;6174;6174;
iNumb:; 8299;7083;8352;6174;6174;
iNumb:; 8300;8262;6354;3087;8352;6174;6174;
iNumb:; 8301;8172;7443;3996;6264;4176;6174;6174;
iNumb:; 8302;8082;8532;6174;6174;
iNumb:; 8303;7992;7173;6354;3087;8352;6174;6174;
iNumb:; 8304;8082;8532;6174;6174;
iNumb:; 8305;8172;7443;3996;6264;4176;6174;6174;
iNumb:; 8306;8262;6354;3087;8352;6174;6174;
iNumb:; 8307;8352;6174;6174;
iNumb:; 8308;8442;5994;5355;1998;8082;8532;6174;6174;
iNumb:; 8309;9441;7992;7173;6354;3087;8352;6174;6174;
iNumb:; 8310;8172;7443;3996;6264;4176;6174;6174;
iNumb:; 8311;7173;6354;3087;8352;6174;6174;
iNumb:; 8312;7083;8352;6174;6174;
iNumb:; 8313;6993;6264;4176;6174;6174;
iNumb:; 8314;7083;8352;6174;6174;
iNumb:; 8315;7173;6354;3087;8352;6174;6174;
iNumb:; 8316;7263;5265;3996;6264;4176;6174;6174;
iNumb:; 8317;7353;4176;6174;6174;
iNumb:; 8318;7443;3996;6264;4176;6174;6174;
iNumb:; 8319;8442;5994;5355;1998;8082;8532;6174;6174;
iNumb:; 8320;8082;8532;6174;6174;
iNumb:; 8321;7083;8352;6174;6174;
iNumb:; 8322;6084;8172;7443;3996;6264;4176;6174;6174;
iNumb:; 8323;5994;5355;1998;8082;8532;6174;6174;
iNumb:; 8324;6084;8172;7443;3996;6264;4176;6174;6174;
iNumb:; 8325;6174;6174;
iNumb:; 8326;6264;4176;6174;6174;
iNumb:; 8327;6354;3087;8352;6174;6174;
iNumb:; 8328;6444;1998;8082;8532;6174;6174;
iNumb:; 8329;7443;3996;6264;4176;6174;6174;
iNumb:; 8330;7992;7173;6354;3087;8352;6174;6174;
iNumb:; 8331;6993;6264;4176;6174;6174;
iNumb:; 8332;5994;5355;1998;8082;8532;6174;6174;
iNumb:; 8333;4995;5355;1998;8082;8532;6174;6174;
iNumb:; 8334;5085;7992;7173;6354;3087;8352;6174;6174;
iNumb:; 8335;5175;5994;5355;1998;8082;8532;6174;6174;
iNumb:; 8336;5265;3996;6264;4176;6174;6174;
iNumb:; 8337;5355;1998;8082;8532;6174;6174;
iNumb:; 8338;5445;1089;9621;8352;6174;6174;
iNumb:; 8339;6444;1998;8082;8532;6174;6174;
iNumb:; 8340;8082;8532;6174;6174;
iNumb:; 8341;7083;8352;6174;6174;
iNumb:; 8342;6084;8172;7443;3996;6264;4176;6174;6174;
iNumb:; 8343;5085;7992;7173;6354;3087;8352;6174;6174;
iNumb:; 8344;4995;5355;1998;8082;8532;6174;6174;
iNumb:; 8345;5085;7992;7173;6354;3087;8352;6174;6174;
iNumb:; 8346;5175;5994;5355;1998;8082;8532;6174;6174;
iNumb:; 8347;5265;3996;6264;4176;6174;6174;
iNumb:; 8348;5355;1998;8082;8532;6174;6174;
iNumb:; 8349;6354;3087;8352;6174;6174;
iNumb:; 8350;8172;7443;3996;6264;4176;6174;6174;
iNumb:; 8351;7173;6354;3087;8352;6174;6174;
iNumb:; 8352;6174;6174;
iNumb:; 8353;5175;5994;5355;1998;8082;8532;6174;6174;
iNumb:; 8354;5085;7992;7173;6354;3087;8352;6174;6174;
iNumb:; 8355;4995;5355;1998;8082;8532;6174;6174;
iNumb:; 8356;5085;7992;7173;6354;3087;8352;6174;6174;
iNumb:; 8357;5175;5994;5355;1998;8082;8532;6174;6174;
iNumb:; 8358;5265;3996;6264;4176;6174;6174;
iNumb:; 8359;6264;4176;6174;6174;
iNumb:; 8360;8262;6354;3087;8352;6174;6174;
iNumb:; 8361;7263;5265;3996;6264;4176;6174;6174;
iNumb:; 8362;6264;4176;6174;6174;
iNumb:; 8363;5265;3996;6264;4176;6174;6174;
iNumb:; 8364;5175;5994;5355;1998;8082;8532;6174;6174;
iNumb:; 8365;5085;7992;7173;6354;3087;8352;6174;6174;
iNumb:; 8366;4995;5355;1998;8082;8532;6174;6174;
iNumb:; 8367;5085;7992;7173;6354;3087;8352;6174;6174;
iNumb:; 8368;5175;5994;5355;1998;8082;8532;6174;6174;
iNumb:; 8369;6174;6174;
iNumb:; 8370;8352;6174;6174;
iNumb:; 8371;7353;4176;6174;6174;
iNumb:; 8372;6354;3087;8352;6174;6174;
iNumb:; 8373;5355;1998;8082;8532;6174;6174;
iNumb:; 8374;5265;3996;6264;4176;6174;6174;
iNumb:; 8375;5175;5994;5355;1998;8082;8532;6174;6174;
iNumb:; 8376;5085;7992;7173;6354;3087;8352;6174;6174;
iNumb:; 8377;4995;5355;1998;8082;8532;6174;6174;
iNumb:; 8378;5085;7992;7173;6354;3087;8352;6174;6174;
iNumb:; 8379;6084;8172;7443;3996;6264;4176;6174;6174;
iNumb:; 8380;8442;5994;5355;1998;8082;8532;6174;6174;
iNumb:; 8381;7443;3996;6264;4176;6174;6174;
iNumb:; 8382;6444;1998;8082;8532;6174;6174;
iNumb:; 8383;5445;1089;9621;8352;6174;6174;
iNumb:; 8384;5355;1998;8082;8532;6174;6174;
iNumb:; 8385;5265;3996;6264;4176;6174;6174;
iNumb:; 8386;5175;5994;5355;1998;8082;8532;6174;6174;
iNumb:; 8387;5085;7992;7173;6354;3087;8352;6174;6174;
iNumb:; 8388;4995;5355;1998;8082;8532;6174;6174;
iNumb:; 8389;5994;5355;1998;8082;8532;6174;6174;
iNumb:; 8390;9441;7992;7173;6354;3087;8352;6174;6174;
iNumb:; 8391;8442;5994;5355;1998;8082;8532;6174;6174;
iNumb:; 8392;7443;3996;6264;4176;6174;6174;
iNumb:; 8393;6444;1998;8082;8532;6174;6174;
iNumb:; 8394;6354;3087;8352;6174;6174;
iNumb:; 8395;6264;4176;6174;6174;
iNumb:; 8396;6174;6174;
iNumb:; 8397;6084;8172;7443;3996;6264;4176;6174;6174;
iNumb:; 8398;5994;5355;1998;8082;8532;6174;6174;
iNumb:; 8399;6084;8172;7443;3996;6264;4176;6174;6174;
iNumb:; 8400;8352;6174;6174;
iNumb:; 8401;8262;6354;3087;8352;6174;6174;
iNumb:; 8402;8172;7443;3996;6264;4176;6174;6174;
iNumb:; 8403;8082;8532;6174;6174;
iNumb:; 8404;7992;7173;6354;3087;8352;6174;6174;
iNumb:; 8405;8082;8532;6174;6174;
iNumb:; 8406;8172;7443;3996;6264;4176;6174;6174;
iNumb:; 8407;8262;6354;3087;8352;6174;6174;
iNumb:; 8408;8352;6174;6174;
iNumb:; 8409;9351;8172;7443;3996;6264;4176;6174;6174;
iNumb:; 8410;8262;6354;3087;8352;6174;6174;
iNumb:; 8411;7263;5265;3996;6264;4176;6174;6174;
iNumb:; 8412;7173;6354;3087;8352;6174;6174;
iNumb:; 8413;7083;8352;6174;6174;
iNumb:; 8414;6993;6264;4176;6174;6174;
iNumb:; 8415;7083;8352;6174;6174;
iNumb:; 8416;7173;6354;3087;8352;6174;6174;
iNumb:; 8417;7263;5265;3996;6264;4176;6174;6174;
iNumb:; 8418;7353;4176;6174;6174;
iNumb:; 8419;8352;6174;6174;
iNumb:; 8420;8172;7443;3996;6264;4176;6174;6174;
iNumb:; 8421;7173;6354;3087;8352;6174;6174;
iNumb:; 8422;6174;6174;
iNumb:; 8423;6084;8172;7443;3996;6264;4176;6174;6174;
iNumb:; 8424;5994;5355;1998;8082;8532;6174;6174;
iNumb:; 8425;6084;8172;7443;3996;6264;4176;6174;6174;
iNumb:; 8426;6174;6174;
iNumb:; 8427;6264;4176;6174;6174;
iNumb:; 8428;6354;3087;8352;6174;6174;
iNumb:; 8429;7353;4176;6174;6174;
iNumb:; 8430;8082;8532;6174;6174;
iNumb:; 8431;7083;8352;6174;6174;
iNumb:; 8432;6084;8172;7443;3996;6264;4176;6174;6174;
iNumb:; 8433;5085;7992;7173;6354;3087;8352;6174;6174;
iNumb:; 8434;4995;5355;1998;8082;8532;6174;6174;
iNumb:; 8435;5085;7992;7173;6354;3087;8352;6174;6174;
iNumb:; 8436;5175;5994;5355;1998;8082;8532;6174;6174;
iNumb:; 8437;5265;3996;6264;4176;6174;6174;
iNumb:; 8438;5355;1998;8082;8532;6174;6174;
iNumb:; 8439;6354;3087;8352;6174;6174;
iNumb:; 8440;7992;7173;6354;3087;8352;6174;6174;
iNumb:; 8441;6993;6264;4176;6174;6174;
iNumb:; 8442;5994;5355;1998;8082;8532;6174;6174;
iNumb:; 8443;4995;5355;1998;8082;8532;6174;6174;
iNumb:; 8444;3996;6264;4176;6174;6174;
iNumb:; 8445;4086;8172;7443;3996;6264;4176;6174;6174;
iNumb:; 8446;4176;6174;6174;
iNumb:; 8447;4266;4176;6174;6174;
iNumb:; 8448;4356;3087;8352;6174;6174;
iNumb:; 8449;5355;1998;8082;8532;6174;6174;
iNumb:; 8450;8082;8532;6174;6174;
iNumb:; 8451;7083;8352;6174;6174;
iNumb:; 8452;6084;8172;7443;3996;6264;4176;6174;6174;
iNumb:; 8453;5085;7992;7173;6354;3087;8352;6174;6174;
iNumb:; 8454;4086;8172;7443;3996;6264;4176;6174;6174;
iNumb:; 8455;3996;6264;4176;6174;6174;
iNumb:; 8456;4086;8172;7443;3996;6264;4176;6174;6174;
iNumb:; 8457;4176;6174;6174;
iNumb:; 8458;4266;4176;6174;6174;
iNumb:; 8459;5265;3996;6264;4176;6174;6174;
iNumb:; 8460;8172;7443;3996;6264;4176;6174;6174;
iNumb:; 8461;7173;6354;3087;8352;6174;6174;
iNumb:; 8462;6174;6174;
iNumb:; 8463;5175;5994;5355;1998;8082;8532;6174;6174;
iNumb:; 8464;4176;6174;6174;
iNumb:; 8465;4086;8172;7443;3996;6264;4176;6174;6174;
iNumb:; 8466;3996;6264;4176;6174;6174;
iNumb:; 8467;4086;8172;7443;3996;6264;4176;6174;6174;
iNumb:; 8468;4176;6174;6174;
iNumb:; 8469;5175;5994;5355;1998;8082;8532;6174;6174;
iNumb:; 8470;8262;6354;3087;8352;6174;6174;
iNumb:; 8471;7263;5265;3996;6264;4176;6174;6174;
iNumb:; 8472;6264;4176;6174;6174;
iNumb:; 8473;5265;3996;6264;4176;6174;6174;
iNumb:; 8474;4266;4176;6174;6174;
iNumb:; 8475;4176;6174;6174;
iNumb:; 8476;4086;8172;7443;3996;6264;4176;6174;6174;
iNumb:; 8477;3996;6264;4176;6174;6174;
iNumb:; 8478;4086;8172;7443;3996;6264;4176;6174;6174;
iNumb:; 8479;5085;7992;7173;6354;3087;8352;6174;6174;
iNumb:; 8480;8352;6174;6174;
iNumb:; 8481;7353;4176;6174;6174;
iNumb:; 8482;6354;3087;8352;6174;6174;
iNumb:; 8483;5355;1998;8082;8532;6174;6174;
iNumb:; 8484;4356;3087;8352;6174;6174;
iNumb:; 8485;4266;4176;6174;6174;
iNumb:; 8486;4176;6174;6174;
iNumb:; 8487;4086;8172;7443;3996;6264;4176;6174;6174;
iNumb:; 8488;3996;6264;4176;6174;6174;
iNumb:; 8489;4995;5355;1998;8082;8532;6174;6174;
iNumb:; 8490;9351;8172;7443;3996;6264;4176;6174;6174;
iNumb:; 8491;8352;6174;6174;
iNumb:; 8492;7353;4176;6174;6174;
iNumb:; 8493;6354;3087;8352;6174;6174;
iNumb:; 8494;5355;1998;8082;8532;6174;6174;
iNumb:; 8495;5265;3996;6264;4176;6174;6174;
iNumb:; 8496;5175;5994;5355;1998;8082;8532;6174;6174;
iNumb:; 8497;5085;7992;7173;6354;3087;8352;6174;6174;
iNumb:; 8498;4995;5355;1998;8082;8532;6174;6174;
iNumb:; 8499;5085;7992;7173;6354;3087;8352;6174;6174;
iNumb:; 8500;8442;5994;5355;1998;8082;8532;6174;6174;
iNumb:; 8501;8352;6174;6174;
iNumb:; 8502;8262;6354;3087;8352;6174;6174;
iNumb:; 8503;8172;7443;3996;6264;4176;6174;6174;
iNumb:; 8504;8082;8532;6174;6174;
iNumb:; 8505;7992;7173;6354;3087;8352;6174;6174;
iNumb:; 8506;8082;8532;6174;6174;
iNumb:; 8507;8172;7443;3996;6264;4176;6174;6174;
iNumb:; 8508;8262;6354;3087;8352;6174;6174;
iNumb:; 8509;9261;8352;6174;6174;
iNumb:; 8510;8352;6174;6174;
iNumb:; 8511;7353;4176;6174;6174;
iNumb:; 8512;7263;5265;3996;6264;4176;6174;6174;
iNumb:; 8513;7173;6354;3087;8352;6174;6174;
iNumb:; 8514;7083;8352;6174;6174;
iNumb:; 8515;6993;6264;4176;6174;6174;
iNumb:; 8516;7083;8352;6174;6174;
iNumb:; 8517;7173;6354;3087;8352;6174;6174;
iNumb:; 8518;7263;5265;3996;6264;4176;6174;6174;
iNumb:; 8519;8262;6354;3087;8352;6174;6174;
iNumb:; 8520;8262;6354;3087;8352;6174;6174;
iNumb:; 8521;7263;5265;3996;6264;4176;6174;6174;
iNumb:; 8522;6264;4176;6174;6174;
iNumb:; 8523;6174;6174;
iNumb:; 8524;6084;8172;7443;3996;6264;4176;6174;6174;
iNumb:; 8525;5994;5355;1998;8082;8532;6174;6174;
iNumb:; 8526;6084;8172;7443;3996;6264;4176;6174;6174;
iNumb:; 8527;6174;6174;
iNumb:; 8528;6264;4176;6174;6174;
iNumb:; 8529;7263;5265;3996;6264;4176;6174;6174;
iNumb:; 8530;8172;7443;3996;6264;4176;6174;6174;
iNumb:; 8531;7173;6354;3087;8352;6174;6174;
iNumb:; 8532;6174;6174;
iNumb:; 8533;5175;5994;5355;1998;8082;8532;6174;6174;
iNumb:; 8534;5085;7992;7173;6354;3087;8352;6174;6174;
iNumb:; 8535;4995;5355;1998;8082;8532;6174;6174;
iNumb:; 8536;5085;7992;7173;6354;3087;8352;6174;6174;
iNumb:; 8537;5175;5994;5355;1998;8082;8532;6174;6174;
iNumb:; 8538;5265;3996;6264;4176;6174;6174;
iNumb:; 8539;6264;4176;6174;6174;
iNumb:; 8540;8082;8532;6174;6174;
iNumb:; 8541;7083;8352;6174;6174;
iNumb:; 8542;6084;8172;7443;3996;6264;4176;6174;6174;
iNumb:; 8543;5085;7992;7173;6354;3087;8352;6174;6174;
iNumb:; 8544;4086;8172;7443;3996;6264;4176;6174;6174;
iNumb:; 8545;3996;6264;4176;6174;6174;
iNumb:; 8546;4086;8172;7443;3996;6264;4176;6174;6174;
iNumb:; 8547;4176;6174;6174;
iNumb:; 8548;4266;4176;6174;6174;
iNumb:; 8549;5265;3996;6264;4176;6174;6174;
iNumb:; 8550;7992;7173;6354;3087;8352;6174;6174;
iNumb:; 8551;6993;6264;4176;6174;6174;
iNumb:; 8552;5994;5355;1998;8082;8532;6174;6174;
iNumb:; 8553;4995;5355;1998;8082;8532;6174;6174;
iNumb:; 8554;3996;6264;4176;6174;6174;
iNumb:; 8555;2997;7173;6354;3087;8352;6174;6174;
iNumb:; 8556;3087;8352;6174;6174;
iNumb:; 8557;3177;6354;3087;8352;6174;6174;
iNumb:; 8558;3267;5265;3996;6264;4176;6174;6174;
iNumb:; 8559;4266;4176;6174;6174;
iNumb:; 8560;8082;8532;6174;6174;
iNumb:; 8561;7083;8352;6174;6174;
iNumb:; 8562;6084;8172;7443;3996;6264;4176;6174;6174;
iNumb:; 8563;5085;7992;7173;6354;3087;8352;6174;6174;
iNumb:; 8564;4086;8172;7443;3996;6264;4176;6174;6174;
iNumb:; 8565;3087;8352;6174;6174;
iNumb:; 8566;2997;7173;6354;3087;8352;6174;6174;
iNumb:; 8567;3087;8352;6174;6174;
iNumb:; 8568;3177;6354;3087;8352;6174;6174;
iNumb:; 8569;4176;6174;6174;
iNumb:; 8570;8172;7443;3996;6264;4176;6174;6174;
iNumb:; 8571;7173;6354;3087;8352;6174;6174;
iNumb:; 8572;6174;6174;
iNumb:; 8573;5175;5994;5355;1998;8082;8532;6174;6174;
iNumb:; 8574;4176;6174;6174;
iNumb:; 8575;3177;6354;3087;8352;6174;6174;
iNumb:; 8576;3087;8352;6174;6174;
iNumb:; 8577;2997;7173;6354;3087;8352;6174;6174;
iNumb:; 8578;3087;8352;6174;6174;
iNumb:; 8579;4086;8172;7443;3996;6264;4176;6174;6174;
iNumb:; 8580;8262;6354;3087;8352;6174;6174;
iNumb:; 8581;7263;5265;3996;6264;4176;6174;6174;
iNumb:; 8582;6264;4176;6174;6174;
iNumb:; 8583;5265;3996;6264;4176;6174;6174;
iNumb:; 8584;4266;4176;6174;6174;
iNumb:; 8585;3267;5265;3996;6264;4176;6174;6174;
iNumb:; 8586;3177;6354;3087;8352;6174;6174;
iNumb:; 8587;3087;8352;6174;6174;
iNumb:; 8588;2997;7173;6354;3087;8352;6174;6174;
iNumb:; 8589;3996;6264;4176;6174;6174;
iNumb:; 8590;9261;8352;6174;6174;
iNumb:; 8591;8262;6354;3087;8352;6174;6174;
iNumb:; 8592;7263;5265;3996;6264;4176;6174;6174;
iNumb:; 8593;6264;4176;6174;6174;
iNumb:; 8594;5265;3996;6264;4176;6174;6174;
iNumb:; 8595;4266;4176;6174;6174;
iNumb:; 8596;4176;6174;6174;
iNumb:; 8597;4086;8172;7443;3996;6264;4176;6174;6174;
iNumb:; 8598;3996;6264;4176;6174;6174;
iNumb:; 8599;4086;8172;7443;3996;6264;4176;6174;6174;
iNumb:; 8600;8532;6174;6174;
iNumb:; 8601;8442;5994;5355;1998;8082;8532;6174;6174;
iNumb:; 8602;8352;6174;6174;
iNumb:; 8603;8262;6354;3087;8352;6174;6174;
iNumb:; 8604;8172;7443;3996;6264;4176;6174;6174;
iNumb:; 8605;8082;8532;6174;6174;
iNumb:; 8606;7992;7173;6354;3087;8352;6174;6174;
iNumb:; 8607;8082;8532;6174;6174;
iNumb:; 8608;8172;7443;3996;6264;4176;6174;6174;
iNumb:; 8609;9171;8532;6174;6174;
iNumb:; 8610;8442;5994;5355;1998;8082;8532;6174;6174;
iNumb:; 8611;7443;3996;6264;4176;6174;6174;
iNumb:; 8612;7353;4176;6174;6174;
iNumb:; 8613;7263;5265;3996;6264;4176;6174;6174;
iNumb:; 8614;7173;6354;3087;8352;6174;6174;
iNumb:; 8615;7083;8352;6174;6174;
iNumb:; 8616;6993;6264;4176;6174;6174;
iNumb:; 8617;7083;8352;6174;6174;
iNumb:; 8618;7173;6354;3087;8352;6174;6174;
iNumb:; 8619;8172;7443;3996;6264;4176;6174;6174;
iNumb:; 8620;8352;6174;6174;
iNumb:; 8621;7353;4176;6174;6174;
iNumb:; 8622;6354;3087;8352;6174;6174;
iNumb:; 8623;6264;4176;6174;6174;
iNumb:; 8624;6174;6174;
iNumb:; 8625;6084;8172;7443;3996;6264;4176;6174;6174;
iNumb:; 8626;5994;5355;1998;8082;8532;6174;6174;
iNumb:; 8627;6084;8172;7443;3996;6264;4176;6174;6174;
iNumb:; 8628;6174;6174;
iNumb:; 8629;7173;6354;3087;8352;6174;6174;
iNumb:; 8630;8262;6354;3087;8352;6174;6174;
iNumb:; 8631;7263;5265;3996;6264;4176;6174;6174;
iNumb:; 8632;6264;4176;6174;6174;
iNumb:; 8633;5265;3996;6264;4176;6174;6174;
iNumb:; 8634;5175;5994;5355;1998;8082;8532;6174;6174;
iNumb:; 8635;5085;7992;7173;6354;3087;8352;6174;6174;
iNumb:; 8636;4995;5355;1998;8082;8532;6174;6174;
iNumb:; 8637;5085;7992;7173;6354;3087;8352;6174;6174;
iNumb:; 8638;5175;5994;5355;1998;8082;8532;6174;6174;
iNumb:; 8639;6174;6174;
iNumb:; 8640;8172;7443;3996;6264;4176;6174;6174;
iNumb:; 8641;7173;6354;3087;8352;6174;6174;
iNumb:; 8642;6174;6174;
iNumb:; 8643;5175;5994;5355;1998;8082;8532;6174;6174;
iNumb:; 8644;4176;6174;6174;
iNumb:; 8645;4086;8172;7443;3996;6264;4176;6174;6174;
iNumb:; 8646;3996;6264;4176;6174;6174;
iNumb:; 8647;4086;8172;7443;3996;6264;4176;6174;6174;
iNumb:; 8648;4176;6174;6174;
iNumb:; 8649;5175;5994;5355;1998;8082;8532;6174;6174;
iNumb:; 8650;8082;8532;6174;6174;
iNumb:; 8651;7083;8352;6174;6174;
iNumb:; 8652;6084;8172;7443;3996;6264;4176;6174;6174;
iNumb:; 8653;5085;7992;7173;6354;3087;8352;6174;6174;
iNumb:; 8654;4086;8172;7443;3996;6264;4176;6174;6174;
iNumb:; 8655;3087;8352;6174;6174;
iNumb:; 8656;2997;7173;6354;3087;8352;6174;6174;
iNumb:; 8657;3087;8352;6174;6174;
iNumb:; 8658;3177;6354;3087;8352;6174;6174;
iNumb:; 8659;4176;6174;6174;
iNumb:; 8660;7992;7173;6354;3087;8352;6174;6174;
iNumb:; 8661;6993;6264;4176;6174;6174;
iNumb:; 8662;5994;5355;1998;8082;8532;6174;6174;
iNumb:; 8663;4995;5355;1998;8082;8532;6174;6174;
iNumb:; 8664;3996;6264;4176;6174;6174;
iNumb:; 8665;2997;7173;6354;3087;8352;6174;6174;
iNumb:; 8666;1998;8082;8532;6174;6174;
iNumb:; 8667;2088;8532;6174;6174;
iNumb:; 8668;2178;7443;3996;6264;4176;6174;6174;
iNumb:; 8669;3177;6354;3087;8352;6174;6174;
iNumb:; 8670;8082;8532;6174;6174;
iNumb:; 8671;7083;8352;6174;6174;
iNumb:; 8672;6084;8172;7443;3996;6264;4176;6174;6174;
iNumb:; 8673;5085;7992;7173;6354;3087;8352;6174;6174;
iNumb:; 8674;4086;8172;7443;3996;6264;4176;6174;6174;
iNumb:; 8675;3087;8352;6174;6174;
iNumb:; 8676;2088;8532;6174;6174;
iNumb:; 8677;1998;8082;8532;6174;6174;
iNumb:; 8678;2088;8532;6174;6174;
iNumb:; 8679;3087;8352;6174;6174;
iNumb:; 8680;8172;7443;3996;6264;4176;6174;6174;
iNumb:; 8681;7173;6354;3087;8352;6174;6174;
iNumb:; 8682;6174;6174;
iNumb:; 8683;5175;5994;5355;1998;8082;8532;6174;6174;
iNumb:; 8684;4176;6174;6174;
iNumb:; 8685;3177;6354;3087;8352;6174;6174;
iNumb:; 8686;2178;7443;3996;6264;4176;6174;6174;
iNumb:; 8687;2088;8532;6174;6174;
iNumb:; 8688;1998;8082;8532;6174;6174;
iNumb:; 8689;2997;7173;6354;3087;8352;6174;6174;
iNumb:; 8690;9171;8532;6174;6174;
iNumb:; 8691;8172;7443;3996;6264;4176;6174;6174;
iNumb:; 8692;7173;6354;3087;8352;6174;6174;
iNumb:; 8693;6174;6174;
iNumb:; 8694;5175;5994;5355;1998;8082;8532;6174;6174;
iNumb:; 8695;4176;6174;6174;
iNumb:; 8696;3177;6354;3087;8352;6174;6174;
iNumb:; 8697;3087;8352;6174;6174;
iNumb:; 8698;2997;7173;6354;3087;8352;6174;6174;
iNumb:; 8699;3087;8352;6174;6174;
iNumb:; 8700;8622;6354;3087;8352;6174;6174;
iNumb:; 8701;8532;6174;6174;
iNumb:; 8702;8442;5994;5355;1998;8082;8532;6174;6174;
iNumb:; 8703;8352;6174;6174;
iNumb:; 8704;8262;6354;3087;8352;6174;6174;
iNumb:; 8705;8172;7443;3996;6264;4176;6174;6174;
iNumb:; 8706;8082;8532;6174;6174;
iNumb:; 8707;7992;7173;6354;3087;8352;6174;6174;
iNumb:; 8708;8082;8532;6174;6174;
iNumb:; 8709;9081;9621;8352;6174;6174;
iNumb:; 8710;8532;6174;6174;
iNumb:; 8711;7533;4176;6174;6174;
iNumb:; 8712;7443;3996;6264;4176;6174;6174;
iNumb:; 8713;7353;4176;6174;6174;
iNumb:; 8714;7263;5265;3996;6264;4176;6174;6174;
iNumb:; 8715;7173;6354;3087;8352;6174;6174;
iNumb:; 8716;7083;8352;6174;6174;
iNumb:; 8717;6993;6264;4176;6174;6174;
iNumb:; 8718;7083;8352;6174;6174;
iNumb:; 8719;8082;8532;6174;6174;
iNumb:; 8720;8442;5994;5355;1998;8082;8532;6174;6174;
iNumb:; 8721;7443;3996;6264;4176;6174;6174;
iNumb:; 8722;6444;1998;8082;8532;6174;6174;
iNumb:; 8723;6354;3087;8352;6174;6174;
iNumb:; 8724;6264;4176;6174;6174;
iNumb:; 8725;6174;6174;
iNumb:; 8726;6084;8172;7443;3996;6264;4176;6174;6174;
iNumb:; 8727;5994;5355;1998;8082;8532;6174;6174;
iNumb:; 8728;6084;8172;7443;3996;6264;4176;6174;6174;
iNumb:; 8729;7083;8352;6174;6174;
iNumb:; 8730;8352;6174;6174;
iNumb:; 8731;7353;4176;6174;6174;
iNumb:; 8732;6354;3087;8352;6174;6174;
iNumb:; 8733;5355;1998;8082;8532;6174;6174;
iNumb:; 8734;5265;3996;6264;4176;6174;6174;
iNumb:; 8735;5175;5994;5355;1998;8082;8532;6174;6174;
iNumb:; 8736;5085;7992;7173;6354;3087;8352;6174;6174;
iNumb:; 8737;4995;5355;1998;8082;8532;6174;6174;
iNumb:; 8738;5085;7992;7173;6354;3087;8352;6174;6174;
iNumb:; 8739;6084;8172;7443;3996;6264;4176;6174;6174;
iNumb:; 8740;8262;6354;3087;8352;6174;6174;
iNumb:; 8741;7263;5265;3996;6264;4176;6174;6174;
iNumb:; 8742;6264;4176;6174;6174;
iNumb:; 8743;5265;3996;6264;4176;6174;6174;
iNumb:; 8744;4266;4176;6174;6174;
iNumb:; 8745;4176;6174;6174;
iNumb:; 8746;4086;8172;7443;3996;6264;4176;6174;6174;
iNumb:; 8747;3996;6264;4176;6174;6174;
iNumb:; 8748;4086;8172;7443;3996;6264;4176;6174;6174;
iNumb:; 8749;5085;7992;7173;6354;3087;8352;6174;6174;
iNumb:; 8750;8172;7443;3996;6264;4176;6174;6174;
iNumb:; 8751;7173;6354;3087;8352;6174;6174;
iNumb:; 8752;6174;6174;
iNumb:; 8753;5175;5994;5355;1998;8082;8532;6174;6174;
iNumb:; 8754;4176;6174;6174;
iNumb:; 8755;3177;6354;3087;8352;6174;6174;
iNumb:; 8756;3087;8352;6174;6174;
iNumb:; 8757;2997;7173;6354;3087;8352;6174;6174;
iNumb:; 8758;3087;8352;6174;6174;
iNumb:; 8759;4086;8172;7443;3996;6264;4176;6174;6174;
iNumb:; 8760;8082;8532;6174;6174;
iNumb:; 8761;7083;8352;6174;6174;
iNumb:; 8762;6084;8172;7443;3996;6264;4176;6174;6174;
iNumb:; 8763;5085;7992;7173;6354;3087;8352;6174;6174;
iNumb:; 8764;4086;8172;7443;3996;6264;4176;6174;6174;
iNumb:; 8765;3087;8352;6174;6174;
iNumb:; 8766;2088;8532;6174;6174;
iNumb:; 8767;1998;8082;8532;6174;6174;
iNumb:; 8768;2088;8532;6174;6174;
iNumb:; 8769;3087;8352;6174;6174;
iNumb:; 8770;7992;7173;6354;3087;8352;6174;6174;
iNumb:; 8771;6993;6264;4176;6174;6174;
iNumb:; 8772;5994;5355;1998;8082;8532;6174;6174;
iNumb:; 8773;4995;5355;1998;8082;8532;6174;6174;
iNumb:; 8774;3996;6264;4176;6174;6174;
iNumb:; 8775;2997;7173;6354;3087;8352;6174;6174;
iNumb:; 8776;1998;8082;8532;6174;6174;
iNumb:; 8777;999;8991;8082;8532;6174;6174;
iNumb:; 8778;1089;9621;8352;6174;6174;
iNumb:; 8779;2088;8532;6174;6174;
iNumb:; 8780;8082;8532;6174;6174;
iNumb:; 8781;7083;8352;6174;6174;
iNumb:; 8782;6084;8172;7443;3996;6264;4176;6174;6174;
iNumb:; 8783;5085;7992;7173;6354;3087;8352;6174;6174;
iNumb:; 8784;4086;8172;7443;3996;6264;4176;6174;6174;
iNumb:; 8785;3087;8352;6174;6174;
iNumb:; 8786;2088;8532;6174;6174;
iNumb:; 8787;1089;9621;8352;6174;6174;
iNumb:; 8788;999;8991;8082;8532;6174;6174;
iNumb:; 8789;1998;8082;8532;6174;6174;
iNumb:; 8790;9081;9621;8352;6174;6174;
iNumb:; 8791;8082;8532;6174;6174;
iNumb:; 8792;7083;8352;6174;6174;
iNumb:; 8793;6084;8172;7443;3996;6264;4176;6174;6174;
iNumb:; 8794;5085;7992;7173;6354;3087;8352;6174;6174;
iNumb:; 8795;4086;8172;7443;3996;6264;4176;6174;6174;
iNumb:; 8796;3087;8352;6174;6174;
iNumb:; 8797;2088;8532;6174;6174;
iNumb:; 8798;1998;8082;8532;6174;6174;
iNumb:; 8799;2088;8532;6174;6174;
iNumb:; 8800;8712;7443;3996;6264;4176;6174;6174;
iNumb:; 8801;8622;6354;3087;8352;6174;6174;
iNumb:; 8802;8532;6174;6174;
iNumb:; 8803;8442;5994;5355;1998;8082;8532;6174;6174;
iNumb:; 8804;8352;6174;6174;
iNumb:; 8805;8262;6354;3087;8352;6174;6174;
iNumb:; 8806;8172;7443;3996;6264;4176;6174;6174;
iNumb:; 8807;8082;8532;6174;6174;
iNumb:; 8808;7992;7173;6354;3087;8352;6174;6174;
iNumb:; 8809;8991;8082;8532;6174;6174;
iNumb:; 8810;8622;6354;3087;8352;6174;6174;
iNumb:; 8811;7623;5265;3996;6264;4176;6174;6174;
iNumb:; 8812;7533;4176;6174;6174;
iNumb:; 8813;7443;3996;6264;4176;6174;6174;
iNumb:; 8814;7353;4176;6174;6174;
iNumb:; 8815;7263;5265;3996;6264;4176;6174;6174;
iNumb:; 8816;7173;6354;3087;8352;6174;6174;
iNumb:; 8817;7083;8352;6174;6174;
iNumb:; 8818;6993;6264;4176;6174;6174;
iNumb:; 8819;7992;7173;6354;3087;8352;6174;6174;
iNumb:; 8820;8532;6174;6174;
iNumb:; 8821;7533;4176;6174;6174;
iNumb:; 8822;6534;3087;8352;6174;6174;
iNumb:; 8823;6444;1998;8082;8532;6174;6174;
iNumb:; 8824;6354;3087;8352;6174;6174;
iNumb:; 8825;6264;4176;6174;6174;
iNumb:; 8826;6174;6174;
iNumb:; 8827;6084;8172;7443;3996;6264;4176;6174;6174;
iNumb:; 8828;5994;5355;1998;8082;8532;6174;6174;
iNumb:; 8829;6993;6264;4176;6174;6174;
iNumb:; 8830;8442;5994;5355;1998;8082;8532;6174;6174;
iNumb:; 8831;7443;3996;6264;4176;6174;6174;
iNumb:; 8832;6444;1998;8082;8532;6174;6174;
iNumb:; 8833;5445;1089;9621;8352;6174;6174;
iNumb:; 8834;5355;1998;8082;8532;6174;6174;
iNumb:; 8835;5265;3996;6264;4176;6174;6174;
iNumb:; 8836;5175;5994;5355;1998;8082;8532;6174;6174;
iNumb:; 8837;5085;7992;7173;6354;3087;8352;6174;6174;
iNumb:; 8838;4995;5355;1998;8082;8532;6174;6174;
iNumb:; 8839;5994;5355;1998;8082;8532;6174;6174;
iNumb:; 8840;8352;6174;6174;
iNumb:; 8841;7353;4176;6174;6174;
iNumb:; 8842;6354;3087;8352;6174;6174;
iNumb:; 8843;5355;1998;8082;8532;6174;6174;
iNumb:; 8844;4356;3087;8352;6174;6174;
iNumb:; 8845;4266;4176;6174;6174;
iNumb:; 8846;4176;6174;6174;
iNumb:; 8847;4086;8172;7443;3996;6264;4176;6174;6174;
iNumb:; 8848;3996;6264;4176;6174;6174;
iNumb:; 8849;4995;5355;1998;8082;8532;6174;6174;
iNumb:; 8850;8262;6354;3087;8352;6174;6174;
iNumb:; 8851;7263;5265;3996;6264;4176;6174;6174;
iNumb:; 8852;6264;4176;6174;6174;
iNumb:; 8853;5265;3996;6264;4176;6174;6174;
iNumb:; 8854;4266;4176;6174;6174;
iNumb:; 8855;3267;5265;3996;6264;4176;6174;6174;
iNumb:; 8856;3177;6354;3087;8352;6174;6174;
iNumb:; 8857;3087;8352;6174;6174;
iNumb:; 8858;2997;7173;6354;3087;8352;6174;6174;
iNumb:; 8859;3996;6264;4176;6174;6174;
iNumb:; 8860;8172;7443;3996;6264;4176;6174;6174;
iNumb:; 8861;7173;6354;3087;8352;6174;6174;
iNumb:; 8862;6174;6174;
iNumb:; 8863;5175;5994;5355;1998;8082;8532;6174;6174;
iNumb:; 8864;4176;6174;6174;
iNumb:; 8865;3177;6354;3087;8352;6174;6174;
iNumb:; 8866;2178;7443;3996;6264;4176;6174;6174;
iNumb:; 8867;2088;8532;6174;6174;
iNumb:; 8868;1998;8082;8532;6174;6174;
iNumb:; 8869;2997;7173;6354;3087;8352;6174;6174;
iNumb:; 8870;8082;8532;6174;6174;
iNumb:; 8871;7083;8352;6174;6174;
iNumb:; 8872;6084;8172;7443;3996;6264;4176;6174;6174;
iNumb:; 8873;5085;7992;7173;6354;3087;8352;6174;6174;
iNumb:; 8874;4086;8172;7443;3996;6264;4176;6174;6174;
iNumb:; 8875;3087;8352;6174;6174;
iNumb:; 8876;2088;8532;6174;6174;
iNumb:; 8877;1089;9621;8352;6174;6174;
iNumb:; 8878;999;8991;8082;8532;6174;6174;
iNumb:; 8879;1998;8082;8532;6174;6174;
iNumb:; 8880;7992;7173;6354;3087;8352;6174;6174;
iNumb:; 8881;6993;6264;4176;6174;6174;
iNumb:; 8882;5994;5355;1998;8082;8532;6174;6174;
iNumb:; 8883;4995;5355;1998;8082;8532;6174;6174;
iNumb:; 8884;3996;6264;4176;6174;6174;
iNumb:; 8885;2997;7173;6354;3087;8352;6174;6174;
iNumb:; 8886;1998;8082;8532;6174;6174;
iNumb:; 8887;999;8991;8082;8532;6174;6174;
iNumb:; 8889;999;8991;8082;8532;6174;6174;
iNumb:; 8890;8991;8082;8532;6174;6174;
iNumb:; 8891;7992;7173;6354;3087;8352;6174;6174;
iNumb:; 8892;6993;6264;4176;6174;6174;
iNumb:; 8893;5994;5355;1998;8082;8532;6174;6174;
iNumb:; 8894;4995;5355;1998;8082;8532;6174;6174;
iNumb:; 8895;3996;6264;4176;6174;6174;
iNumb:; 8896;2997;7173;6354;3087;8352;6174;6174;
iNumb:; 8897;1998;8082;8532;6174;6174;
iNumb:; 8898;999;8991;8082;8532;6174;6174;
iNumb:; 8899;1089;9621;8352;6174;6174;
iNumb:; 8900;9711;8532;6174;6174;
iNumb:; 8901;9621;8352;6174;6174;
iNumb:; 8902;9531;8172;7443;3996;6264;4176;6174;6174;
iNumb:; 8903;9441;7992;7173;6354;3087;8352;6174;6174;
iNumb:; 8904;9351;8172;7443;3996;6264;4176;6174;6174;
iNumb:; 8905;9261;8352;6174;6174;
iNumb:; 8906;9171;8532;6174;6174;
iNumb:; 8907;9081;9621;8352;6174;6174;
iNumb:; 8908;8991;8082;8532;6174;6174;
iNumb:; 8909;9081;9621;8352;6174;6174;
iNumb:; 8910;9621;8352;6174;6174;
iNumb:; 8911;8622;6354;3087;8352;6174;6174;
iNumb:; 8912;8532;6174;6174;
iNumb:; 8913;8442;5994;5355;1998;8082;8532;6174;6174;
iNumb:; 8914;8352;6174;6174;
iNumb:; 8915;8262;6354;3087;8352;6174;6174;
iNumb:; 8916;8172;7443;3996;6264;4176;6174;6174;
iNumb:; 8917;8082;8532;6174;6174;
iNumb:; 8918;7992;7173;6354;3087;8352;6174;6174;
iNumb:; 8919;8082;8532;6174;6174;
iNumb:; 8920;9531;8172;7443;3996;6264;4176;6174;6174;
iNumb:; 8921;8532;6174;6174;
iNumb:; 8922;7533;4176;6174;6174;
iNumb:; 8923;7443;3996;6264;4176;6174;6174;
iNumb:; 8924;7353;4176;6174;6174;
iNumb:; 8925;7263;5265;3996;6264;4176;6174;6174;
iNumb:; 8926;7173;6354;3087;8352;6174;6174;
iNumb:; 8927;7083;8352;6174;6174;
iNumb:; 8928;6993;6264;4176;6174;6174;
iNumb:; 8929;7083;8352;6174;6174;
iNumb:; 8930;9441;7992;7173;6354;3087;8352;6174;6174;
iNumb:; 8931;8442;5994;5355;1998;8082;8532;6174;6174;
iNumb:; 8932;7443;3996;6264;4176;6174;6174;
iNumb:; 8933;6444;1998;8082;8532;6174;6174;
iNumb:; 8934;6354;3087;8352;6174;6174;
iNumb:; 8935;6264;4176;6174;6174;
iNumb:; 8936;6174;6174;
iNumb:; 8937;6084;8172;7443;3996;6264;4176;6174;6174;
iNumb:; 8938;5994;5355;1998;8082;8532;6174;6174;
iNumb:; 8939;6084;8172;7443;3996;6264;4176;6174;6174;
iNumb:; 8940;9351;8172;7443;3996;6264;4176;6174;6174;
iNumb:; 8941;8352;6174;6174;
iNumb:; 8942;7353;4176;6174;6174;
iNumb:; 8943;6354;3087;8352;6174;6174;
iNumb:; 8944;5355;1998;8082;8532;6174;6174;
iNumb:; 8945;5265;3996;6264;4176;6174;6174;
iNumb:; 8946;5175;5994;5355;1998;8082;8532;6174;6174;
iNumb:; 8947;5085;7992;7173;6354;3087;8352;6174;6174;
iNumb:; 8948;4995;5355;1998;8082;8532;6174;6174;
iNumb:; 8949;5085;7992;7173;6354;3087;8352;6174;6174;
iNumb:; 8950;9261;8352;6174;6174;
iNumb:; 8951;8262;6354;3087;8352;6174;6174;
iNumb:; 8952;7263;5265;3996;6264;4176;6174;6174;
iNumb:; 8953;6264;4176;6174;6174;
iNumb:; 8954;5265;3996;6264;4176;6174;6174;
iNumb:; 8955;4266;4176;6174;6174;
iNumb:; 8956;4176;6174;6174;
iNumb:; 8957;4086;8172;7443;3996;6264;4176;6174;6174;
iNumb:; 8958;3996;6264;4176;6174;6174;
iNumb:; 8959;4086;8172;7443;3996;6264;4176;6174;6174;
iNumb:; 8960;9171;8532;6174;6174;
iNumb:; 8961;8172;7443;3996;6264;4176;6174;6174;
iNumb:; 8962;7173;6354;3087;8352;6174;6174;
iNumb:; 8963;6174;6174;
iNumb:; 8964;5175;5994;5355;1998;8082;8532;6174;6174;
iNumb:; 8965;4176;6174;6174;
iNumb:; 8966;3177;6354;3087;8352;6174;6174;
iNumb:; 8967;3087;8352;6174;6174;
iNumb:; 8968;2997;7173;6354;3087;8352;6174;6174;
iNumb:; 8969;3087;8352;6174;6174;
iNumb:; 8970;9081;9621;8352;6174;6174;
iNumb:; 8971;8082;8532;6174;6174;
iNumb:; 8972;7083;8352;6174;6174;
iNumb:; 8973;6084;8172;7443;3996;6264;4176;6174;6174;
iNumb:; 8974;5085;7992;7173;6354;3087;8352;6174;6174;
iNumb:; 8975;4086;8172;7443;3996;6264;4176;6174;6174;
iNumb:; 8976;3087;8352;6174;6174;
iNumb:; 8977;2088;8532;6174;6174;
iNumb:; 8978;1998;8082;8532;6174;6174;
iNumb:; 8979;2088;8532;6174;6174;
iNumb:; 8980;8991;8082;8532;6174;6174;
iNumb:; 8981;7992;7173;6354;3087;8352;6174;6174;
iNumb:; 8982;6993;6264;4176;6174;6174;
iNumb:; 8983;5994;5355;1998;8082;8532;6174;6174;
iNumb:; 8984;4995;5355;1998;8082;8532;6174;6174;
iNumb:; 8985;3996;6264;4176;6174;6174;
iNumb:; 8986;2997;7173;6354;3087;8352;6174;6174;
iNumb:; 8987;1998;8082;8532;6174;6174;
iNumb:; 8988;999;8991;8082;8532;6174;6174;
iNumb:; 8989;1089;9621;8352;6174;6174;
iNumb:; 8990;9081;9621;8352;6174;6174;
iNumb:; 8991;8082;8532;6174;6174;
iNumb:; 8992;7083;8352;6174;6174;
iNumb:; 8993;6084;8172;7443;3996;6264;4176;6174;6174;
iNumb:; 8994;5085;7992;7173;6354;3087;8352;6174;6174;
iNumb:; 8995;4086;8172;7443;3996;6264;4176;6174;6174;
iNumb:; 8996;3087;8352;6174;6174;
iNumb:; 8997;2088;8532;6174;6174;
iNumb:; 8998;1089;9621;8352;6174;6174;
iNumb:; 8999;999;8991;8082;8532;6174;6174;
iNumb:; 9000;8991;8082;8532;6174;6174;
iNumb:; 9001;9081;9621;8352;6174;6174;
iNumb:; 9002;9171;8532;6174;6174;
iNumb:; 9003;9261;8352;6174;6174;
iNumb:; 9004;9351;8172;7443;3996;6264;4176;6174;6174;
iNumb:; 9005;9441;7992;7173;6354;3087;8352;6174;6174;
iNumb:; 9006;9531;8172;7443;3996;6264;4176;6174;6174;
iNumb:; 9007;9621;8352;6174;6174;
iNumb:; 9008;9711;8532;6174;6174;
iNumb:; 9009;9801;9621;8352;6174;6174;
iNumb:; 9010;9081;9621;8352;6174;6174;
iNumb:; 9011;8991;8082;8532;6174;6174;
iNumb:; 9012;9081;9621;8352;6174;6174;
iNumb:; 9013;9171;8532;6174;6174;
iNumb:; 9014;9261;8352;6174;6174;
iNumb:; 9015;9351;8172;7443;3996;6264;4176;6174;6174;
iNumb:; 9016;9441;7992;7173;6354;3087;8352;6174;6174;
iNumb:; 9017;9531;8172;7443;3996;6264;4176;6174;6174;
iNumb:; 9018;9621;8352;6174;6174;
iNumb:; 9019;9711;8532;6174;6174;
iNumb:; 9020;9171;8532;6174;6174;
iNumb:; 9021;9081;9621;8352;6174;6174;
iNumb:; 9022;8991;8082;8532;6174;6174;
iNumb:; 9023;9081;9621;8352;6174;6174;
iNumb:; 9024;9171;8532;6174;6174;
iNumb:; 9025;9261;8352;6174;6174;
iNumb:; 9026;9351;8172;7443;3996;6264;4176;6174;6174;
iNumb:; 9027;9441;7992;7173;6354;3087;8352;6174;6174;
iNumb:; 9028;9531;8172;7443;3996;6264;4176;6174;6174;
iNumb:; 9029;9621;8352;6174;6174;
iNumb:; 9030;9261;8352;6174;6174;
iNumb:; 9031;9171;8532;6174;6174;
iNumb:; 9032;9081;9621;8352;6174;6174;
iNumb:; 9033;8991;8082;8532;6174;6174;
iNumb:; 9034;9081;9621;8352;6174;6174;
iNumb:; 9035;9171;8532;6174;6174;
iNumb:; 9036;9261;8352;6174;6174;
iNumb:; 9037;9351;8172;7443;3996;6264;4176;6174;6174;
iNumb:; 9038;9441;7992;7173;6354;3087;8352;6174;6174;
iNumb:; 9039;9531;8172;7443;3996;6264;4176;6174;6174;
iNumb:; 9040;9351;8172;7443;3996;6264;4176;6174;6174;
iNumb:; 9041;9261;8352;6174;6174;
iNumb:; 9042;9171;8532;6174;6174;
iNumb:; 9043;9081;9621;8352;6174;6174;
iNumb:; 9044;8991;8082;8532;6174;6174;
iNumb:; 9045;9081;9621;8352;6174;6174;
iNumb:; 9046;9171;8532;6174;6174;
iNumb:; 9047;9261;8352;6174;6174;
iNumb:; 9048;9351;8172;7443;3996;6264;4176;6174;6174;
iNumb:; 9049;9441;7992;7173;6354;3087;8352;6174;6174;
iNumb:; 9050;9441;7992;7173;6354;3087;8352;6174;6174;
iNumb:; 9051;9351;8172;7443;3996;6264;4176;6174;6174;
iNumb:; 9052;9261;8352;6174;6174;
iNumb:; 9053;9171;8532;6174;6174;
iNumb:; 9054;9081;9621;8352;6174;6174;
iNumb:; 9055;8991;8082;8532;6174;6174;
iNumb:; 9056;9081;9621;8352;6174;6174;
iNumb:; 9057;9171;8532;6174;6174;
iNumb:; 9058;9261;8352;6174;6174;
iNumb:; 9059;9351;8172;7443;3996;6264;4176;6174;6174;
iNumb:; 9060;9531;8172;7443;3996;6264;4176;6174;6174;
iNumb:; 9061;9441;7992;7173;6354;3087;8352;6174;6174;
iNumb:; 9062;9351;8172;7443;3996;6264;4176;6174;6174;
iNumb:; 9063;9261;8352;6174;6174;
iNumb:; 9064;9171;8532;6174;6174;
iNumb:; 9065;9081;9621;8352;6174;6174;
iNumb:; 9066;8991;8082;8532;6174;6174;
iNumb:; 9067;9081;9621;8352;6174;6174;
iNumb:; 9068;9171;8532;6174;6174;
iNumb:; 9069;9261;8352;6174;6174;
iNumb:; 9070;9621;8352;6174;6174;
iNumb:; 9071;9531;8172;7443;3996;6264;4176;6174;6174;
iNumb:; 9072;9441;7992;7173;6354;3087;8352;6174;6174;
iNumb:; 9073;9351;8172;7443;3996;6264;4176;6174;6174;
iNumb:; 9074;9261;8352;6174;6174;
iNumb:; 9075;9171;8532;6174;6174;
iNumb:; 9076;9081;9621;8352;6174;6174;
iNumb:; 9077;8991;8082;8532;6174;6174;
iNumb:; 9078;9081;9621;8352;6174;6174;
iNumb:; 9079;9171;8532;6174;6174;
iNumb:; 9080;9711;8532;6174;6174;
iNumb:; 9081;9621;8352;6174;6174;
iNumb:; 9082;9531;8172;7443;3996;6264;4176;6174;6174;
iNumb:; 9083;9441;7992;7173;6354;3087;8352;6174;6174;
iNumb:; 9084;9351;8172;7443;3996;6264;4176;6174;6174;
iNumb:; 9085;9261;8352;6174;6174;
iNumb:; 9086;9171;8532;6174;6174;
iNumb:; 9087;9081;9621;8352;6174;6174;
iNumb:; 9088;8991;8082;8532;6174;6174;
iNumb:; 9089;9081;9621;8352;6174;6174;
iNumb:; 9090;9801;9621;8352;6174;6174;
iNumb:; 9091;9711;8532;6174;6174;
iNumb:; 9092;9621;8352;6174;6174;
iNumb:; 9093;9531;8172;7443;3996;6264;4176;6174;6174;
iNumb:; 9094;9441;7992;7173;6354;3087;8352;6174;6174;
iNumb:; 9095;9351;8172;7443;3996;6264;4176;6174;6174;
iNumb:; 9096;9261;8352;6174;6174;
iNumb:; 9097;9171;8532;6174;6174;
iNumb:; 9098;9081;9621;8352;6174;6174;
iNumb:; 9099;8991;8082;8532;6174;6174;
iNumb:; 9100;9081;9621;8352;6174;6174;
iNumb:; 9101;8991;8082;8532;6174;6174;
iNumb:; 9102;9081;9621;8352;6174;6174;
iNumb:; 9103;9171;8532;6174;6174;
iNumb:; 9104;9261;8352;6174;6174;
iNumb:; 9105;9351;8172;7443;3996;6264;4176;6174;6174;
iNumb:; 9106;9441;7992;7173;6354;3087;8352;6174;6174;
iNumb:; 9107;9531;8172;7443;3996;6264;4176;6174;6174;
iNumb:; 9108;9621;8352;6174;6174;
iNumb:; 9109;9711;8532;6174;6174;
iNumb:; 9110;8991;8082;8532;6174;6174;
iNumb:; 9111;7992;7173;6354;3087;8352;6174;6174;
iNumb:; 9112;8082;8532;6174;6174;
iNumb:; 9113;8172;7443;3996;6264;4176;6174;6174;
iNumb:; 9114;8262;6354;3087;8352;6174;6174;
iNumb:; 9115;8352;6174;6174;
iNumb:; 9116;8442;5994;5355;1998;8082;8532;6174;6174;
iNumb:; 9117;8532;6174;6174;
iNumb:; 9118;8622;6354;3087;8352;6174;6174;
iNumb:; 9119;8712;7443;3996;6264;4176;6174;6174;
iNumb:; 9120;9081;9621;8352;6174;6174;
iNumb:; 9121;8082;8532;6174;6174;
iNumb:; 9122;7992;7173;6354;3087;8352;6174;6174;
iNumb:; 9123;8082;8532;6174;6174;
iNumb:; 9124;8172;7443;3996;6264;4176;6174;6174;
iNumb:; 9125;8262;6354;3087;8352;6174;6174;
iNumb:; 9126;8352;6174;6174;
iNumb:; 9127;8442;5994;5355;1998;8082;8532;6174;6174;
iNumb:; 9128;8532;6174;6174;
iNumb:; 9129;8622;6354;3087;8352;6174;6174;
iNumb:; 9130;9171;8532;6174;6174;
iNumb:; 9131;8172;7443;3996;6264;4176;6174;6174;
iNumb:; 9132;8082;8532;6174;6174;
iNumb:; 9133;7992;7173;6354;3087;8352;6174;6174;
iNumb:; 9134;8082;8532;6174;6174;
iNumb:; 9135;8172;7443;3996;6264;4176;6174;6174;
iNumb:; 9136;8262;6354;3087;8352;6174;6174;
iNumb:; 9137;8352;6174;6174;
iNumb:; 9138;8442;5994;5355;1998;8082;8532;6174;6174;
iNumb:; 9139;8532;6174;6174;
iNumb:; 9140;9261;8352;6174;6174;
iNumb:; 9141;8262;6354;3087;8352;6174;6174;
iNumb:; 9142;8172;7443;3996;6264;4176;6174;6174;
iNumb:; 9143;8082;8532;6174;6174;
iNumb:; 9144;7992;7173;6354;3087;8352;6174;6174;
iNumb:; 9145;8082;8532;6174;6174;
iNumb:; 9146;8172;7443;3996;6264;4176;6174;6174;
iNumb:; 9147;8262;6354;3087;8352;6174;6174;
iNumb:; 9148;8352;6174;6174;
iNumb:; 9149;8442;5994;5355;1998;8082;8532;6174;6174;
iNumb:; 9150;9351;8172;7443;3996;6264;4176;6174;6174;
iNumb:; 9151;8352;6174;6174;
iNumb:; 9152;8262;6354;3087;8352;6174;6174;
iNumb:; 9153;8172;7443;3996;6264;4176;6174;6174;
iNumb:; 9154;8082;8532;6174;6174;
iNumb:; 9155;7992;7173;6354;3087;8352;6174;6174;
iNumb:; 9156;8082;8532;6174;6174;
iNumb:; 9157;8172;7443;3996;6264;4176;6174;6174;
iNumb:; 9158;8262;6354;3087;8352;6174;6174;
iNumb:; 9159;8352;6174;6174;
iNumb:; 9160;9441;7992;7173;6354;3087;8352;6174;6174;
iNumb:; 9161;8442;5994;5355;1998;8082;8532;6174;6174;
iNumb:; 9162;8352;6174;6174;
iNumb:; 9163;8262;6354;3087;8352;6174;6174;
iNumb:; 9164;8172;7443;3996;6264;4176;6174;6174;
iNumb:; 9165;8082;8532;6174;6174;
iNumb:; 9166;7992;7173;6354;3087;8352;6174;6174;
iNumb:; 9167;8082;8532;6174;6174;
iNumb:; 9168;8172;7443;3996;6264;4176;6174;6174;
iNumb:; 9169;8262;6354;3087;8352;6174;6174;
iNumb:; 9170;9531;8172;7443;3996;6264;4176;6174;6174;
iNumb:; 9171;8532;6174;6174;
iNumb:; 9172;8442;5994;5355;1998;8082;8532;6174;6174;
iNumb:; 9173;8352;6174;6174;
iNumb:; 9174;8262;6354;3087;8352;6174;6174;
iNumb:; 9175;8172;7443;3996;6264;4176;6174;6174;
iNumb:; 9176;8082;8532;6174;6174;
iNumb:; 9177;7992;7173;6354;3087;8352;6174;6174;
iNumb:; 9178;8082;8532;6174;6174;
iNumb:; 9179;8172;7443;3996;6264;4176;6174;6174;
iNumb:; 9180;9621;8352;6174;6174;
iNumb:; 9181;8622;6354;3087;8352;6174;6174;
iNumb:; 9182;8532;6174;6174;
iNumb:; 9183;8442;5994;5355;1998;8082;8532;6174;6174;
iNumb:; 9184;8352;6174;6174;
iNumb:; 9185;8262;6354;3087;8352;6174;6174;
iNumb:; 9186;8172;7443;3996;6264;4176;6174;6174;
iNumb:; 9187;8082;8532;6174;6174;
iNumb:; 9188;7992;7173;6354;3087;8352;6174;6174;
iNumb:; 9189;8082;8532;6174;6174;
iNumb:; 9190;9711;8532;6174;6174;
iNumb:; 9191;8712;7443;3996;6264;4176;6174;6174;
iNumb:; 9192;8622;6354;3087;8352;6174;6174;
iNumb:; 9193;8532;6174;6174;
iNumb:; 9194;8442;5994;5355;1998;8082;8532;6174;6174;
iNumb:; 9195;8352;6174;6174;
iNumb:; 9196;8262;6354;3087;8352;6174;6174;
iNumb:; 9197;8172;7443;3996;6264;4176;6174;6174;
iNumb:; 9198;8082;8532;6174;6174;
iNumb:; 9199;7992;7173;6354;3087;8352;6174;6174;
iNumb:; 9200;9171;8532;6174;6174;
iNumb:; 9201;9081;9621;8352;6174;6174;
iNumb:; 9202;8991;8082;8532;6174;6174;
iNumb:; 9203;9081;9621;8352;6174;6174;
iNumb:; 9204;9171;8532;6174;6174;
iNumb:; 9205;9261;8352;6174;6174;
iNumb:; 9206;9351;8172;7443;3996;6264;4176;6174;6174;
iNumb:; 9207;9441;7992;7173;6354;3087;8352;6174;6174;
iNumb:; 9208;9531;8172;7443;3996;6264;4176;6174;6174;
iNumb:; 9209;9621;8352;6174;6174;
iNumb:; 9210;9081;9621;8352;6174;6174;
iNumb:; 9211;8082;8532;6174;6174;
iNumb:; 9212;7992;7173;6354;3087;8352;6174;6174;
iNumb:; 9213;8082;8532;6174;6174;
iNumb:; 9214;8172;7443;3996;6264;4176;6174;6174;
iNumb:; 9215;8262;6354;3087;8352;6174;6174;
iNumb:; 9216;8352;6174;6174;
iNumb:; 9217;8442;5994;5355;1998;8082;8532;6174;6174;
iNumb:; 9218;8532;6174;6174;
iNumb:; 9219;8622;6354;3087;8352;6174;6174;
iNumb:; 9220;8991;8082;8532;6174;6174;
iNumb:; 9221;7992;7173;6354;3087;8352;6174;6174;
iNumb:; 9222;6993;6264;4176;6174;6174;
iNumb:; 9223;7083;8352;6174;6174;
iNumb:; 9224;7173;6354;3087;8352;6174;6174;
iNumb:; 9225;7263;5265;3996;6264;4176;6174;6174;
iNumb:; 9226;7353;4176;6174;6174;
iNumb:; 9227;7443;3996;6264;4176;6174;6174;
iNumb:; 9228;7533;4176;6174;6174;
iNumb:; 9229;7623;5265;3996;6264;4176;6174;6174;
iNumb:; 9230;9081;9621;8352;6174;6174;
iNumb:; 9231;8082;8532;6174;6174;
iNumb:; 9232;7083;8352;6174;6174;
iNumb:; 9233;6993;6264;4176;6174;6174;
iNumb:; 9234;7083;8352;6174;6174;
iNumb:; 9235;7173;6354;3087;8352;6174;6174;
iNumb:; 9236;7263;5265;3996;6264;4176;6174;6174;
iNumb:; 9237;7353;4176;6174;6174;
iNumb:; 9238;7443;3996;6264;4176;6174;6174;
iNumb:; 9239;7533;4176;6174;6174;
iNumb:; 9240;9171;8532;6174;6174;
iNumb:; 9241;8172;7443;3996;6264;4176;6174;6174;
iNumb:; 9242;7173;6354;3087;8352;6174;6174;
iNumb:; 9243;7083;8352;6174;6174;
iNumb:; 9244;6993;6264;4176;6174;6174;
iNumb:; 9245;7083;8352;6174;6174;
iNumb:; 9246;7173;6354;3087;8352;6174;6174;
iNumb:; 9247;7263;5265;3996;6264;4176;6174;6174;
iNumb:; 9248;7353;4176;6174;6174;
iNumb:; 9249;7443;3996;6264;4176;6174;6174;
iNumb:; 9250;9261;8352;6174;6174;
iNumb:; 9251;8262;6354;3087;8352;6174;6174;
iNumb:; 9252;7263;5265;3996;6264;4176;6174;6174;
iNumb:; 9253;7173;6354;3087;8352;6174;6174;
iNumb:; 9254;7083;8352;6174;6174;
iNumb:; 9255;6993;6264;4176;6174;6174;
iNumb:; 9256;7083;8352;6174;6174;
iNumb:; 9257;7173;6354;3087;8352;6174;6174;
iNumb:; 9258;7263;5265;3996;6264;4176;6174;6174;
iNumb:; 9259;7353;4176;6174;6174;
iNumb:; 9260;9351;8172;7443;3996;6264;4176;6174;6174;
iNumb:; 9261;8352;6174;6174;
iNumb:; 9262;7353;4176;6174;6174;
iNumb:; 9263;7263;5265;3996;6264;4176;6174;6174;
iNumb:; 9264;7173;6354;3087;8352;6174;6174;
iNumb:; 9265;7083;8352;6174;6174;
iNumb:; 9266;6993;6264;4176;6174;6174;
iNumb:; 9267;7083;8352;6174;6174;
iNumb:; 9268;7173;6354;3087;8352;6174;6174;
iNumb:; 9269;7263;5265;3996;6264;4176;6174;6174;
iNumb:; 9270;9441;7992;7173;6354;3087;8352;6174;6174;
iNumb:; 9271;8442;5994;5355;1998;8082;8532;6174;6174;
iNumb:; 9272;7443;3996;6264;4176;6174;6174;
iNumb:; 9273;7353;4176;6174;6174;
iNumb:; 9274;7263;5265;3996;6264;4176;6174;6174;
iNumb:; 9275;7173;6354;3087;8352;6174;6174;
iNumb:; 9276;7083;8352;6174;6174;
iNumb:; 9277;6993;6264;4176;6174;6174;
iNumb:; 9278;7083;8352;6174;6174;
iNumb:; 9279;7173;6354;3087;8352;6174;6174;
iNumb:; 9280;9531;8172;7443;3996;6264;4176;6174;6174;
iNumb:; 9281;8532;6174;6174;
iNumb:; 9282;7533;4176;6174;6174;
iNumb:; 9283;7443;3996;6264;4176;6174;6174;
iNumb:; 9284;7353;4176;6174;6174;
iNumb:; 9285;7263;5265;3996;6264;4176;6174;6174;
iNumb:; 9286;7173;6354;3087;8352;6174;6174;
iNumb:; 9287;7083;8352;6174;6174;
iNumb:; 9288;6993;6264;4176;6174;6174;
iNumb:; 9289;7083;8352;6174;6174;
iNumb:; 9290;9621;8352;6174;6174;
iNumb:; 9291;8622;6354;3087;8352;6174;6174;
iNumb:; 9292;7623;5265;3996;6264;4176;6174;6174;
iNumb:; 9293;7533;4176;6174;6174;
iNumb:; 9294;7443;3996;6264;4176;6174;6174;
iNumb:; 9295;7353;4176;6174;6174;
iNumb:; 9296;7263;5265;3996;6264;4176;6174;6174;
iNumb:; 9297;7173;6354;3087;8352;6174;6174;
iNumb:; 9298;7083;8352;6174;6174;
iNumb:; 9299;6993;6264;4176;6174;6174;
iNumb:; 9300;9261;8352;6174;6174;
iNumb:; 9301;9171;8532;6174;6174;
iNumb:; 9302;9081;9621;8352;6174;6174;
iNumb:; 9303;8991;8082;8532;6174;6174;
iNumb:; 9304;9081;9621;8352;6174;6174;
iNumb:; 9305;9171;8532;6174;6174;
iNumb:; 9306;9261;8352;6174;6174;
iNumb:; 9307;9351;8172;7443;3996;6264;4176;6174;6174;
iNumb:; 9308;9441;7992;7173;6354;3087;8352;6174;6174;
iNumb:; 9309;9531;8172;7443;3996;6264;4176;6174;6174;
iNumb:; 9310;9171;8532;6174;6174;
iNumb:; 9311;8172;7443;3996;6264;4176;6174;6174;
iNumb:; 9312;8082;8532;6174;6174;
iNumb:; 9313;7992;7173;6354;3087;8352;6174;6174;
iNumb:; 9314;8082;8532;6174;6174;
iNumb:; 9315;8172;7443;3996;6264;4176;6174;6174;
iNumb:; 9316;8262;6354;3087;8352;6174;6174;
iNumb:; 9317;8352;6174;6174;
iNumb:; 9318;8442;5994;5355;1998;8082;8532;6174;6174;
iNumb:; 9319;8532;6174;6174;
iNumb:; 9320;9081;9621;8352;6174;6174;
iNumb:; 9321;8082;8532;6174;6174;
iNumb:; 9322;7083;8352;6174;6174;
iNumb:; 9323;6993;6264;4176;6174;6174;
iNumb:; 9324;7083;8352;6174;6174;
iNumb:; 9325;7173;6354;3087;8352;6174;6174;
iNumb:; 9326;7263;5265;3996;6264;4176;6174;6174;
iNumb:; 9327;7353;4176;6174;6174;
iNumb:; 9328;7443;3996;6264;4176;6174;6174;
iNumb:; 9329;7533;4176;6174;6174;
iNumb:; 9330;8991;8082;8532;6174;6174;
iNumb:; 9331;7992;7173;6354;3087;8352;6174;6174;
iNumb:; 9332;6993;6264;4176;6174;6174;
iNumb:; 9333;5994;5355;1998;8082;8532;6174;6174;
iNumb:; 9334;6084;8172;7443;3996;6264;4176;6174;6174;
iNumb:; 9335;6174;6174;
iNumb:; 9336;6264;4176;6174;6174;
iNumb:; 9337;6354;3087;8352;6174;6174;
iNumb:; 9338;6444;1998;8082;8532;6174;6174;
iNumb:; 9339;6534;3087;8352;6174;6174;
iNumb:; 9340;9081;9621;8352;6174;6174;
iNumb:; 9341;8082;8532;6174;6174;
iNumb:; 9342;7083;8352;6174;6174;
iNumb:; 9343;6084;8172;7443;3996;6264;4176;6174;6174;
iNumb:; 9344;5994;5355;1998;8082;8532;6174;6174;
iNumb:; 9345;6084;8172;7443;3996;6264;4176;6174;6174;
iNumb:; 9346;6174;6174;
iNumb:; 9347;6264;4176;6174;6174;
iNumb:; 9348;6354;3087;8352;6174;6174;
iNumb:; 9349;6444;1998;8082;8532;6174;6174;
iNumb:; 9350;9171;8532;6174;6174;
iNumb:; 9351;8172;7443;3996;6264;4176;6174;6174;
iNumb:; 9352;7173;6354;3087;8352;6174;6174;
iNumb:; 9353;6174;6174;
iNumb:; 9354;6084;8172;7443;3996;6264;4176;6174;6174;
iNumb:; 9355;5994;5355;1998;8082;8532;6174;6174;
iNumb:; 9356;6084;8172;7443;3996;6264;4176;6174;6174;
iNumb:; 9357;6174;6174;
iNumb:; 9358;6264;4176;6174;6174;
iNumb:; 9359;6354;3087;8352;6174;6174;
iNumb:; 9360;9261;8352;6174;6174;
iNumb:; 9361;8262;6354;3087;8352;6174;6174;
iNumb:; 9362;7263;5265;3996;6264;4176;6174;6174;
iNumb:; 9363;6264;4176;6174;6174;
iNumb:; 9364;6174;6174;
iNumb:; 9365;6084;8172;7443;3996;6264;4176;6174;6174;
iNumb:; 9366;5994;5355;1998;8082;8532;6174;6174;
iNumb:; 9367;6084;8172;7443;3996;6264;4176;6174;6174;
iNumb:; 9368;6174;6174;
iNumb:; 9369;6264;4176;6174;6174;
iNumb:; 9370;9351;8172;7443;3996;6264;4176;6174;6174;
iNumb:; 9371;8352;6174;6174;
iNumb:; 9372;7353;4176;6174;6174;
iNumb:; 9373;6354;3087;8352;6174;6174;
iNumb:; 9374;6264;4176;6174;6174;
iNumb:; 9375;6174;6174;
iNumb:; 9376;6084;8172;7443;3996;6264;4176;6174;6174;
iNumb:; 9377;5994;5355;1998;8082;8532;6174;6174;
iNumb:; 9378;6084;8172;7443;3996;6264;4176;6174;6174;
iNumb:; 9379;6174;6174;
iNumb:; 9380;9441;7992;7173;6354;3087;8352;6174;6174;
iNumb:; 9381;8442;5994;5355;1998;8082;8532;6174;6174;
iNumb:; 9382;7443;3996;6264;4176;6174;6174;
iNumb:; 9383;6444;1998;8082;8532;6174;6174;
iNumb:; 9384;6354;3087;8352;6174;6174;
iNumb:; 9385;6264;4176;6174;6174;
iNumb:; 9386;6174;6174;
iNumb:; 9387;6084;8172;7443;3996;6264;4176;6174;6174;
iNumb:; 9388;5994;5355;1998;8082;8532;6174;6174;
iNumb:; 9389;6084;8172;7443;3996;6264;4176;6174;6174;
iNumb:; 9390;9531;8172;7443;3996;6264;4176;6174;6174;
iNumb:; 9391;8532;6174;6174;
iNumb:; 9392;7533;4176;6174;6174;
iNumb:; 9393;6534;3087;8352;6174;6174;
iNumb:; 9394;6444;1998;8082;8532;6174;6174;
iNumb:; 9395;6354;3087;8352;6174;6174;
iNumb:; 9396;6264;4176;6174;6174;
iNumb:; 9397;6174;6174;
iNumb:; 9398;6084;8172;7443;3996;6264;4176;6174;6174;
iNumb:; 9399;5994;5355;1998;8082;8532;6174;6174;
iNumb:; 9400;9351;8172;7443;3996;6264;4176;6174;6174;
iNumb:; 9401;9261;8352;6174;6174;
iNumb:; 9402;9171;8532;6174;6174;
iNumb:; 9403;9081;9621;8352;6174;6174;
iNumb:; 9404;8991;8082;8532;6174;6174;
iNumb:; 9405;9081;9621;8352;6174;6174;
iNumb:; 9406;9171;8532;6174;6174;
iNumb:; 9407;9261;8352;6174;6174;
iNumb:; 9408;9351;8172;7443;3996;6264;4176;6174;6174;
iNumb:; 9409;9441;7992;7173;6354;3087;8352;6174;6174;
iNumb:; 9410;9261;8352;6174;6174;
iNumb:; 9411;8262;6354;3087;8352;6174;6174;
iNumb:; 9412;8172;7443;3996;6264;4176;6174;6174;
iNumb:; 9413;8082;8532;6174;6174;
iNumb:; 9414;7992;7173;6354;3087;8352;6174;6174;
iNumb:; 9415;8082;8532;6174;6174;
iNumb:; 9416;8172;7443;3996;6264;4176;6174;6174;
iNumb:; 9417;8262;6354;3087;8352;6174;6174;
iNumb:; 9418;8352;6174;6174;
iNumb:; 9419;8442;5994;5355;1998;8082;8532;6174;6174;
iNumb:; 9420;9171;8532;6174;6174;
iNumb:; 9421;8172;7443;3996;6264;4176;6174;6174;
iNumb:; 9422;7173;6354;3087;8352;6174;6174;
iNumb:; 9423;7083;8352;6174;6174;
iNumb:; 9424;6993;6264;4176;6174;6174;
iNumb:; 9425;7083;8352;6174;6174;
iNumb:; 9426;7173;6354;3087;8352;6174;6174;
iNumb:; 9427;7263;5265;3996;6264;4176;6174;6174;
iNumb:; 9428;7353;4176;6174;6174;
iNumb:; 9429;7443;3996;6264;4176;6174;6174;
iNumb:; 9430;9081;9621;8352;6174;6174;
iNumb:; 9431;8082;8532;6174;6174;
iNumb:; 9432;7083;8352;6174;6174;
iNumb:; 9433;6084;8172;7443;3996;6264;4176;6174;6174;
iNumb:; 9434;5994;5355;1998;8082;8532;6174;6174;
iNumb:; 9435;6084;8172;7443;3996;6264;4176;6174;6174;
iNumb:; 9436;6174;6174;
iNumb:; 9437;6264;4176;6174;6174;
iNumb:; 9438;6354;3087;8352;6174;6174;
iNumb:; 9439;6444;1998;8082;8532;6174;6174;
iNumb:; 9440;8991;8082;8532;6174;6174;
iNumb:; 9441;7992;7173;6354;3087;8352;6174;6174;
iNumb:; 9442;6993;6264;4176;6174;6174;
iNumb:; 9443;5994;5355;1998;8082;8532;6174;6174;
iNumb:; 9444;4995;5355;1998;8082;8532;6174;6174;
iNumb:; 9445;5085;7992;7173;6354;3087;8352;6174;6174;
iNumb:; 9446;5175;5994;5355;1998;8082;8532;6174;6174;
iNumb:; 9447;5265;3996;6264;4176;6174;6174;
iNumb:; 9448;5355;1998;8082;8532;6174;6174;
iNumb:; 9449;5445;1089;9621;8352;6174;6174;
iNumb:; 9450;9081;9621;8352;6174;6174;
iNumb:; 9451;8082;8532;6174;6174;
iNumb:; 9452;7083;8352;6174;6174;
iNumb:; 9453;6084;8172;7443;3996;6264;4176;6174;6174;
iNumb:; 9454;5085;7992;7173;6354;3087;8352;6174;6174;
iNumb:; 9455;4995;5355;1998;8082;8532;6174;6174;
iNumb:; 9456;5085;7992;7173;6354;3087;8352;6174;6174;
iNumb:; 9457;5175;5994;5355;1998;8082;8532;6174;6174;
iNumb:; 9458;5265;3996;6264;4176;6174;6174;
iNumb:; 9459;5355;1998;8082;8532;6174;6174;
iNumb:; 9460;9171;8532;6174;6174;
iNumb:; 9461;8172;7443;3996;6264;4176;6174;6174;
iNumb:; 9462;7173;6354;3087;8352;6174;6174;
iNumb:; 9463;6174;6174;
iNumb:; 9464;5175;5994;5355;1998;8082;8532;6174;6174;
iNumb:; 9465;5085;7992;7173;6354;3087;8352;6174;6174;
iNumb:; 9466;4995;5355;1998;8082;8532;6174;6174;
iNumb:; 9467;5085;7992;7173;6354;3087;8352;6174;6174;
iNumb:; 9468;5175;5994;5355;1998;8082;8532;6174;6174;
iNumb:; 9469;5265;3996;6264;4176;6174;6174;
iNumb:; 9470;9261;8352;6174;6174;
iNumb:; 9471;8262;6354;3087;8352;6174;6174;
iNumb:; 9472;7263;5265;3996;6264;4176;6174;6174;
iNumb:; 9473;6264;4176;6174;6174;
iNumb:; 9474;5265;3996;6264;4176;6174;6174;
iNumb:; 9475;5175;5994;5355;1998;8082;8532;6174;6174;
iNumb:; 9476;5085;7992;7173;6354;3087;8352;6174;6174;
iNumb:; 9477;4995;5355;1998;8082;8532;6174;6174;
iNumb:; 9478;5085;7992;7173;6354;3087;8352;6174;6174;
iNumb:; 9479;5175;5994;5355;1998;8082;8532;6174;6174;
iNumb:; 9480;9351;8172;7443;3996;6264;4176;6174;6174;
iNumb:; 9481;8352;6174;6174;
iNumb:; 9482;7353;4176;6174;6174;
iNumb:; 9483;6354;3087;8352;6174;6174;
iNumb:; 9484;5355;1998;8082;8532;6174;6174;
iNumb:; 9485;5265;3996;6264;4176;6174;6174;
iNumb:; 9486;5175;5994;5355;1998;8082;8532;6174;6174;
iNumb:; 9487;5085;7992;7173;6354;3087;8352;6174;6174;
iNumb:; 9488;4995;5355;1998;8082;8532;6174;6174;
iNumb:; 9489;5085;7992;7173;6354;3087;8352;6174;6174;
iNumb:; 9490;9441;7992;7173;6354;3087;8352;6174;6174;
iNumb:; 9491;8442;5994;5355;1998;8082;8532;6174;6174;
iNumb:; 9492;7443;3996;6264;4176;6174;6174;
iNumb:; 9493;6444;1998;8082;8532;6174;6174;
iNumb:; 9494;5445;1089;9621;8352;6174;6174;
iNumb:; 9495;5355;1998;8082;8532;6174;6174;
iNumb:; 9496;5265;3996;6264;4176;6174;6174;
iNumb:; 9497;5175;5994;5355;1998;8082;8532;6174;6174;
iNumb:; 9498;5085;7992;7173;6354;3087;8352;6174;6174;
iNumb:; 9499;4995;5355;1998;8082;8532;6174;6174;
iNumb:; 9500;9441;7992;7173;6354;3087;8352;6174;6174;
iNumb:; 9501;9351;8172;7443;3996;6264;4176;6174;6174;
iNumb:; 9502;9261;8352;6174;6174;
iNumb:; 9503;9171;8532;6174;6174;
iNumb:; 9504;9081;9621;8352;6174;6174;
iNumb:; 9505;8991;8082;8532;6174;6174;
iNumb:; 9506;9081;9621;8352;6174;6174;
iNumb:; 9507;9171;8532;6174;6174;
iNumb:; 9508;9261;8352;6174;6174;
iNumb:; 9509;9351;8172;7443;3996;6264;4176;6174;6174;
iNumb:; 9510;9351;8172;7443;3996;6264;4176;6174;6174;
iNumb:; 9511;8352;6174;6174;
iNumb:; 9512;8262;6354;3087;8352;6174;6174;
iNumb:; 9513;8172;7443;3996;6264;4176;6174;6174;
iNumb:; 9514;8082;8532;6174;6174;
iNumb:; 9515;7992;7173;6354;3087;8352;6174;6174;
iNumb:; 9516;8082;8532;6174;6174;
iNumb:; 9517;8172;7443;3996;6264;4176;6174;6174;
iNumb:; 9518;8262;6354;3087;8352;6174;6174;
iNumb:; 9519;8352;6174;6174;
iNumb:; 9520;9261;8352;6174;6174;
iNumb:; 9521;8262;6354;3087;8352;6174;6174;
iNumb:; 9522;7263;5265;3996;6264;4176;6174;6174;
iNumb:; 9523;7173;6354;3087;8352;6174;6174;
iNumb:; 9524;7083;8352;6174;6174;
iNumb:; 9525;6993;6264;4176;6174;6174;
iNumb:; 9526;7083;8352;6174;6174;
iNumb:; 9527;7173;6354;3087;8352;6174;6174;
iNumb:; 9528;7263;5265;3996;6264;4176;6174;6174;
iNumb:; 9529;7353;4176;6174;6174;
iNumb:; 9530;9171;8532;6174;6174;
iNumb:; 9531;8172;7443;3996;6264;4176;6174;6174;
iNumb:; 9532;7173;6354;3087;8352;6174;6174;
iNumb:; 9533;6174;6174;
iNumb:; 9534;6084;8172;7443;3996;6264;4176;6174;6174;
iNumb:; 9535;5994;5355;1998;8082;8532;6174;6174;
iNumb:; 9536;6084;8172;7443;3996;6264;4176;6174;6174;
iNumb:; 9537;6174;6174;
iNumb:; 9538;6264;4176;6174;6174;
iNumb:; 9539;6354;3087;8352;6174;6174;
iNumb:; 9540;9081;9621;8352;6174;6174;
iNumb:; 9541;8082;8532;6174;6174;
iNumb:; 9542;7083;8352;6174;6174;
iNumb:; 9543;6084;8172;7443;3996;6264;4176;6174;6174;
iNumb:; 9544;5085;7992;7173;6354;3087;8352;6174;6174;
iNumb:; 9545;4995;5355;1998;8082;8532;6174;6174;
iNumb:; 9546;5085;7992;7173;6354;3087;8352;6174;6174;
iNumb:; 9547;5175;5994;5355;1998;8082;8532;6174;6174;
iNumb:; 9548;5265;3996;6264;4176;6174;6174;
iNumb:; 9549;5355;1998;8082;8532;6174;6174;
iNumb:; 9550;8991;8082;8532;6174;6174;
iNumb:; 9551;7992;7173;6354;3087;8352;6174;6174;
iNumb:; 9552;6993;6264;4176;6174;6174;
iNumb:; 9553;5994;5355;1998;8082;8532;6174;6174;
iNumb:; 9554;4995;5355;1998;8082;8532;6174;6174;
iNumb:; 9555;3996;6264;4176;6174;6174;
iNumb:; 9556;4086;8172;7443;3996;6264;4176;6174;6174;
iNumb:; 9557;4176;6174;6174;
iNumb:; 9558;4266;4176;6174;6174;
iNumb:; 9559;4356;3087;8352;6174;6174;
iNumb:; 9560;9081;9621;8352;6174;6174;
iNumb:; 9561;8082;8532;6174;6174;
iNumb:; 9562;7083;8352;6174;6174;
iNumb:; 9563;6084;8172;7443;3996;6264;4176;6174;6174;
iNumb:; 9564;5085;7992;7173;6354;3087;8352;6174;6174;
iNumb:; 9565;4086;8172;7443;3996;6264;4176;6174;6174;
iNumb:; 9566;3996;6264;4176;6174;6174;
iNumb:; 9567;4086;8172;7443;3996;6264;4176;6174;6174;
iNumb:; 9568;4176;6174;6174;
iNumb:; 9569;4266;4176;6174;6174;
iNumb:; 9570;9171;8532;6174;6174;
iNumb:; 9571;8172;7443;3996;6264;4176;6174;6174;
iNumb:; 9572;7173;6354;3087;8352;6174;6174;
iNumb:; 9573;6174;6174;
iNumb:; 9574;5175;5994;5355;1998;8082;8532;6174;6174;
iNumb:; 9575;4176;6174;6174;
iNumb:; 9576;4086;8172;7443;3996;6264;4176;6174;6174;
iNumb:; 9577;3996;6264;4176;6174;6174;
iNumb:; 9578;4086;8172;7443;3996;6264;4176;6174;6174;
iNumb:; 9579;4176;6174;6174;
iNumb:; 9580;9261;8352;6174;6174;
iNumb:; 9581;8262;6354;3087;8352;6174;6174;
iNumb:; 9582;7263;5265;3996;6264;4176;6174;6174;
iNumb:; 9583;6264;4176;6174;6174;
iNumb:; 9584;5265;3996;6264;4176;6174;6174;
iNumb:; 9585;4266;4176;6174;6174;
iNumb:; 9586;4176;6174;6174;
iNumb:; 9587;4086;8172;7443;3996;6264;4176;6174;6174;
iNumb:; 9588;3996;6264;4176;6174;6174;
iNumb:; 9589;4086;8172;7443;3996;6264;4176;6174;6174;
iNumb:; 9590;9351;8172;7443;3996;6264;4176;6174;6174;
iNumb:; 9591;8352;6174;6174;
iNumb:; 9592;7353;4176;6174;6174;
iNumb:; 9593;6354;3087;8352;6174;6174;
iNumb:; 9594;5355;1998;8082;8532;6174;6174;
iNumb:; 9595;4356;3087;8352;6174;6174;
iNumb:; 9596;4266;4176;6174;6174;
iNumb:; 9597;4176;6174;6174;
iNumb:; 9598;4086;8172;7443;3996;6264;4176;6174;6174;
iNumb:; 9599;3996;6264;4176;6174;6174;
iNumb:; 9600;9531;8172;7443;3996;6264;4176;6174;6174;
iNumb:; 9601;9441;7992;7173;6354;3087;8352;6174;6174;
iNumb:; 9602;9351;8172;7443;3996;6264;4176;6174;6174;
iNumb:; 9603;9261;8352;6174;6174;
iNumb:; 9604;9171;8532;6174;6174;
iNumb:; 9605;9081;9621;8352;6174;6174;
iNumb:; 9606;8991;8082;8532;6174;6174;
iNumb:; 9607;9081;9621;8352;6174;6174;
iNumb:; 9608;9171;8532;6174;6174;
iNumb:; 9609;9261;8352;6174;6174;
iNumb:; 9610;9441;7992;7173;6354;3087;8352;6174;6174;
iNumb:; 9611;8442;5994;5355;1998;8082;8532;6174;6174;
iNumb:; 9612;8352;6174;6174;
iNumb:; 9613;8262;6354;3087;8352;6174;6174;
iNumb:; 9614;8172;7443;3996;6264;4176;6174;6174;
iNumb:; 9615;8082;8532;6174;6174;
iNumb:; 9616;7992;7173;6354;3087;8352;6174;6174;
iNumb:; 9617;8082;8532;6174;6174;
iNumb:; 9618;8172;7443;3996;6264;4176;6174;6174;
iNumb:; 9619;8262;6354;3087;8352;6174;6174;
iNumb:; 9620;9351;8172;7443;3996;6264;4176;6174;6174;
iNumb:; 9621;8352;6174;6174;
iNumb:; 9622;7353;4176;6174;6174;
iNumb:; 9623;7263;5265;3996;6264;4176;6174;6174;
iNumb:; 9624;7173;6354;3087;8352;6174;6174;
iNumb:; 9625;7083;8352;6174;6174;
iNumb:; 9626;6993;6264;4176;6174;6174;
iNumb:; 9627;7083;8352;6174;6174;
iNumb:; 9628;7173;6354;3087;8352;6174;6174;
iNumb:; 9629;7263;5265;3996;6264;4176;6174;6174;
iNumb:; 9630;9261;8352;6174;6174;
iNumb:; 9631;8262;6354;3087;8352;6174;6174;
iNumb:; 9632;7263;5265;3996;6264;4176;6174;6174;
iNumb:; 9633;6264;4176;6174;6174;
iNumb:; 9634;6174;6174;
iNumb:; 9635;6084;8172;7443;3996;6264;4176;6174;6174;
iNumb:; 9636;5994;5355;1998;8082;8532;6174;6174;
iNumb:; 9637;6084;8172;7443;3996;6264;4176;6174;6174;
iNumb:; 9638;6174;6174;
iNumb:; 9639;6264;4176;6174;6174;
iNumb:; 9640;9171;8532;6174;6174;
iNumb:; 9641;8172;7443;3996;6264;4176;6174;6174;
iNumb:; 9642;7173;6354;3087;8352;6174;6174;
iNumb:; 9643;6174;6174;
iNumb:; 9644;5175;5994;5355;1998;8082;8532;6174;6174;
iNumb:; 9645;5085;7992;7173;6354;3087;8352;6174;6174;
iNumb:; 9646;4995;5355;1998;8082;8532;6174;6174;
iNumb:; 9647;5085;7992;7173;6354;3087;8352;6174;6174;
iNumb:; 9648;5175;5994;5355;1998;8082;8532;6174;6174;
iNumb:; 9649;5265;3996;6264;4176;6174;6174;
iNumb:; 9650;9081;9621;8352;6174;6174;
iNumb:; 9651;8082;8532;6174;6174;
iNumb:; 9652;7083;8352;6174;6174;
iNumb:; 9653;6084;8172;7443;3996;6264;4176;6174;6174;
iNumb:; 9654;5085;7992;7173;6354;3087;8352;6174;6174;
iNumb:; 9655;4086;8172;7443;3996;6264;4176;6174;6174;
iNumb:; 9656;3996;6264;4176;6174;6174;
iNumb:; 9657;4086;8172;7443;3996;6264;4176;6174;6174;
iNumb:; 9658;4176;6174;6174;
iNumb:; 9659;4266;4176;6174;6174;
iNumb:; 9660;8991;8082;8532;6174;6174;
iNumb:; 9661;7992;7173;6354;3087;8352;6174;6174;
iNumb:; 9662;6993;6264;4176;6174;6174;
iNumb:; 9663;5994;5355;1998;8082;8532;6174;6174;
iNumb:; 9664;4995;5355;1998;8082;8532;6174;6174;
iNumb:; 9665;3996;6264;4176;6174;6174;
iNumb:; 9666;2997;7173;6354;3087;8352;6174;6174;
iNumb:; 9667;3087;8352;6174;6174;
iNumb:; 9668;3177;6354;3087;8352;6174;6174;
iNumb:; 9669;3267;5265;3996;6264;4176;6174;6174;
iNumb:; 9670;9081;9621;8352;6174;6174;
iNumb:; 9671;8082;8532;6174;6174;
iNumb:; 9672;7083;8352;6174;6174;
iNumb:; 9673;6084;8172;7443;3996;6264;4176;6174;6174;
iNumb:; 9674;5085;7992;7173;6354;3087;8352;6174;6174;
iNumb:; 9675;4086;8172;7443;3996;6264;4176;6174;6174;
iNumb:; 9676;3087;8352;6174;6174;
iNumb:; 9677;2997;7173;6354;3087;8352;6174;6174;
iNumb:; 9678;3087;8352;6174;6174;
iNumb:; 9679;3177;6354;3087;8352;6174;6174;
iNumb:; 9680;9171;8532;6174;6174;
iNumb:; 9681;8172;7443;3996;6264;4176;6174;6174;
iNumb:; 9682;7173;6354;3087;8352;6174;6174;
iNumb:; 9683;6174;6174;
iNumb:; 9684;5175;5994;5355;1998;8082;8532;6174;6174;
iNumb:; 9685;4176;6174;6174;
iNumb:; 9686;3177;6354;3087;8352;6174;6174;
iNumb:; 9687;3087;8352;6174;6174;
iNumb:; 9688;2997;7173;6354;3087;8352;6174;6174;
iNumb:; 9689;3087;8352;6174;6174;
iNumb:; 9690;9261;8352;6174;6174;
iNumb:; 9691;8262;6354;3087;8352;6174;6174;
iNumb:; 9692;7263;5265;3996;6264;4176;6174;6174;
iNumb:; 9693;6264;4176;6174;6174;
iNumb:; 9694;5265;3996;6264;4176;6174;6174;
iNumb:; 9695;4266;4176;6174;6174;
iNumb:; 9696;3267;5265;3996;6264;4176;6174;6174;
iNumb:; 9697;3177;6354;3087;8352;6174;6174;
iNumb:; 9698;3087;8352;6174;6174;
iNumb:; 9699;2997;7173;6354;3087;8352;6174;6174;
iNumb:; 9700;9621;8352;6174;6174;
iNumb:; 9701;9531;8172;7443;3996;6264;4176;6174;6174;
iNumb:; 9702;9441;7992;7173;6354;3087;8352;6174;6174;
iNumb:; 9703;9351;8172;7443;3996;6264;4176;6174;6174;
iNumb:; 9704;9261;8352;6174;6174;
iNumb:; 9705;9171;8532;6174;6174;
iNumb:; 9706;9081;9621;8352;6174;6174;
iNumb:; 9707;8991;8082;8532;6174;6174;
iNumb:; 9708;9081;9621;8352;6174;6174;
iNumb:; 9709;9171;8532;6174;6174;
iNumb:; 9710;9531;8172;7443;3996;6264;4176;6174;6174;
iNumb:; 9711;8532;6174;6174;
iNumb:; 9712;8442;5994;5355;1998;8082;8532;6174;6174;
iNumb:; 9713;8352;6174;6174;
iNumb:; 9714;8262;6354;3087;8352;6174;6174;
iNumb:; 9715;8172;7443;3996;6264;4176;6174;6174;
iNumb:; 9716;8082;8532;6174;6174;
iNumb:; 9717;7992;7173;6354;3087;8352;6174;6174;
iNumb:; 9718;8082;8532;6174;6174;
iNumb:; 9719;8172;7443;3996;6264;4176;6174;6174;
iNumb:; 9720;9441;7992;7173;6354;3087;8352;6174;6174;
iNumb:; 9721;8442;5994;5355;1998;8082;8532;6174;6174;
iNumb:; 9722;7443;3996;6264;4176;6174;6174;
iNumb:; 9723;7353;4176;6174;6174;
iNumb:; 9724;7263;5265;3996;6264;4176;6174;6174;
iNumb:; 9725;7173;6354;3087;8352;6174;6174;
iNumb:; 9726;7083;8352;6174;6174;
iNumb:; 9727;6993;6264;4176;6174;6174;
iNumb:; 9728;7083;8352;6174;6174;
iNumb:; 9729;7173;6354;3087;8352;6174;6174;
iNumb:; 9730;9351;8172;7443;3996;6264;4176;6174;6174;
iNumb:; 9731;8352;6174;6174;
iNumb:; 9732;7353;4176;6174;6174;
iNumb:; 9733;6354;3087;8352;6174;6174;
iNumb:; 9734;6264;4176;6174;6174;
iNumb:; 9735;6174;6174;
iNumb:; 9736;6084;8172;7443;3996;6264;4176;6174;6174;
iNumb:; 9737;5994;5355;1998;8082;8532;6174;6174;
iNumb:; 9738;6084;8172;7443;3996;6264;4176;6174;6174;
iNumb:; 9739;6174;6174;
iNumb:; 9740;9261;8352;6174;6174;
iNumb:; 9741;8262;6354;3087;8352;6174;6174;
iNumb:; 9742;7263;5265;3996;6264;4176;6174;6174;
iNumb:; 9743;6264;4176;6174;6174;
iNumb:; 9744;5265;3996;6264;4176;6174;6174;
iNumb:; 9745;5175;5994;5355;1998;8082;8532;6174;6174;
iNumb:; 9746;5085;7992;7173;6354;3087;8352;6174;6174;
iNumb:; 9747;4995;5355;1998;8082;8532;6174;6174;
iNumb:; 9748;5085;7992;7173;6354;3087;8352;6174;6174;
iNumb:; 9749;5175;5994;5355;1998;8082;8532;6174;6174;
iNumb:; 9750;9171;8532;6174;6174;
iNumb:; 9751;8172;7443;3996;6264;4176;6174;6174;
iNumb:; 9752;7173;6354;3087;8352;6174;6174;
iNumb:; 9753;6174;6174;
iNumb:; 9754;5175;5994;5355;1998;8082;8532;6174;6174;
iNumb:; 9755;4176;6174;6174;
iNumb:; 9756;4086;8172;7443;3996;6264;4176;6174;6174;
iNumb:; 9757;3996;6264;4176;6174;6174;
iNumb:; 9758;4086;8172;7443;3996;6264;4176;6174;6174;
iNumb:; 9759;4176;6174;6174;
iNumb:; 9760;9081;9621;8352;6174;6174;
iNumb:; 9761;8082;8532;6174;6174;
iNumb:; 9762;7083;8352;6174;6174;
iNumb:; 9763;6084;8172;7443;3996;6264;4176;6174;6174;
iNumb:; 9764;5085;7992;7173;6354;3087;8352;6174;6174;
iNumb:; 9765;4086;8172;7443;3996;6264;4176;6174;6174;
iNumb:; 9766;3087;8352;6174;6174;
iNumb:; 9767;2997;7173;6354;3087;8352;6174;6174;
iNumb:; 9768;3087;8352;6174;6174;
iNumb:; 9769;3177;6354;3087;8352;6174;6174;
iNumb:; 9770;8991;8082;8532;6174;6174;
iNumb:; 9771;7992;7173;6354;3087;8352;6174;6174;
iNumb:; 9772;6993;6264;4176;6174;6174;
iNumb:; 9773;5994;5355;1998;8082;8532;6174;6174;
iNumb:; 9774;4995;5355;1998;8082;8532;6174;6174;
iNumb:; 9775;3996;6264;4176;6174;6174;
iNumb:; 9776;2997;7173;6354;3087;8352;6174;6174;
iNumb:; 9777;1998;8082;8532;6174;6174;
iNumb:; 9778;2088;8532;6174;6174;
iNumb:; 9779;2178;7443;3996;6264;4176;6174;6174;
iNumb:; 9780;9081;9621;8352;6174;6174;
iNumb:; 9781;8082;8532;6174;6174;
iNumb:; 9782;7083;8352;6174;6174;
iNumb:; 9783;6084;8172;7443;3996;6264;4176;6174;6174;
iNumb:; 9784;5085;7992;7173;6354;3087;8352;6174;6174;
iNumb:; 9785;4086;8172;7443;3996;6264;4176;6174;6174;
iNumb:; 9786;3087;8352;6174;6174;
iNumb:; 9787;2088;8532;6174;6174;
iNumb:; 9788;1998;8082;8532;6174;6174;
iNumb:; 9789;2088;8532;6174;6174;
iNumb:; 9790;9171;8532;6174;6174;
iNumb:; 9791;8172;7443;3996;6264;4176;6174;6174;
iNumb:; 9792;7173;6354;3087;8352;6174;6174;
iNumb:; 9793;6174;6174;
iNumb:; 9794;5175;5994;5355;1998;8082;8532;6174;6174;
iNumb:; 9795;4176;6174;6174;
iNumb:; 9796;3177;6354;3087;8352;6174;6174;
iNumb:; 9797;2178;7443;3996;6264;4176;6174;6174;
iNumb:; 9798;2088;8532;6174;6174;
iNumb:; 9799;1998;8082;8532;6174;6174;
iNumb:; 9800;9711;8532;6174;6174;
iNumb:; 9801;9621;8352;6174;6174;
iNumb:; 9802;9531;8172;7443;3996;6264;4176;6174;6174;
iNumb:; 9803;9441;7992;7173;6354;3087;8352;6174;6174;
iNumb:; 9804;9351;8172;7443;3996;6264;4176;6174;6174;
iNumb:; 9805;9261;8352;6174;6174;
iNumb:; 9806;9171;8532;6174;6174;
iNumb:; 9807;9081;9621;8352;6174;6174;
iNumb:; 9808;8991;8082;8532;6174;6174;
iNumb:; 9809;9081;9621;8352;6174;6174;
iNumb:; 9810;9621;8352;6174;6174;
iNumb:; 9811;8622;6354;3087;8352;6174;6174;
iNumb:; 9812;8532;6174;6174;
iNumb:; 9813;8442;5994;5355;1998;8082;8532;6174;6174;
iNumb:; 9814;8352;6174;6174;
iNumb:; 9815;8262;6354;3087;8352;6174;6174;
iNumb:; 9816;8172;7443;3996;6264;4176;6174;6174;
iNumb:; 9817;8082;8532;6174;6174;
iNumb:; 9818;7992;7173;6354;3087;8352;6174;6174;
iNumb:; 9819;8082;8532;6174;6174;
iNumb:; 9820;9531;8172;7443;3996;6264;4176;6174;6174;
iNumb:; 9821;8532;6174;6174;
iNumb:; 9822;7533;4176;6174;6174;
iNumb:; 9823;7443;3996;6264;4176;6174;6174;
iNumb:; 9824;7353;4176;6174;6174;
iNumb:; 9825;7263;5265;3996;6264;4176;6174;6174;
iNumb:; 9826;7173;6354;3087;8352;6174;6174;
iNumb:; 9827;7083;8352;6174;6174;
iNumb:; 9828;6993;6264;4176;6174;6174;
iNumb:; 9829;7083;8352;6174;6174;
iNumb:; 9830;9441;7992;7173;6354;3087;8352;6174;6174;
iNumb:; 9831;8442;5994;5355;1998;8082;8532;6174;6174;
iNumb:; 9832;7443;3996;6264;4176;6174;6174;
iNumb:; 9833;6444;1998;8082;8532;6174;6174;
iNumb:; 9834;6354;3087;8352;6174;6174;
iNumb:; 9835;6264;4176;6174;6174;
iNumb:; 9836;6174;6174;
iNumb:; 9837;6084;8172;7443;3996;6264;4176;6174;6174;
iNumb:; 9838;5994;5355;1998;8082;8532;6174;6174;
iNumb:; 9839;6084;8172;7443;3996;6264;4176;6174;6174;
iNumb:; 9840;9351;8172;7443;3996;6264;4176;6174;6174;
iNumb:; 9841;8352;6174;6174;
iNumb:; 9842;7353;4176;6174;6174;
iNumb:; 9843;6354;3087;8352;6174;6174;
iNumb:; 9844;5355;1998;8082;8532;6174;6174;
iNumb:; 9845;5265;3996;6264;4176;6174;6174;
iNumb:; 9846;5175;5994;5355;1998;8082;8532;6174;6174;
iNumb:; 9847;5085;7992;7173;6354;3087;8352;6174;6174;
iNumb:; 9848;4995;5355;1998;8082;8532;6174;6174;
iNumb:; 9849;5085;7992;7173;6354;3087;8352;6174;6174;
iNumb:; 9850;9261;8352;6174;6174;
iNumb:; 9851;8262;6354;3087;8352;6174;6174;
iNumb:; 9852;7263;5265;3996;6264;4176;6174;6174;
iNumb:; 9853;6264;4176;6174;6174;
iNumb:; 9854;5265;3996;6264;4176;6174;6174;
iNumb:; 9855;4266;4176;6174;6174;
iNumb:; 9856;4176;6174;6174;
iNumb:; 9857;4086;8172;7443;3996;6264;4176;6174;6174;
iNumb:; 9858;3996;6264;4176;6174;6174;
iNumb:; 9859;4086;8172;7443;3996;6264;4176;6174;6174;
iNumb:; 9860;9171;8532;6174;6174;
iNumb:; 9861;8172;7443;3996;6264;4176;6174;6174;
iNumb:; 9862;7173;6354;3087;8352;6174;6174;
iNumb:; 9863;6174;6174;
iNumb:; 9864;5175;5994;5355;1998;8082;8532;6174;6174;
iNumb:; 9865;4176;6174;6174;
iNumb:; 9866;3177;6354;3087;8352;6174;6174;
iNumb:; 9867;3087;8352;6174;6174;
iNumb:; 9868;2997;7173;6354;3087;8352;6174;6174;
iNumb:; 9869;3087;8352;6174;6174;
iNumb:; 9870;9081;9621;8352;6174;6174;
iNumb:; 9871;8082;8532;6174;6174;
iNumb:; 9872;7083;8352;6174;6174;
iNumb:; 9873;6084;8172;7443;3996;6264;4176;6174;6174;
iNumb:; 9874;5085;7992;7173;6354;3087;8352;6174;6174;
iNumb:; 9875;4086;8172;7443;3996;6264;4176;6174;6174;
iNumb:; 9876;3087;8352;6174;6174;
iNumb:; 9877;2088;8532;6174;6174;
iNumb:; 9878;1998;8082;8532;6174;6174;
iNumb:; 9879;2088;8532;6174;6174;
iNumb:; 9880;8991;8082;8532;6174;6174;
iNumb:; 9881;7992;7173;6354;3087;8352;6174;6174;
iNumb:; 9882;6993;6264;4176;6174;6174;
iNumb:; 9883;5994;5355;1998;8082;8532;6174;6174;
iNumb:; 9884;4995;5355;1998;8082;8532;6174;6174;
iNumb:; 9885;3996;6264;4176;6174;6174;
iNumb:; 9886;2997;7173;6354;3087;8352;6174;6174;
iNumb:; 9887;1998;8082;8532;6174;6174;
iNumb:; 9888;999;8991;8082;8532;6174;6174;
iNumb:; 9889;1089;9621;8352;6174;6174;
iNumb:; 9890;9081;9621;8352;6174;6174;
iNumb:; 9891;8082;8532;6174;6174;
iNumb:; 9892;7083;8352;6174;6174;
iNumb:; 9893;6084;8172;7443;3996;6264;4176;6174;6174;
iNumb:; 9894;5085;7992;7173;6354;3087;8352;6174;6174;
iNumb:; 9895;4086;8172;7443;3996;6264;4176;6174;6174;
iNumb:; 9896;3087;8352;6174;6174;
iNumb:; 9897;2088;8532;6174;6174;
iNumb:; 9898;1089;9621;8352;6174;6174;
iNumb:; 9899;999;8991;8082;8532;6174;6174;
iNumb:; 9900;9801;9621;8352;6174;6174;
iNumb:; 9901;9711;8532;6174;6174;
iNumb:; 9902;9621;8352;6174;6174;
iNumb:; 9903;9531;8172;7443;3996;6264;4176;6174;6174;
iNumb:; 9904;9441;7992;7173;6354;3087;8352;6174;6174;
iNumb:; 9905;9351;8172;7443;3996;6264;4176;6174;6174;
iNumb:; 9906;9261;8352;6174;6174;
iNumb:; 9907;9171;8532;6174;6174;
iNumb:; 9908;9081;9621;8352;6174;6174;
iNumb:; 9909;8991;8082;8532;6174;6174;
iNumb:; 9910;9711;8532;6174;6174;
iNumb:; 9911;8712;7443;3996;6264;4176;6174;6174;
iNumb:; 9912;8622;6354;3087;8352;6174;6174;
iNumb:; 9913;8532;6174;6174;
iNumb:; 9914;8442;5994;5355;1998;8082;8532;6174;6174;
iNumb:; 9915;8352;6174;6174;
iNumb:; 9916;8262;6354;3087;8352;6174;6174;
iNumb:; 9917;8172;7443;3996;6264;4176;6174;6174;
iNumb:; 9918;8082;8532;6174;6174;
iNumb:; 9919;7992;7173;6354;3087;8352;6174;6174;
iNumb:; 9920;9621;8352;6174;6174;
iNumb:; 9921;8622;6354;3087;8352;6174;6174;
iNumb:; 9922;7623;5265;3996;6264;4176;6174;6174;
iNumb:; 9923;7533;4176;6174;6174;
iNumb:; 9924;7443;3996;6264;4176;6174;6174;
iNumb:; 9925;7353;4176;6174;6174;
iNumb:; 9926;7263;5265;3996;6264;4176;6174;6174;
iNumb:; 9927;7173;6354;3087;8352;6174;6174;
iNumb:; 9928;7083;8352;6174;6174;
iNumb:; 9929;6993;6264;4176;6174;6174;
iNumb:; 9930;9531;8172;7443;3996;6264;4176;6174;6174;
iNumb:; 9931;8532;6174;6174;
iNumb:; 9932;7533;4176;6174;6174;
iNumb:; 9933;6534;3087;8352;6174;6174;
iNumb:; 9934;6444;1998;8082;8532;6174;6174;
iNumb:; 9935;6354;3087;8352;6174;6174;
iNumb:; 9936;6264;4176;6174;6174;
iNumb:; 9937;6174;6174;
iNumb:; 9938;6084;8172;7443;3996;6264;4176;6174;6174;
iNumb:; 9939;5994;5355;1998;8082;8532;6174;6174;
iNumb:; 9940;9441;7992;7173;6354;3087;8352;6174;6174;
iNumb:; 9941;8442;5994;5355;1998;8082;8532;6174;6174;
iNumb:; 9942;7443;3996;6264;4176;6174;6174;
iNumb:; 9943;6444;1998;8082;8532;6174;6174;
iNumb:; 9944;5445;1089;9621;8352;6174;6174;
iNumb:; 9945;5355;1998;8082;8532;6174;6174;
iNumb:; 9946;5265;3996;6264;4176;6174;6174;
iNumb:; 9947;5175;5994;5355;1998;8082;8532;6174;6174;
iNumb:; 9948;5085;7992;7173;6354;3087;8352;6174;6174;
iNumb:; 9949;4995;5355;1998;8082;8532;6174;6174;
iNumb:; 9950;9351;8172;7443;3996;6264;4176;6174;6174;
iNumb:; 9951;8352;6174;6174;
iNumb:; 9952;7353;4176;6174;6174;
iNumb:; 9953;6354;3087;8352;6174;6174;
iNumb:; 9954;5355;1998;8082;8532;6174;6174;
iNumb:; 9955;4356;3087;8352;6174;6174;
iNumb:; 9956;4266;4176;6174;6174;
iNumb:; 9957;4176;6174;6174;
iNumb:; 9958;4086;8172;7443;3996;6264;4176;6174;6174;
iNumb:; 9959;3996;6264;4176;6174;6174;
iNumb:; 9960;9261;8352;6174;6174;
iNumb:; 9961;8262;6354;3087;8352;6174;6174;
iNumb:; 9962;7263;5265;3996;6264;4176;6174;6174;
iNumb:; 9963;6264;4176;6174;6174;
iNumb:; 9964;5265;3996;6264;4176;6174;6174;
iNumb:; 9965;4266;4176;6174;6174;
iNumb:; 9966;3267;5265;3996;6264;4176;6174;6174;
iNumb:; 9967;3177;6354;3087;8352;6174;6174;
iNumb:; 9968;3087;8352;6174;6174;
iNumb:; 9969;2997;7173;6354;3087;8352;6174;6174;
iNumb:; 9970;9171;8532;6174;6174;
iNumb:; 9971;8172;7443;3996;6264;4176;6174;6174;
iNumb:; 9972;7173;6354;3087;8352;6174;6174;
iNumb:; 9973;6174;6174;
iNumb:; 9974;5175;5994;5355;1998;8082;8532;6174;6174;
iNumb:; 9975;4176;6174;6174;
iNumb:; 9976;3177;6354;3087;8352;6174;6174;
iNumb:; 9977;2178;7443;3996;6264;4176;6174;6174;
iNumb:; 9978;2088;8532;6174;6174;
iNumb:; 9979;1998;8082;8532;6174;6174;
iNumb:; 9980;9081;9621;8352;6174;6174;
iNumb:; 9981;8082;8532;6174;6174;
iNumb:; 9982;7083;8352;6174;6174;
iNumb:; 9983;6084;8172;7443;3996;6264;4176;6174;6174;
iNumb:; 9984;5085;7992;7173;6354;3087;8352;6174;6174;
iNumb:; 9985;4086;8172;7443;3996;6264;4176;6174;6174;
iNumb:; 9986;3087;8352;6174;6174;
iNumb:; 9987;2088;8532;6174;6174;
iNumb:; 9988;1089;9621;8352;6174;6174;
iNumb:; 9989;999;8991;8082;8532;6174;6174;
iNumb:; 9990;8991;8082;8532;6174;6174;
iNumb:; 9991;7992;7173;6354;3087;8352;6174;6174;
iNumb:; 9992;6993;6264;4176;6174;6174;
iNumb:; 9993;5994;5355;1998;8082;8532;6174;6174;
iNumb:; 9994;4995;5355;1998;8082;8532;6174;6174;
iNumb:; 9995;3996;6264;4176;6174;6174;
iNumb:; 9996;2997;7173;6354;3087;8352;6174;6174;
iNumb:; 9997;1998;8082;8532;6174;6174;
iNumb:; 9998;999;8991;8082;8532;6174;6174;









