iNumb:; 1;1000;9990;9981;8820;8532;7641;
;;1;999;1899;288;2358;1467;
;;999;8991;8082;8532;6174;6174;
iNumb:; 2;2000;9981;8820;8532;7641;
;;2;1899;288;2358;1467;
;;1998;8082;8532;6174;6174;
iNumb:; 3;3000;9972;7731;6543;8730;8532;7641;
;;3;2799;1377;3456;378;2358;1467;
;;2997;7173;6354;3087;8352;6174;6174;
iNumb:; 4;4000;9963;6642;7641;7641;
;;4;3699;2466;1467;1467;
;;3996;6264;4176;6174;6174;
iNumb:; 5;5000;9954;5553;9981;8820;8532;7641;
;;5;4599;3555;1899;288;2358;1467;
;;4995;5355;1998;8082;8532;6174;6174;
iNumb:; 6;6000;9954;5553;9981;8820;8532;7641;
;;6;4599;3555;1899;288;2358;1467;
;;5994;5355;1998;8082;8532;6174;6174;
iNumb:; 7;7000;9963;6642;7641;7641;
;;7;3699;2466;1467;1467;
;;6993;6264;4176;6174;6174;
iNumb:; 8;8000;9972;7731;6543;8730;8532;7641;
;;8;2799;1377;3456;378;2358;1467;
;;7992;7173;6354;3087;8352;6174;6174;
iNumb:; 9;9000;9981;8820;8532;7641;
;;9;1899;288;2358;1467;
;;8991;8082;8532;6174;6174;
iNumb:; 10;1000;9990;9981;8820;8532;7641;
;;1;999;1899;288;2358;1467;
;;999;8991;8082;8532;6174;6174;
iNumb:; 11;1100;9810;9621;8532;7641;
;;11;189;1269;2358;1467;
;;1089;9621;8352;6174;6174;
iNumb:; 12;2100;8820;8532;7641;
;;12;288;2358;1467;
;;2088;8532;6174;6174;
iNumb:; 13;3100;8730;8532;7641;
;;13;378;2358;1467;
;;3087;8352;6174;6174;
iNumb:; 14;4100;8640;8721;7443;9963;6642;7641;7641;
;;14;468;1278;3447;3699;2466;1467;1467;
;;4086;8172;7443;3996;6264;4176;6174;6174;
iNumb:; 15;5100;8550;9972;7731;6543;8730;8532;7641;
;;15;558;2799;1377;3456;378;2358;1467;
;;5085;7992;7173;6354;3087;8352;6174;6174;
iNumb:; 16;6100;8640;8721;7443;9963;6642;7641;7641;
;;16;468;1278;3447;3699;2466;1467;1467;
;;6084;8172;7443;3996;6264;4176;6174;6174;
iNumb:; 17;7100;8730;8532;7641;
;;17;378;2358;1467;
;;7083;8352;6174;6174;
iNumb:; 18;8100;8820;8532;7641;
;;18;288;2358;1467;
;;8082;8532;6174;6174;
iNumb:; 19;9100;9810;9621;8532;7641;
;;19;189;1269;2358;1467;
;;9081;9621;8352;6174;6174;
iNumb:; 20;2000;9981;8820;8532;7641;
;;2;1899;288;2358;1467;
;;1998;8082;8532;6174;6174;
iNumb:; 21;2100;8820;8532;7641;
;;12;288;2358;1467;
;;2088;8532;6174;6174;
iNumb:; 22;2200;8721;7443;9963;6642;7641;7641;
;;22;1278;3447;3699;2466;1467;1467;
;;2178;7443;3996;6264;4176;6174;6174;
iNumb:; 23;3200;7731;6543;8730;8532;7641;
;;23;1377;3456;378;2358;1467;
;;3177;6354;3087;8352;6174;6174;
iNumb:; 24;4200;7641;7641;
;;24;1467;1467;
;;4176;6174;6174;
iNumb:; 25;5200;7551;9954;5553;9981;8820;8532;7641;
;;25;1557;4599;3555;1899;288;2358;1467;
;;5175;5994;5355;1998;8082;8532;6174;6174;
iNumb:; 26;6200;7641;
;;26;1467;
;;6174;6174;
iNumb:; 27;7200;7731;6543;8730;8532;7641;
;;27;1377;3456;378;2358;1467;
;;7173;6354;3087;8352;6174;6174;
iNumb:; 28;8200;8721;7443;9963;6642;7641;7641;
;;28;1278;3447;3699;2466;1467;1467;
;;8172;7443;3996;6264;4176;6174;6174;
iNumb:; 29;9200;9711;8532;7641;
;;29;1179;2358;1467;
;;9171;8532;6174;6174;
iNumb:; 30;3000;9972;7731;6543;8730;8532;7641;
;;3;2799;1377;3456;378;2358;1467;
;;2997;7173;6354;3087;8352;6174;6174;
iNumb:; 31;3100;8730;8532;7641;
;;13;378;2358;1467;
;;3087;8352;6174;6174;
iNumb:; 32;3200;7731;6543;8730;8532;7641;
;;23;1377;3456;378;2358;1467;
;;3177;6354;3087;8352;6174;6174;
iNumb:; 33;3300;7632;6552;9963;6642;7641;7641;
;;33;2367;2556;3699;2466;1467;1467;
;;3267;5265;3996;6264;4176;6174;6174;
iNumb:; 34;4300;6642;7641;7641;
;;34;2466;1467;1467;
;;4266;4176;6174;6174;
iNumb:; 35;5300;6552;9963;6642;7641;7641;
;;35;2556;3699;2466;1467;1467;
;;5265;3996;6264;4176;6174;6174;
iNumb:; 36;6300;6642;7641;7641;
;;36;2466;1467;1467;
;;6264;4176;6174;6174;
iNumb:; 37;7300;7632;6552;9963;6642;7641;7641;
;;37;2367;2556;3699;2466;1467;1467;
;;7263;5265;3996;6264;4176;6174;6174;
iNumb:; 38;8300;8622;6543;8730;8532;7641;
;;38;2268;3456;378;2358;1467;
;;8262;6354;3087;8352;6174;6174;
iNumb:; 39;9300;9621;8532;7641;
;;39;1269;2358;1467;
;;9261;8352;6174;6174;
iNumb:; 40;4000;9963;6642;7641;7641;
;;4;3699;2466;1467;1467;
;;3996;6264;4176;6174;6174;
iNumb:; 41;4100;8640;8721;7443;9963;6642;7641;7641;
;;14;468;1278;3447;3699;2466;1467;1467;
;;4086;8172;7443;3996;6264;4176;6174;6174;
iNumb:; 42;4200;7641;7641;
;;24;1467;1467;
;;4176;6174;6174;
iNumb:; 43;4300;6642;7641;7641;
;;34;2466;1467;1467;
;;4266;4176;6174;6174;
iNumb:; 44;4400;6543;8730;8532;7641;
;;44;3456;378;2358;1467;
;;4356;3087;8352;6174;6174;
iNumb:; 45;5400;5553;9981;8820;8532;7641;
;;45;3555;1899;288;2358;1467;
;;5355;1998;8082;8532;6174;6174;
iNumb:; 46;6400;6543;8730;8532;7641;
;;46;3456;378;2358;1467;
;;6354;3087;8352;6174;6174;
iNumb:; 47;7400;7533;7641;7641;
;;47;3357;1467;1467;
;;7353;4176;6174;6174;
iNumb:; 48;8400;8532;7641;
;;48;2358;1467;
;;8352;6174;6174;
iNumb:; 49;9400;9531;8721;7443;9963;6642;7641;7641;
;;49;1359;1278;3447;3699;2466;1467;1467;
;;9351;8172;7443;3996;6264;4176;6174;6174;
iNumb:; 50;5000;9954;5553;9981;8820;8532;7641;
;;5;4599;3555;1899;288;2358;1467;
;;4995;5355;1998;8082;8532;6174;6174;
iNumb:; 51;5100;8550;9972;7731;6543;8730;8532;7641;
;;15;558;2799;1377;3456;378;2358;1467;
;;5085;7992;7173;6354;3087;8352;6174;6174;
iNumb:; 52;5200;7551;9954;5553;9981;8820;8532;7641;
;;25;1557;4599;3555;1899;288;2358;1467;
;;5175;5994;5355;1998;8082;8532;6174;6174;
iNumb:; 53;5300;6552;9963;6642;7641;7641;
;;35;2556;3699;2466;1467;1467;
;;5265;3996;6264;4176;6174;6174;
iNumb:; 54;5400;5553;9981;8820;8532;7641;
;;45;3555;1899;288;2358;1467;
;;5355;1998;8082;8532;6174;6174;
iNumb:; 55;5500;5544;9810;9621;8532;7641;
;;55;4455;189;1269;2358;1467;
;;5445;1089;9621;8352;6174;6174;
iNumb:; 56;6500;6444;9981;8820;8532;7641;
;;56;4446;1899;288;2358;1467;
;;6444;1998;8082;8532;6174;6174;
iNumb:; 57;7500;7443;9963;6642;7641;7641;
;;57;3447;3699;2466;1467;1467;
;;7443;3996;6264;4176;6174;6174;
iNumb:; 58;8500;8442;9954;5553;9981;8820;8532;7641;
;;58;2448;4599;3555;1899;288;2358;1467;
;;8442;5994;5355;1998;8082;8532;6174;6174;
iNumb:; 59;9500;9441;9972;7731;6543;8730;8532;7641;
;;59;1449;2799;1377;3456;378;2358;1467;
;;9441;7992;7173;6354;3087;8352;6174;6174;
iNumb:; 60;6000;9954;5553;9981;8820;8532;7641;
;;6;4599;3555;1899;288;2358;1467;
;;5994;5355;1998;8082;8532;6174;6174;
iNumb:; 61;6100;8640;8721;7443;9963;6642;7641;7641;
;;16;468;1278;3447;3699;2466;1467;1467;
;;6084;8172;7443;3996;6264;4176;6174;6174;
iNumb:; 62;6200;7641;
;;26;1467;
;;6174;6174;
iNumb:; 63;6300;6642;7641;7641;
;;36;2466;1467;1467;
;;6264;4176;6174;6174;
iNumb:; 64;6400;6543;8730;8532;7641;
;;46;3456;378;2358;1467;
;;6354;3087;8352;6174;6174;
iNumb:; 65;6500;6444;9981;8820;8532;7641;
;;56;4446;1899;288;2358;1467;
;;6444;1998;8082;8532;6174;6174;
iNumb:; 66;6600;6543;8730;8532;7641;
;;66;3456;378;2358;1467;
;;6534;3087;8352;6174;6174;
iNumb:; 67;7600;7533;7641;7641;
;;67;3357;1467;1467;
;;7533;4176;6174;6174;
iNumb:; 68;8600;8532;7641;
;;68;2358;1467;
;;8532;6174;6174;
iNumb:; 69;9600;9531;8721;7443;9963;6642;7641;7641;
;;69;1359;1278;3447;3699;2466;1467;1467;
;;9531;8172;7443;3996;6264;4176;6174;6174;
iNumb:; 70;7000;9963;6642;7641;7641;
;;7;3699;2466;1467;1467;
;;6993;6264;4176;6174;6174;
iNumb:; 71;7100;8730;8532;7641;
;;17;378;2358;1467;
;;7083;8352;6174;6174;
iNumb:; 72;7200;7731;6543;8730;8532;7641;
;;27;1377;3456;378;2358;1467;
;;7173;6354;3087;8352;6174;6174;
iNumb:; 73;7300;7632;6552;9963;6642;7641;7641;
;;37;2367;2556;3699;2466;1467;1467;
;;7263;5265;3996;6264;4176;6174;6174;
iNumb:; 74;7400;7533;7641;7641;
;;47;3357;1467;1467;
;;7353;4176;6174;6174;
iNumb:; 75;7500;7443;9963;6642;7641;7641;
;;57;3447;3699;2466;1467;1467;
;;7443;3996;6264;4176;6174;6174;
iNumb:; 76;7600;7533;7641;7641;
;;67;3357;1467;1467;
;;7533;4176;6174;6174;
iNumb:; 77;7700;7632;6552;9963;6642;7641;7641;
;;77;2367;2556;3699;2466;1467;1467;
;;7623;5265;3996;6264;4176;6174;6174;
iNumb:; 78;8700;8622;6543;8730;8532;7641;
;;78;2268;3456;378;2358;1467;
;;8622;6354;3087;8352;6174;6174;
iNumb:; 79;9700;9621;8532;7641;
;;79;1269;2358;1467;
;;9621;8352;6174;6174;
iNumb:; 80;8000;9972;7731;6543;8730;8532;7641;
;;8;2799;1377;3456;378;2358;1467;
;;7992;7173;6354;3087;8352;6174;6174;
iNumb:; 81;8100;8820;8532;7641;
;;18;288;2358;1467;
;;8082;8532;6174;6174;
iNumb:; 82;8200;8721;7443;9963;6642;7641;7641;
;;28;1278;3447;3699;2466;1467;1467;
;;8172;7443;3996;6264;4176;6174;6174;
iNumb:; 83;8300;8622;6543;8730;8532;7641;
;;38;2268;3456;378;2358;1467;
;;8262;6354;3087;8352;6174;6174;
iNumb:; 84;8400;8532;7641;
;;48;2358;1467;
;;8352;6174;6174;
iNumb:; 85;8500;8442;9954;5553;9981;8820;8532;7641;
;;58;2448;4599;3555;1899;288;2358;1467;
;;8442;5994;5355;1998;8082;8532;6174;6174;
iNumb:; 86;8600;8532;7641;
;;68;2358;1467;
;;8532;6174;6174;
iNumb:; 87;8700;8622;6543;8730;8532;7641;
;;78;2268;3456;378;2358;1467;
;;8622;6354;3087;8352;6174;6174;
iNumb:; 88;8800;8721;7443;9963;6642;7641;7641;
;;88;1278;3447;3699;2466;1467;1467;
;;8712;7443;3996;6264;4176;6174;6174;
iNumb:; 89;9800;9711;8532;7641;
;;89;1179;2358;1467;
;;9711;8532;6174;6174;
iNumb:; 90;9000;9981;8820;8532;7641;
;;9;1899;288;2358;1467;
;;8991;8082;8532;6174;6174;
iNumb:; 91;9100;9810;9621;8532;7641;
;;19;189;1269;2358;1467;
;;9081;9621;8352;6174;6174;
iNumb:; 92;9200;9711;8532;7641;
;;29;1179;2358;1467;
;;9171;8532;6174;6174;
iNumb:; 93;9300;9621;8532;7641;
;;39;1269;2358;1467;
;;9261;8352;6174;6174;
iNumb:; 94;9400;9531;8721;7443;9963;6642;7641;7641;
;;49;1359;1278;3447;3699;2466;1467;1467;
;;9351;8172;7443;3996;6264;4176;6174;6174;
iNumb:; 95;9500;9441;9972;7731;6543;8730;8532;7641;
;;59;1449;2799;1377;3456;378;2358;1467;
;;9441;7992;7173;6354;3087;8352;6174;6174;
iNumb:; 96;9600;9531;8721;7443;9963;6642;7641;7641;
;;69;1359;1278;3447;3699;2466;1467;1467;
;;9531;8172;7443;3996;6264;4176;6174;6174;
iNumb:; 97;9700;9621;8532;7641;
;;79;1269;2358;1467;
;;9621;8352;6174;6174;
iNumb:; 98;9800;9711;8532;7641;
;;89;1179;2358;1467;
;;9711;8532;6174;6174;
iNumb:; 99;9900;9810;9621;8532;7641;
;;99;189;1269;2358;1467;
;;9801;9621;8352;6174;6174;
iNumb:; 100;1000;9990;9981;8820;8532;7641;
;;1;999;1899;288;2358;1467;
;;999;8991;8082;8532;6174;6174;
iNumb:; 101;1100;9810;9621;8532;7641;
;;11;189;1269;2358;1467;
;;1089;9621;8352;6174;6174;
iNumb:; 102;2100;8820;8532;7641;
;;12;288;2358;1467;
;;2088;8532;6174;6174;
iNumb:; 103;3100;8730;8532;7641;
;;13;378;2358;1467;
;;3087;8352;6174;6174;
iNumb:; 104;4100;8640;8721;7443;9963;6642;7641;7641;
;;14;468;1278;3447;3699;2466;1467;1467;
;;4086;8172;7443;3996;6264;4176;6174;6174;
iNumb:; 105;5100;8550;9972;7731;6543;8730;8532;7641;
;;15;558;2799;1377;3456;378;2358;1467;
;;5085;7992;7173;6354;3087;8352;6174;6174;
iNumb:; 106;6100;8640;8721;7443;9963;6642;7641;7641;
;;16;468;1278;3447;3699;2466;1467;1467;
;;6084;8172;7443;3996;6264;4176;6174;6174;
iNumb:; 107;7100;8730;8532;7641;
;;17;378;2358;1467;
;;7083;8352;6174;6174;
iNumb:; 108;8100;8820;8532;7641;
;;18;288;2358;1467;
;;8082;8532;6174;6174;
iNumb:; 109;9100;9810;9621;8532;7641;
;;19;189;1269;2358;1467;
;;9081;9621;8352;6174;6174;
iNumb:; 110;1100;9810;9621;8532;7641;
;;11;189;1269;2358;1467;
;;1089;9621;8352;6174;6174;
iNumb:; 111;1110;9990;9981;8820;8532;7641;
;;111;999;1899;288;2358;1467;
;;999;8991;8082;8532;6174;6174;
iNumb:; 112;2110;9981;8820;8532;7641;
;;112;1899;288;2358;1467;
;;1998;8082;8532;6174;6174;
iNumb:; 113;3110;9972;7731;6543;8730;8532;7641;
;;113;2799;1377;3456;378;2358;1467;
;;2997;7173;6354;3087;8352;6174;6174;
iNumb:; 114;4110;9963;6642;7641;7641;
;;114;3699;2466;1467;1467;
;;3996;6264;4176;6174;6174;
iNumb:; 115;5110;9954;5553;9981;8820;8532;7641;
;;115;4599;3555;1899;288;2358;1467;
;;4995;5355;1998;8082;8532;6174;6174;
iNumb:; 116;6110;9954;5553;9981;8820;8532;7641;
;;116;4599;3555;1899;288;2358;1467;
;;5994;5355;1998;8082;8532;6174;6174;
iNumb:; 117;7110;9963;6642;7641;7641;
;;117;3699;2466;1467;1467;
;;6993;6264;4176;6174;6174;
iNumb:; 118;8110;9972;7731;6543;8730;8532;7641;
;;118;2799;1377;3456;378;2358;1467;
;;7992;7173;6354;3087;8352;6174;6174;
iNumb:; 119;9110;9981;8820;8532;7641;
;;119;1899;288;2358;1467;
;;8991;8082;8532;6174;6174;
iNumb:; 120;2100;8820;8532;7641;
;;12;288;2358;1467;
;;2088;8532;6174;6174;
iNumb:; 121;2110;9981;8820;8532;7641;
;;112;1899;288;2358;1467;
;;1998;8082;8532;6174;6174;
iNumb:; 122;2210;8820;8532;7641;
;;122;288;2358;1467;
;;2088;8532;6174;6174;
iNumb:; 123;3210;8730;8532;7641;
;;123;378;2358;1467;
;;3087;8352;6174;6174;
iNumb:; 124;4210;8640;8721;7443;9963;6642;7641;7641;
;;124;468;1278;3447;3699;2466;1467;1467;
;;4086;8172;7443;3996;6264;4176;6174;6174;
iNumb:; 125;5210;8550;9972;7731;6543;8730;8532;7641;
;;125;558;2799;1377;3456;378;2358;1467;
;;5085;7992;7173;6354;3087;8352;6174;6174;
iNumb:; 126;6210;8640;8721;7443;9963;6642;7641;7641;
;;126;468;1278;3447;3699;2466;1467;1467;
;;6084;8172;7443;3996;6264;4176;6174;6174;
iNumb:; 127;7210;8730;8532;7641;
;;127;378;2358;1467;
;;7083;8352;6174;6174;
iNumb:; 128;8210;8820;8532;7641;
;;128;288;2358;1467;
;;8082;8532;6174;6174;
iNumb:; 129;9210;9810;9621;8532;7641;
;;129;189;1269;2358;1467;
;;9081;9621;8352;6174;6174;
iNumb:; 130;3100;8730;8532;7641;
;;13;378;2358;1467;
;;3087;8352;6174;6174;
iNumb:; 131;3110;9972;7731;6543;8730;8532;7641;
;;113;2799;1377;3456;378;2358;1467;
;;2997;7173;6354;3087;8352;6174;6174;
iNumb:; 132;3210;8730;8532;7641;
;;123;378;2358;1467;
;;3087;8352;6174;6174;
iNumb:; 133;3310;7731;6543;8730;8532;7641;
;;133;1377;3456;378;2358;1467;
;;3177;6354;3087;8352;6174;6174;
iNumb:; 134;4310;7641;7641;
;;134;1467;1467;
;;4176;6174;6174;
iNumb:; 135;5310;7551;9954;5553;9981;8820;8532;7641;
;;135;1557;4599;3555;1899;288;2358;1467;
;;5175;5994;5355;1998;8082;8532;6174;6174;
iNumb:; 136;6310;7641;
;;136;1467;
;;6174;6174;
iNumb:; 137;7310;7731;6543;8730;8532;7641;
;;137;1377;3456;378;2358;1467;
;;7173;6354;3087;8352;6174;6174;
iNumb:; 138;8310;8721;7443;9963;6642;7641;7641;
;;138;1278;3447;3699;2466;1467;1467;
;;8172;7443;3996;6264;4176;6174;6174;
iNumb:; 139;9310;9711;8532;7641;
;;139;1179;2358;1467;
;;9171;8532;6174;6174;
iNumb:; 140;4100;8640;8721;7443;9963;6642;7641;7641;
;;14;468;1278;3447;3699;2466;1467;1467;
;;4086;8172;7443;3996;6264;4176;6174;6174;
iNumb:; 141;4110;9963;6642;7641;7641;
;;114;3699;2466;1467;1467;
;;3996;6264;4176;6174;6174;
iNumb:; 142;4210;8640;8721;7443;9963;6642;7641;7641;
;;124;468;1278;3447;3699;2466;1467;1467;
;;4086;8172;7443;3996;6264;4176;6174;6174;
iNumb:; 143;4310;7641;7641;
;;134;1467;1467;
;;4176;6174;6174;
iNumb:; 144;4410;6642;7641;7641;
;;144;2466;1467;1467;
;;4266;4176;6174;6174;
iNumb:; 145;5410;6552;9963;6642;7641;7641;
;;145;2556;3699;2466;1467;1467;
;;5265;3996;6264;4176;6174;6174;
iNumb:; 146;6410;6642;7641;7641;
;;146;2466;1467;1467;
;;6264;4176;6174;6174;
iNumb:; 147;7410;7632;6552;9963;6642;7641;7641;
;;147;2367;2556;3699;2466;1467;1467;
;;7263;5265;3996;6264;4176;6174;6174;
iNumb:; 148;8410;8622;6543;8730;8532;7641;
;;148;2268;3456;378;2358;1467;
;;8262;6354;3087;8352;6174;6174;
iNumb:; 149;9410;9621;8532;7641;
;;149;1269;2358;1467;
;;9261;8352;6174;6174;
iNumb:; 150;5100;8550;9972;7731;6543;8730;8532;7641;
;;15;558;2799;1377;3456;378;2358;1467;
;;5085;7992;7173;6354;3087;8352;6174;6174;
iNumb:; 151;5110;9954;5553;9981;8820;8532;7641;
;;115;4599;3555;1899;288;2358;1467;
;;4995;5355;1998;8082;8532;6174;6174;
iNumb:; 152;5210;8550;9972;7731;6543;8730;8532;7641;
;;125;558;2799;1377;3456;378;2358;1467;
;;5085;7992;7173;6354;3087;8352;6174;6174;
iNumb:; 153;5310;7551;9954;5553;9981;8820;8532;7641;
;;135;1557;4599;3555;1899;288;2358;1467;
;;5175;5994;5355;1998;8082;8532;6174;6174;
iNumb:; 154;5410;6552;9963;6642;7641;7641;
;;145;2556;3699;2466;1467;1467;
;;5265;3996;6264;4176;6174;6174;
iNumb:; 155;5510;5553;9981;8820;8532;7641;
;;155;3555;1899;288;2358;1467;
;;5355;1998;8082;8532;6174;6174;
iNumb:; 156;6510;6543;8730;8532;7641;
;;156;3456;378;2358;1467;
;;6354;3087;8352;6174;6174;
iNumb:; 157;7510;7533;7641;7641;
;;157;3357;1467;1467;
;;7353;4176;6174;6174;
iNumb:; 158;8510;8532;7641;
;;158;2358;1467;
;;8352;6174;6174;
iNumb:; 159;9510;9531;8721;7443;9963;6642;7641;7641;
;;159;1359;1278;3447;3699;2466;1467;1467;
;;9351;8172;7443;3996;6264;4176;6174;6174;
iNumb:; 160;6100;8640;8721;7443;9963;6642;7641;7641;
;;16;468;1278;3447;3699;2466;1467;1467;
;;6084;8172;7443;3996;6264;4176;6174;6174;
iNumb:; 161;6110;9954;5553;9981;8820;8532;7641;
;;116;4599;3555;1899;288;2358;1467;
;;5994;5355;1998;8082;8532;6174;6174;
iNumb:; 162;6210;8640;8721;7443;9963;6642;7641;7641;
;;126;468;1278;3447;3699;2466;1467;1467;
;;6084;8172;7443;3996;6264;4176;6174;6174;
iNumb:; 163;6310;7641;
;;136;1467;
;;6174;6174;
iNumb:; 164;6410;6642;7641;7641;
;;146;2466;1467;1467;
;;6264;4176;6174;6174;
iNumb:; 165;6510;6543;8730;8532;7641;
;;156;3456;378;2358;1467;
;;6354;3087;8352;6174;6174;
iNumb:; 166;6610;6444;9981;8820;8532;7641;
;;166;4446;1899;288;2358;1467;
;;6444;1998;8082;8532;6174;6174;
iNumb:; 167;7610;7443;9963;6642;7641;7641;
;;167;3447;3699;2466;1467;1467;
;;7443;3996;6264;4176;6174;6174;
iNumb:; 168;8610;8442;9954;5553;9981;8820;8532;7641;
;;168;2448;4599;3555;1899;288;2358;1467;
;;8442;5994;5355;1998;8082;8532;6174;6174;
iNumb:; 169;9610;9441;9972;7731;6543;8730;8532;7641;
;;169;1449;2799;1377;3456;378;2358;1467;
;;9441;7992;7173;6354;3087;8352;6174;6174;
iNumb:; 170;7100;8730;8532;7641;
;;17;378;2358;1467;
;;7083;8352;6174;6174;
iNumb:; 171;7110;9963;6642;7641;7641;
;;117;3699;2466;1467;1467;
;;6993;6264;4176;6174;6174;
iNumb:; 172;7210;8730;8532;7641;
;;127;378;2358;1467;
;;7083;8352;6174;6174;
iNumb:; 173;7310;7731;6543;8730;8532;7641;
;;137;1377;3456;378;2358;1467;
;;7173;6354;3087;8352;6174;6174;
iNumb:; 174;7410;7632;6552;9963;6642;7641;7641;
;;147;2367;2556;3699;2466;1467;1467;
;;7263;5265;3996;6264;4176;6174;6174;
iNumb:; 175;7510;7533;7641;7641;
;;157;3357;1467;1467;
;;7353;4176;6174;6174;
iNumb:; 176;7610;7443;9963;6642;7641;7641;
;;167;3447;3699;2466;1467;1467;
;;7443;3996;6264;4176;6174;6174;
iNumb:; 177;7710;7533;7641;7641;
;;177;3357;1467;1467;
;;7533;4176;6174;6174;
iNumb:; 178;8710;8532;7641;
;;178;2358;1467;
;;8532;6174;6174;
iNumb:; 179;9710;9531;8721;7443;9963;6642;7641;7641;
;;179;1359;1278;3447;3699;2466;1467;1467;
;;9531;8172;7443;3996;6264;4176;6174;6174;
iNumb:; 180;8100;8820;8532;7641;
;;18;288;2358;1467;
;;8082;8532;6174;6174;
iNumb:; 181;8110;9972;7731;6543;8730;8532;7641;
;;118;2799;1377;3456;378;2358;1467;
;;7992;7173;6354;3087;8352;6174;6174;
iNumb:; 182;8210;8820;8532;7641;
;;128;288;2358;1467;
;;8082;8532;6174;6174;
iNumb:; 183;8310;8721;7443;9963;6642;7641;7641;
;;138;1278;3447;3699;2466;1467;1467;
;;8172;7443;3996;6264;4176;6174;6174;
iNumb:; 184;8410;8622;6543;8730;8532;7641;
;;148;2268;3456;378;2358;1467;
;;8262;6354;3087;8352;6174;6174;
iNumb:; 185;8510;8532;7641;
;;158;2358;1467;
;;8352;6174;6174;
iNumb:; 186;8610;8442;9954;5553;9981;8820;8532;7641;
;;168;2448;4599;3555;1899;288;2358;1467;
;;8442;5994;5355;1998;8082;8532;6174;6174;
iNumb:; 187;8710;8532;7641;
;;178;2358;1467;
;;8532;6174;6174;
iNumb:; 188;8810;8622;6543;8730;8532;7641;
;;188;2268;3456;378;2358;1467;
;;8622;6354;3087;8352;6174;6174;
iNumb:; 189;9810;9621;8532;7641;
;;189;1269;2358;1467;
;;9621;8352;6174;6174;
iNumb:; 190;9100;9810;9621;8532;7641;
;;19;189;1269;2358;1467;
;;9081;9621;8352;6174;6174;
iNumb:; 191;9110;9981;8820;8532;7641;
;;119;1899;288;2358;1467;
;;8991;8082;8532;6174;6174;
iNumb:; 192;9210;9810;9621;8532;7641;
;;129;189;1269;2358;1467;
;;9081;9621;8352;6174;6174;
iNumb:; 193;9310;9711;8532;7641;
;;139;1179;2358;1467;
;;9171;8532;6174;6174;
iNumb:; 194;9410;9621;8532;7641;
;;149;1269;2358;1467;
;;9261;8352;6174;6174;
iNumb:; 195;9510;9531;8721;7443;9963;6642;7641;7641;
;;159;1359;1278;3447;3699;2466;1467;1467;
;;9351;8172;7443;3996;6264;4176;6174;6174;
iNumb:; 196;9610;9441;9972;7731;6543;8730;8532;7641;
;;169;1449;2799;1377;3456;378;2358;1467;
;;9441;7992;7173;6354;3087;8352;6174;6174;
iNumb:; 197;9710;9531;8721;7443;9963;6642;7641;7641;
;;179;1359;1278;3447;3699;2466;1467;1467;
;;9531;8172;7443;3996;6264;4176;6174;6174;
iNumb:; 198;9810;9621;8532;7641;
;;189;1269;2358;1467;
;;9621;8352;6174;6174;
iNumb:; 199;9910;9711;8532;7641;
;;199;1179;2358;1467;
;;9711;8532;6174;6174;
iNumb:; 200;2000;9981;8820;8532;7641;
;;2;1899;288;2358;1467;
;;1998;8082;8532;6174;6174;
iNumb:; 201;2100;8820;8532;7641;
;;12;288;2358;1467;
;;2088;8532;6174;6174;
iNumb:; 202;2200;8721;7443;9963;6642;7641;7641;
;;22;1278;3447;3699;2466;1467;1467;
;;2178;7443;3996;6264;4176;6174;6174;
iNumb:; 203;3200;7731;6543;8730;8532;7641;
;;23;1377;3456;378;2358;1467;
;;3177;6354;3087;8352;6174;6174;
iNumb:; 204;4200;7641;7641;
;;24;1467;1467;
;;4176;6174;6174;
iNumb:; 205;5200;7551;9954;5553;9981;8820;8532;7641;
;;25;1557;4599;3555;1899;288;2358;1467;
;;5175;5994;5355;1998;8082;8532;6174;6174;
iNumb:; 206;6200;7641;
;;26;1467;
;;6174;6174;
iNumb:; 207;7200;7731;6543;8730;8532;7641;
;;27;1377;3456;378;2358;1467;
;;7173;6354;3087;8352;6174;6174;
iNumb:; 208;8200;8721;7443;9963;6642;7641;7641;
;;28;1278;3447;3699;2466;1467;1467;
;;8172;7443;3996;6264;4176;6174;6174;
iNumb:; 209;9200;9711;8532;7641;
;;29;1179;2358;1467;
;;9171;8532;6174;6174;
iNumb:; 210;2100;8820;8532;7641;
;;12;288;2358;1467;
;;2088;8532;6174;6174;
iNumb:; 211;2110;9981;8820;8532;7641;
;;112;1899;288;2358;1467;
;;1998;8082;8532;6174;6174;
iNumb:; 212;2210;8820;8532;7641;
;;122;288;2358;1467;
;;2088;8532;6174;6174;
iNumb:; 213;3210;8730;8532;7641;
;;123;378;2358;1467;
;;3087;8352;6174;6174;
iNumb:; 214;4210;8640;8721;7443;9963;6642;7641;7641;
;;124;468;1278;3447;3699;2466;1467;1467;
;;4086;8172;7443;3996;6264;4176;6174;6174;
iNumb:; 215;5210;8550;9972;7731;6543;8730;8532;7641;
;;125;558;2799;1377;3456;378;2358;1467;
;;5085;7992;7173;6354;3087;8352;6174;6174;
iNumb:; 216;6210;8640;8721;7443;9963;6642;7641;7641;
;;126;468;1278;3447;3699;2466;1467;1467;
;;6084;8172;7443;3996;6264;4176;6174;6174;
iNumb:; 217;7210;8730;8532;7641;
;;127;378;2358;1467;
;;7083;8352;6174;6174;
iNumb:; 218;8210;8820;8532;7641;
;;128;288;2358;1467;
;;8082;8532;6174;6174;
iNumb:; 219;9210;9810;9621;8532;7641;
;;129;189;1269;2358;1467;
;;9081;9621;8352;6174;6174;
iNumb:; 220;2200;8721;7443;9963;6642;7641;7641;
;;22;1278;3447;3699;2466;1467;1467;
;;2178;7443;3996;6264;4176;6174;6174;
iNumb:; 221;2210;8820;8532;7641;
;;122;288;2358;1467;
;;2088;8532;6174;6174;
iNumb:; 222;2220;9981;8820;8532;7641;
;;222;1899;288;2358;1467;
;;1998;8082;8532;6174;6174;
iNumb:; 223;3220;9972;7731;6543;8730;8532;7641;
;;223;2799;1377;3456;378;2358;1467;
;;2997;7173;6354;3087;8352;6174;6174;
iNumb:; 224;4220;9963;6642;7641;7641;
;;224;3699;2466;1467;1467;
;;3996;6264;4176;6174;6174;
iNumb:; 225;5220;9954;5553;9981;8820;8532;7641;
;;225;4599;3555;1899;288;2358;1467;
;;4995;5355;1998;8082;8532;6174;6174;
iNumb:; 226;6220;9954;5553;9981;8820;8532;7641;
;;226;4599;3555;1899;288;2358;1467;
;;5994;5355;1998;8082;8532;6174;6174;
iNumb:; 227;7220;9963;6642;7641;7641;
;;227;3699;2466;1467;1467;
;;6993;6264;4176;6174;6174;
iNumb:; 228;8220;9972;7731;6543;8730;8532;7641;
;;228;2799;1377;3456;378;2358;1467;
;;7992;7173;6354;3087;8352;6174;6174;
iNumb:; 229;9220;9981;8820;8532;7641;
;;229;1899;288;2358;1467;
;;8991;8082;8532;6174;6174;
iNumb:; 230;3200;7731;6543;8730;8532;7641;
;;23;1377;3456;378;2358;1467;
;;3177;6354;3087;8352;6174;6174;
iNumb:; 231;3210;8730;8532;7641;
;;123;378;2358;1467;
;;3087;8352;6174;6174;
iNumb:; 232;3220;9972;7731;6543;8730;8532;7641;
;;223;2799;1377;3456;378;2358;1467;
;;2997;7173;6354;3087;8352;6174;6174;
iNumb:; 233;3320;8730;8532;7641;
;;233;378;2358;1467;
;;3087;8352;6174;6174;
iNumb:; 234;4320;8640;8721;7443;9963;6642;7641;7641;
;;234;468;1278;3447;3699;2466;1467;1467;
;;4086;8172;7443;3996;6264;4176;6174;6174;
iNumb:; 235;5320;8550;9972;7731;6543;8730;8532;7641;
;;235;558;2799;1377;3456;378;2358;1467;
;;5085;7992;7173;6354;3087;8352;6174;6174;
iNumb:; 236;6320;8640;8721;7443;9963;6642;7641;7641;
;;236;468;1278;3447;3699;2466;1467;1467;
;;6084;8172;7443;3996;6264;4176;6174;6174;
iNumb:; 237;7320;8730;8532;7641;
;;237;378;2358;1467;
;;7083;8352;6174;6174;
iNumb:; 238;8320;8820;8532;7641;
;;238;288;2358;1467;
;;8082;8532;6174;6174;
iNumb:; 239;9320;9810;9621;8532;7641;
;;239;189;1269;2358;1467;
;;9081;9621;8352;6174;6174;
iNumb:; 240;4200;7641;7641;
;;24;1467;1467;
;;4176;6174;6174;
iNumb:; 241;4210;8640;8721;7443;9963;6642;7641;7641;
;;124;468;1278;3447;3699;2466;1467;1467;
;;4086;8172;7443;3996;6264;4176;6174;6174;
iNumb:; 242;4220;9963;6642;7641;7641;
;;224;3699;2466;1467;1467;
;;3996;6264;4176;6174;6174;
iNumb:; 243;4320;8640;8721;7443;9963;6642;7641;7641;
;;234;468;1278;3447;3699;2466;1467;1467;
;;4086;8172;7443;3996;6264;4176;6174;6174;
iNumb:; 244;4420;7641;7641;
;;244;1467;1467;
;;4176;6174;6174;
iNumb:; 245;5420;7551;9954;5553;9981;8820;8532;7641;
;;245;1557;4599;3555;1899;288;2358;1467;
;;5175;5994;5355;1998;8082;8532;6174;6174;
iNumb:; 246;6420;7641;
;;246;1467;
;;6174;6174;
iNumb:; 247;7420;7731;6543;8730;8532;7641;
;;247;1377;3456;378;2358;1467;
;;7173;6354;3087;8352;6174;6174;
iNumb:; 248;8420;8721;7443;9963;6642;7641;7641;
;;248;1278;3447;3699;2466;1467;1467;
;;8172;7443;3996;6264;4176;6174;6174;
iNumb:; 249;9420;9711;8532;7641;
;;249;1179;2358;1467;
;;9171;8532;6174;6174;
iNumb:; 250;5200;7551;9954;5553;9981;8820;8532;7641;
;;25;1557;4599;3555;1899;288;2358;1467;
;;5175;5994;5355;1998;8082;8532;6174;6174;
iNumb:; 251;5210;8550;9972;7731;6543;8730;8532;7641;
;;125;558;2799;1377;3456;378;2358;1467;
;;5085;7992;7173;6354;3087;8352;6174;6174;
iNumb:; 252;5220;9954;5553;9981;8820;8532;7641;
;;225;4599;3555;1899;288;2358;1467;
;;4995;5355;1998;8082;8532;6174;6174;
iNumb:; 253;5320;8550;9972;7731;6543;8730;8532;7641;
;;235;558;2799;1377;3456;378;2358;1467;
;;5085;7992;7173;6354;3087;8352;6174;6174;
iNumb:; 254;5420;7551;9954;5553;9981;8820;8532;7641;
;;245;1557;4599;3555;1899;288;2358;1467;
;;5175;5994;5355;1998;8082;8532;6174;6174;
iNumb:; 255;5520;6552;9963;6642;7641;7641;
;;255;2556;3699;2466;1467;1467;
;;5265;3996;6264;4176;6174;6174;
iNumb:; 256;6520;6642;7641;7641;
;;256;2466;1467;1467;
;;6264;4176;6174;6174;
iNumb:; 257;7520;7632;6552;9963;6642;7641;7641;
;;257;2367;2556;3699;2466;1467;1467;
;;7263;5265;3996;6264;4176;6174;6174;
iNumb:; 258;8520;8622;6543;8730;8532;7641;
;;258;2268;3456;378;2358;1467;
;;8262;6354;3087;8352;6174;6174;
iNumb:; 259;9520;9621;8532;7641;
;;259;1269;2358;1467;
;;9261;8352;6174;6174;
iNumb:; 260;6200;7641;
;;26;1467;
;;6174;6174;
iNumb:; 261;6210;8640;8721;7443;9963;6642;7641;7641;
;;126;468;1278;3447;3699;2466;1467;1467;
;;6084;8172;7443;3996;6264;4176;6174;6174;
iNumb:; 262;6220;9954;5553;9981;8820;8532;7641;
;;226;4599;3555;1899;288;2358;1467;
;;5994;5355;1998;8082;8532;6174;6174;
iNumb:; 263;6320;8640;8721;7443;9963;6642;7641;7641;
;;236;468;1278;3447;3699;2466;1467;1467;
;;6084;8172;7443;3996;6264;4176;6174;6174;
iNumb:; 264;6420;7641;
;;246;1467;
;;6174;6174;
iNumb:; 265;6520;6642;7641;7641;
;;256;2466;1467;1467;
;;6264;4176;6174;6174;
iNumb:; 266;6620;6543;8730;8532;7641;
;;266;3456;378;2358;1467;
;;6354;3087;8352;6174;6174;
iNumb:; 267;7620;7533;7641;7641;
;;267;3357;1467;1467;
;;7353;4176;6174;6174;
iNumb:; 268;8620;8532;7641;
;;268;2358;1467;
;;8352;6174;6174;
iNumb:; 269;9620;9531;8721;7443;9963;6642;7641;7641;
;;269;1359;1278;3447;3699;2466;1467;1467;
;;9351;8172;7443;3996;6264;4176;6174;6174;
iNumb:; 270;7200;7731;6543;8730;8532;7641;
;;27;1377;3456;378;2358;1467;
;;7173;6354;3087;8352;6174;6174;
iNumb:; 271;7210;8730;8532;7641;
;;127;378;2358;1467;
;;7083;8352;6174;6174;
iNumb:; 272;7220;9963;6642;7641;7641;
;;227;3699;2466;1467;1467;
;;6993;6264;4176;6174;6174;
iNumb:; 273;7320;8730;8532;7641;
;;237;378;2358;1467;
;;7083;8352;6174;6174;
iNumb:; 274;7420;7731;6543;8730;8532;7641;
;;247;1377;3456;378;2358;1467;
;;7173;6354;3087;8352;6174;6174;
iNumb:; 275;7520;7632;6552;9963;6642;7641;7641;
;;257;2367;2556;3699;2466;1467;1467;
;;7263;5265;3996;6264;4176;6174;6174;
iNumb:; 276;7620;7533;7641;7641;
;;267;3357;1467;1467;
;;7353;4176;6174;6174;
iNumb:; 277;7720;7443;9963;6642;7641;7641;
;;277;3447;3699;2466;1467;1467;
;;7443;3996;6264;4176;6174;6174;
iNumb:; 278;8720;8442;9954;5553;9981;8820;8532;7641;
;;278;2448;4599;3555;1899;288;2358;1467;
;;8442;5994;5355;1998;8082;8532;6174;6174;
iNumb:; 279;9720;9441;9972;7731;6543;8730;8532;7641;
;;279;1449;2799;1377;3456;378;2358;1467;
;;9441;7992;7173;6354;3087;8352;6174;6174;
iNumb:; 280;8200;8721;7443;9963;6642;7641;7641;
;;28;1278;3447;3699;2466;1467;1467;
;;8172;7443;3996;6264;4176;6174;6174;
iNumb:; 281;8210;8820;8532;7641;
;;128;288;2358;1467;
;;8082;8532;6174;6174;
iNumb:; 282;8220;9972;7731;6543;8730;8532;7641;
;;228;2799;1377;3456;378;2358;1467;
;;7992;7173;6354;3087;8352;6174;6174;
iNumb:; 283;8320;8820;8532;7641;
;;238;288;2358;1467;
;;8082;8532;6174;6174;
iNumb:; 284;8420;8721;7443;9963;6642;7641;7641;
;;248;1278;3447;3699;2466;1467;1467;
;;8172;7443;3996;6264;4176;6174;6174;
iNumb:; 285;8520;8622;6543;8730;8532;7641;
;;258;2268;3456;378;2358;1467;
;;8262;6354;3087;8352;6174;6174;
iNumb:; 286;8620;8532;7641;
;;268;2358;1467;
;;8352;6174;6174;
iNumb:; 287;8720;8442;9954;5553;9981;8820;8532;7641;
;;278;2448;4599;3555;1899;288;2358;1467;
;;8442;5994;5355;1998;8082;8532;6174;6174;
iNumb:; 288;8820;8532;7641;
;;288;2358;1467;
;;8532;6174;6174;
iNumb:; 289;9820;9531;8721;7443;9963;6642;7641;7641;
;;289;1359;1278;3447;3699;2466;1467;1467;
;;9531;8172;7443;3996;6264;4176;6174;6174;
iNumb:; 290;9200;9711;8532;7641;
;;29;1179;2358;1467;
;;9171;8532;6174;6174;
iNumb:; 291;9210;9810;9621;8532;7641;
;;129;189;1269;2358;1467;
;;9081;9621;8352;6174;6174;
iNumb:; 292;9220;9981;8820;8532;7641;
;;229;1899;288;2358;1467;
;;8991;8082;8532;6174;6174;
iNumb:; 293;9320;9810;9621;8532;7641;
;;239;189;1269;2358;1467;
;;9081;9621;8352;6174;6174;
iNumb:; 294;9420;9711;8532;7641;
;;249;1179;2358;1467;
;;9171;8532;6174;6174;
iNumb:; 295;9520;9621;8532;7641;
;;259;1269;2358;1467;
;;9261;8352;6174;6174;
iNumb:; 296;9620;9531;8721;7443;9963;6642;7641;7641;
;;269;1359;1278;3447;3699;2466;1467;1467;
;;9351;8172;7443;3996;6264;4176;6174;6174;
iNumb:; 297;9720;9441;9972;7731;6543;8730;8532;7641;
;;279;1449;2799;1377;3456;378;2358;1467;
;;9441;7992;7173;6354;3087;8352;6174;6174;
iNumb:; 298;9820;9531;8721;7443;9963;6642;7641;7641;
;;289;1359;1278;3447;3699;2466;1467;1467;
;;9531;8172;7443;3996;6264;4176;6174;6174;
iNumb:; 299;9920;9621;8532;7641;
;;299;1269;2358;1467;
;;9621;8352;6174;6174;
iNumb:; 300;3000;9972;7731;6543;8730;8532;7641;
;;3;2799;1377;3456;378;2358;1467;
;;2997;7173;6354;3087;8352;6174;6174;
iNumb:; 301;3100;8730;8532;7641;
;;13;378;2358;1467;
;;3087;8352;6174;6174;
iNumb:; 302;3200;7731;6543;8730;8532;7641;
;;23;1377;3456;378;2358;1467;
;;3177;6354;3087;8352;6174;6174;
iNumb:; 303;3300;7632;6552;9963;6642;7641;7641;
;;33;2367;2556;3699;2466;1467;1467;
;;3267;5265;3996;6264;4176;6174;6174;
iNumb:; 304;4300;6642;7641;7641;
;;34;2466;1467;1467;
;;4266;4176;6174;6174;
iNumb:; 305;5300;6552;9963;6642;7641;7641;
;;35;2556;3699;2466;1467;1467;
;;5265;3996;6264;4176;6174;6174;
iNumb:; 306;6300;6642;7641;7641;
;;36;2466;1467;1467;
;;6264;4176;6174;6174;
iNumb:; 307;7300;7632;6552;9963;6642;7641;7641;
;;37;2367;2556;3699;2466;1467;1467;
;;7263;5265;3996;6264;4176;6174;6174;
iNumb:; 308;8300;8622;6543;8730;8532;7641;
;;38;2268;3456;378;2358;1467;
;;8262;6354;3087;8352;6174;6174;
iNumb:; 309;9300;9621;8532;7641;
;;39;1269;2358;1467;
;;9261;8352;6174;6174;
iNumb:; 310;3100;8730;8532;7641;
;;13;378;2358;1467;
;;3087;8352;6174;6174;
iNumb:; 311;3110;9972;7731;6543;8730;8532;7641;
;;113;2799;1377;3456;378;2358;1467;
;;2997;7173;6354;3087;8352;6174;6174;
iNumb:; 312;3210;8730;8532;7641;
;;123;378;2358;1467;
;;3087;8352;6174;6174;
iNumb:; 313;3310;7731;6543;8730;8532;7641;
;;133;1377;3456;378;2358;1467;
;;3177;6354;3087;8352;6174;6174;
iNumb:; 314;4310;7641;7641;
;;134;1467;1467;
;;4176;6174;6174;
iNumb:; 315;5310;7551;9954;5553;9981;8820;8532;7641;
;;135;1557;4599;3555;1899;288;2358;1467;
;;5175;5994;5355;1998;8082;8532;6174;6174;
iNumb:; 316;6310;7641;
;;136;1467;
;;6174;6174;
iNumb:; 317;7310;7731;6543;8730;8532;7641;
;;137;1377;3456;378;2358;1467;
;;7173;6354;3087;8352;6174;6174;
iNumb:; 318;8310;8721;7443;9963;6642;7641;7641;
;;138;1278;3447;3699;2466;1467;1467;
;;8172;7443;3996;6264;4176;6174;6174;
iNumb:; 319;9310;9711;8532;7641;
;;139;1179;2358;1467;
;;9171;8532;6174;6174;
iNumb:; 320;3200;7731;6543;8730;8532;7641;
;;23;1377;3456;378;2358;1467;
;;3177;6354;3087;8352;6174;6174;
iNumb:; 321;3210;8730;8532;7641;
;;123;378;2358;1467;
;;3087;8352;6174;6174;
iNumb:; 322;3220;9972;7731;6543;8730;8532;7641;
;;223;2799;1377;3456;378;2358;1467;
;;2997;7173;6354;3087;8352;6174;6174;
iNumb:; 323;3320;8730;8532;7641;
;;233;378;2358;1467;
;;3087;8352;6174;6174;
iNumb:; 324;4320;8640;8721;7443;9963;6642;7641;7641;
;;234;468;1278;3447;3699;2466;1467;1467;
;;4086;8172;7443;3996;6264;4176;6174;6174;
iNumb:; 325;5320;8550;9972;7731;6543;8730;8532;7641;
;;235;558;2799;1377;3456;378;2358;1467;
;;5085;7992;7173;6354;3087;8352;6174;6174;
iNumb:; 326;6320;8640;8721;7443;9963;6642;7641;7641;
;;236;468;1278;3447;3699;2466;1467;1467;
;;6084;8172;7443;3996;6264;4176;6174;6174;
iNumb:; 327;7320;8730;8532;7641;
;;237;378;2358;1467;
;;7083;8352;6174;6174;
iNumb:; 328;8320;8820;8532;7641;
;;238;288;2358;1467;
;;8082;8532;6174;6174;
iNumb:; 329;9320;9810;9621;8532;7641;
;;239;189;1269;2358;1467;
;;9081;9621;8352;6174;6174;
iNumb:; 330;3300;7632;6552;9963;6642;7641;7641;
;;33;2367;2556;3699;2466;1467;1467;
;;3267;5265;3996;6264;4176;6174;6174;
iNumb:; 331;3310;7731;6543;8730;8532;7641;
;;133;1377;3456;378;2358;1467;
;;3177;6354;3087;8352;6174;6174;
iNumb:; 332;3320;8730;8532;7641;
;;233;378;2358;1467;
;;3087;8352;6174;6174;
iNumb:; 333;3330;9972;7731;6543;8730;8532;7641;
;;333;2799;1377;3456;378;2358;1467;
;;2997;7173;6354;3087;8352;6174;6174;
iNumb:; 334;4330;9963;6642;7641;7641;
;;334;3699;2466;1467;1467;
;;3996;6264;4176;6174;6174;
iNumb:; 335;5330;9954;5553;9981;8820;8532;7641;
;;335;4599;3555;1899;288;2358;1467;
;;4995;5355;1998;8082;8532;6174;6174;
iNumb:; 336;6330;9954;5553;9981;8820;8532;7641;
;;336;4599;3555;1899;288;2358;1467;
;;5994;5355;1998;8082;8532;6174;6174;
iNumb:; 337;7330;9963;6642;7641;7641;
;;337;3699;2466;1467;1467;
;;6993;6264;4176;6174;6174;
iNumb:; 338;8330;9972;7731;6543;8730;8532;7641;
;;338;2799;1377;3456;378;2358;1467;
;;7992;7173;6354;3087;8352;6174;6174;
iNumb:; 339;9330;9981;8820;8532;7641;
;;339;1899;288;2358;1467;
;;8991;8082;8532;6174;6174;
iNumb:; 340;4300;6642;7641;7641;
;;34;2466;1467;1467;
;;4266;4176;6174;6174;
iNumb:; 341;4310;7641;7641;
;;134;1467;1467;
;;4176;6174;6174;
iNumb:; 342;4320;8640;8721;7443;9963;6642;7641;7641;
;;234;468;1278;3447;3699;2466;1467;1467;
;;4086;8172;7443;3996;6264;4176;6174;6174;
iNumb:; 343;4330;9963;6642;7641;7641;
;;334;3699;2466;1467;1467;
;;3996;6264;4176;6174;6174;
iNumb:; 344;4430;8640;8721;7443;9963;6642;7641;7641;
;;344;468;1278;3447;3699;2466;1467;1467;
;;4086;8172;7443;3996;6264;4176;6174;6174;
iNumb:; 345;5430;8550;9972;7731;6543;8730;8532;7641;
;;345;558;2799;1377;3456;378;2358;1467;
;;5085;7992;7173;6354;3087;8352;6174;6174;
iNumb:; 346;6430;8640;8721;7443;9963;6642;7641;7641;
;;346;468;1278;3447;3699;2466;1467;1467;
;;6084;8172;7443;3996;6264;4176;6174;6174;
iNumb:; 347;7430;8730;8532;7641;
;;347;378;2358;1467;
;;7083;8352;6174;6174;
iNumb:; 348;8430;8820;8532;7641;
;;348;288;2358;1467;
;;8082;8532;6174;6174;
iNumb:; 349;9430;9810;9621;8532;7641;
;;349;189;1269;2358;1467;
;;9081;9621;8352;6174;6174;
iNumb:; 350;5300;6552;9963;6642;7641;7641;
;;35;2556;3699;2466;1467;1467;
;;5265;3996;6264;4176;6174;6174;
iNumb:; 351;5310;7551;9954;5553;9981;8820;8532;7641;
;;135;1557;4599;3555;1899;288;2358;1467;
;;5175;5994;5355;1998;8082;8532;6174;6174;
iNumb:; 352;5320;8550;9972;7731;6543;8730;8532;7641;
;;235;558;2799;1377;3456;378;2358;1467;
;;5085;7992;7173;6354;3087;8352;6174;6174;
iNumb:; 353;5330;9954;5553;9981;8820;8532;7641;
;;335;4599;3555;1899;288;2358;1467;
;;4995;5355;1998;8082;8532;6174;6174;
iNumb:; 354;5430;8550;9972;7731;6543;8730;8532;7641;
;;345;558;2799;1377;3456;378;2358;1467;
;;5085;7992;7173;6354;3087;8352;6174;6174;
iNumb:; 355;5530;7551;9954;5553;9981;8820;8532;7641;
;;355;1557;4599;3555;1899;288;2358;1467;
;;5175;5994;5355;1998;8082;8532;6174;6174;
iNumb:; 356;6530;7641;
;;356;1467;
;;6174;6174;
iNumb:; 357;7530;7731;6543;8730;8532;7641;
;;357;1377;3456;378;2358;1467;
;;7173;6354;3087;8352;6174;6174;
iNumb:; 358;8530;8721;7443;9963;6642;7641;7641;
;;358;1278;3447;3699;2466;1467;1467;
;;8172;7443;3996;6264;4176;6174;6174;
iNumb:; 359;9530;9711;8532;7641;
;;359;1179;2358;1467;
;;9171;8532;6174;6174;
iNumb:; 360;6300;6642;7641;7641;
;;36;2466;1467;1467;
;;6264;4176;6174;6174;
iNumb:; 361;6310;7641;
;;136;1467;
;;6174;6174;
iNumb:; 362;6320;8640;8721;7443;9963;6642;7641;7641;
;;236;468;1278;3447;3699;2466;1467;1467;
;;6084;8172;7443;3996;6264;4176;6174;6174;
iNumb:; 363;6330;9954;5553;9981;8820;8532;7641;
;;336;4599;3555;1899;288;2358;1467;
;;5994;5355;1998;8082;8532;6174;6174;
iNumb:; 364;6430;8640;8721;7443;9963;6642;7641;7641;
;;346;468;1278;3447;3699;2466;1467;1467;
;;6084;8172;7443;3996;6264;4176;6174;6174;
iNumb:; 365;6530;7641;
;;356;1467;
;;6174;6174;
iNumb:; 366;6630;6642;7641;7641;
;;366;2466;1467;1467;
;;6264;4176;6174;6174;
iNumb:; 367;7630;7632;6552;9963;6642;7641;7641;
;;367;2367;2556;3699;2466;1467;1467;
;;7263;5265;3996;6264;4176;6174;6174;
iNumb:; 368;8630;8622;6543;8730;8532;7641;
;;368;2268;3456;378;2358;1467;
;;8262;6354;3087;8352;6174;6174;
iNumb:; 369;9630;9621;8532;7641;
;;369;1269;2358;1467;
;;9261;8352;6174;6174;
iNumb:; 370;7300;7632;6552;9963;6642;7641;7641;
;;37;2367;2556;3699;2466;1467;1467;
;;7263;5265;3996;6264;4176;6174;6174;
iNumb:; 371;7310;7731;6543;8730;8532;7641;
;;137;1377;3456;378;2358;1467;
;;7173;6354;3087;8352;6174;6174;
iNumb:; 372;7320;8730;8532;7641;
;;237;378;2358;1467;
;;7083;8352;6174;6174;
iNumb:; 373;7330;9963;6642;7641;7641;
;;337;3699;2466;1467;1467;
;;6993;6264;4176;6174;6174;
iNumb:; 374;7430;8730;8532;7641;
;;347;378;2358;1467;
;;7083;8352;6174;6174;
iNumb:; 375;7530;7731;6543;8730;8532;7641;
;;357;1377;3456;378;2358;1467;
;;7173;6354;3087;8352;6174;6174;
iNumb:; 376;7630;7632;6552;9963;6642;7641;7641;
;;367;2367;2556;3699;2466;1467;1467;
;;7263;5265;3996;6264;4176;6174;6174;
iNumb:; 377;7730;7533;7641;7641;
;;377;3357;1467;1467;
;;7353;4176;6174;6174;
iNumb:; 378;8730;8532;7641;
;;378;2358;1467;
;;8352;6174;6174;
iNumb:; 379;9730;9531;8721;7443;9963;6642;7641;7641;
;;379;1359;1278;3447;3699;2466;1467;1467;
;;9351;8172;7443;3996;6264;4176;6174;6174;
iNumb:; 380;8300;8622;6543;8730;8532;7641;
;;38;2268;3456;378;2358;1467;
;;8262;6354;3087;8352;6174;6174;
iNumb:; 381;8310;8721;7443;9963;6642;7641;7641;
;;138;1278;3447;3699;2466;1467;1467;
;;8172;7443;3996;6264;4176;6174;6174;
iNumb:; 382;8320;8820;8532;7641;
;;238;288;2358;1467;
;;8082;8532;6174;6174;
iNumb:; 383;8330;9972;7731;6543;8730;8532;7641;
;;338;2799;1377;3456;378;2358;1467;
;;7992;7173;6354;3087;8352;6174;6174;
iNumb:; 384;8430;8820;8532;7641;
;;348;288;2358;1467;
;;8082;8532;6174;6174;
iNumb:; 385;8530;8721;7443;9963;6642;7641;7641;
;;358;1278;3447;3699;2466;1467;1467;
;;8172;7443;3996;6264;4176;6174;6174;
iNumb:; 386;8630;8622;6543;8730;8532;7641;
;;368;2268;3456;378;2358;1467;
;;8262;6354;3087;8352;6174;6174;
iNumb:; 387;8730;8532;7641;
;;378;2358;1467;
;;8352;6174;6174;
iNumb:; 388;8830;8442;9954;5553;9981;8820;8532;7641;
;;388;2448;4599;3555;1899;288;2358;1467;
;;8442;5994;5355;1998;8082;8532;6174;6174;
iNumb:; 389;9830;9441;9972;7731;6543;8730;8532;7641;
;;389;1449;2799;1377;3456;378;2358;1467;
;;9441;7992;7173;6354;3087;8352;6174;6174;
iNumb:; 390;9300;9621;8532;7641;
;;39;1269;2358;1467;
;;9261;8352;6174;6174;
iNumb:; 391;9310;9711;8532;7641;
;;139;1179;2358;1467;
;;9171;8532;6174;6174;
iNumb:; 392;9320;9810;9621;8532;7641;
;;239;189;1269;2358;1467;
;;9081;9621;8352;6174;6174;
iNumb:; 393;9330;9981;8820;8532;7641;
;;339;1899;288;2358;1467;
;;8991;8082;8532;6174;6174;
iNumb:; 394;9430;9810;9621;8532;7641;
;;349;189;1269;2358;1467;
;;9081;9621;8352;6174;6174;
iNumb:; 395;9530;9711;8532;7641;
;;359;1179;2358;1467;
;;9171;8532;6174;6174;
iNumb:; 396;9630;9621;8532;7641;
;;369;1269;2358;1467;
;;9261;8352;6174;6174;
iNumb:; 397;9730;9531;8721;7443;9963;6642;7641;7641;
;;379;1359;1278;3447;3699;2466;1467;1467;
;;9351;8172;7443;3996;6264;4176;6174;6174;
iNumb:; 398;9830;9441;9972;7731;6543;8730;8532;7641;
;;389;1449;2799;1377;3456;378;2358;1467;
;;9441;7992;7173;6354;3087;8352;6174;6174;
iNumb:; 399;9930;9531;8721;7443;9963;6642;7641;7641;
;;399;1359;1278;3447;3699;2466;1467;1467;
;;9531;8172;7443;3996;6264;4176;6174;6174;
iNumb:; 400;4000;9963;6642;7641;7641;
;;4;3699;2466;1467;1467;
;;3996;6264;4176;6174;6174;
iNumb:; 401;4100;8640;8721;7443;9963;6642;7641;7641;
;;14;468;1278;3447;3699;2466;1467;1467;
;;4086;8172;7443;3996;6264;4176;6174;6174;
iNumb:; 402;4200;7641;7641;
;;24;1467;1467;
;;4176;6174;6174;
iNumb:; 403;4300;6642;7641;7641;
;;34;2466;1467;1467;
;;4266;4176;6174;6174;
iNumb:; 404;4400;6543;8730;8532;7641;
;;44;3456;378;2358;1467;
;;4356;3087;8352;6174;6174;
iNumb:; 405;5400;5553;9981;8820;8532;7641;
;;45;3555;1899;288;2358;1467;
;;5355;1998;8082;8532;6174;6174;
iNumb:; 406;6400;6543;8730;8532;7641;
;;46;3456;378;2358;1467;
;;6354;3087;8352;6174;6174;
iNumb:; 407;7400;7533;7641;7641;
;;47;3357;1467;1467;
;;7353;4176;6174;6174;
iNumb:; 408;8400;8532;7641;
;;48;2358;1467;
;;8352;6174;6174;
iNumb:; 409;9400;9531;8721;7443;9963;6642;7641;7641;
;;49;1359;1278;3447;3699;2466;1467;1467;
;;9351;8172;7443;3996;6264;4176;6174;6174;
iNumb:; 410;4100;8640;8721;7443;9963;6642;7641;7641;
;;14;468;1278;3447;3699;2466;1467;1467;
;;4086;8172;7443;3996;6264;4176;6174;6174;
iNumb:; 411;4110;9963;6642;7641;7641;
;;114;3699;2466;1467;1467;
;;3996;6264;4176;6174;6174;
iNumb:; 412;4210;8640;8721;7443;9963;6642;7641;7641;
;;124;468;1278;3447;3699;2466;1467;1467;
;;4086;8172;7443;3996;6264;4176;6174;6174;
iNumb:; 413;4310;7641;7641;
;;134;1467;1467;
;;4176;6174;6174;
iNumb:; 414;4410;6642;7641;7641;
;;144;2466;1467;1467;
;;4266;4176;6174;6174;
iNumb:; 415;5410;6552;9963;6642;7641;7641;
;;145;2556;3699;2466;1467;1467;
;;5265;3996;6264;4176;6174;6174;
iNumb:; 416;6410;6642;7641;7641;
;;146;2466;1467;1467;
;;6264;4176;6174;6174;
iNumb:; 417;7410;7632;6552;9963;6642;7641;7641;
;;147;2367;2556;3699;2466;1467;1467;
;;7263;5265;3996;6264;4176;6174;6174;
iNumb:; 418;8410;8622;6543;8730;8532;7641;
;;148;2268;3456;378;2358;1467;
;;8262;6354;3087;8352;6174;6174;
iNumb:; 419;9410;9621;8532;7641;
;;149;1269;2358;1467;
;;9261;8352;6174;6174;
iNumb:; 420;4200;7641;7641;
;;24;1467;1467;
;;4176;6174;6174;
iNumb:; 421;4210;8640;8721;7443;9963;6642;7641;7641;
;;124;468;1278;3447;3699;2466;1467;1467;
;;4086;8172;7443;3996;6264;4176;6174;6174;
iNumb:; 422;4220;9963;6642;7641;7641;
;;224;3699;2466;1467;1467;
;;3996;6264;4176;6174;6174;
iNumb:; 423;4320;8640;8721;7443;9963;6642;7641;7641;
;;234;468;1278;3447;3699;2466;1467;1467;
;;4086;8172;7443;3996;6264;4176;6174;6174;
iNumb:; 424;4420;7641;7641;
;;244;1467;1467;
;;4176;6174;6174;
iNumb:; 425;5420;7551;9954;5553;9981;8820;8532;7641;
;;245;1557;4599;3555;1899;288;2358;1467;
;;5175;5994;5355;1998;8082;8532;6174;6174;
iNumb:; 426;6420;7641;
;;246;1467;
;;6174;6174;
iNumb:; 427;7420;7731;6543;8730;8532;7641;
;;247;1377;3456;378;2358;1467;
;;7173;6354;3087;8352;6174;6174;
iNumb:; 428;8420;8721;7443;9963;6642;7641;7641;
;;248;1278;3447;3699;2466;1467;1467;
;;8172;7443;3996;6264;4176;6174;6174;
iNumb:; 429;9420;9711;8532;7641;
;;249;1179;2358;1467;
;;9171;8532;6174;6174;
iNumb:; 430;4300;6642;7641;7641;
;;34;2466;1467;1467;
;;4266;4176;6174;6174;
iNumb:; 431;4310;7641;7641;
;;134;1467;1467;
;;4176;6174;6174;
iNumb:; 432;4320;8640;8721;7443;9963;6642;7641;7641;
;;234;468;1278;3447;3699;2466;1467;1467;
;;4086;8172;7443;3996;6264;4176;6174;6174;
iNumb:; 433;4330;9963;6642;7641;7641;
;;334;3699;2466;1467;1467;
;;3996;6264;4176;6174;6174;
iNumb:; 434;4430;8640;8721;7443;9963;6642;7641;7641;
;;344;468;1278;3447;3699;2466;1467;1467;
;;4086;8172;7443;3996;6264;4176;6174;6174;
iNumb:; 435;5430;8550;9972;7731;6543;8730;8532;7641;
;;345;558;2799;1377;3456;378;2358;1467;
;;5085;7992;7173;6354;3087;8352;6174;6174;
iNumb:; 436;6430;8640;8721;7443;9963;6642;7641;7641;
;;346;468;1278;3447;3699;2466;1467;1467;
;;6084;8172;7443;3996;6264;4176;6174;6174;
iNumb:; 437;7430;8730;8532;7641;
;;347;378;2358;1467;
;;7083;8352;6174;6174;
iNumb:; 438;8430;8820;8532;7641;
;;348;288;2358;1467;
;;8082;8532;6174;6174;
iNumb:; 439;9430;9810;9621;8532;7641;
;;349;189;1269;2358;1467;
;;9081;9621;8352;6174;6174;
iNumb:; 440;4400;6543;8730;8532;7641;
;;44;3456;378;2358;1467;
;;4356;3087;8352;6174;6174;
iNumb:; 441;4410;6642;7641;7641;
;;144;2466;1467;1467;
;;4266;4176;6174;6174;
iNumb:; 442;4420;7641;7641;
;;244;1467;1467;
;;4176;6174;6174;
iNumb:; 443;4430;8640;8721;7443;9963;6642;7641;7641;
;;344;468;1278;3447;3699;2466;1467;1467;
;;4086;8172;7443;3996;6264;4176;6174;6174;
iNumb:; 444;4440;9963;6642;7641;7641;
;;444;3699;2466;1467;1467;
;;3996;6264;4176;6174;6174;
iNumb:; 445;5440;9954;5553;9981;8820;8532;7641;
;;445;4599;3555;1899;288;2358;1467;
;;4995;5355;1998;8082;8532;6174;6174;
iNumb:; 446;6440;9954;5553;9981;8820;8532;7641;
;;446;4599;3555;1899;288;2358;1467;
;;5994;5355;1998;8082;8532;6174;6174;
iNumb:; 447;7440;9963;6642;7641;7641;
;;447;3699;2466;1467;1467;
;;6993;6264;4176;6174;6174;
iNumb:; 448;8440;9972;7731;6543;8730;8532;7641;
;;448;2799;1377;3456;378;2358;1467;
;;7992;7173;6354;3087;8352;6174;6174;
iNumb:; 449;9440;9981;8820;8532;7641;
;;449;1899;288;2358;1467;
;;8991;8082;8532;6174;6174;
iNumb:; 450;5400;5553;9981;8820;8532;7641;
;;45;3555;1899;288;2358;1467;
;;5355;1998;8082;8532;6174;6174;
iNumb:; 451;5410;6552;9963;6642;7641;7641;
;;145;2556;3699;2466;1467;1467;
;;5265;3996;6264;4176;6174;6174;
iNumb:; 452;5420;7551;9954;5553;9981;8820;8532;7641;
;;245;1557;4599;3555;1899;288;2358;1467;
;;5175;5994;5355;1998;8082;8532;6174;6174;
iNumb:; 453;5430;8550;9972;7731;6543;8730;8532;7641;
;;345;558;2799;1377;3456;378;2358;1467;
;;5085;7992;7173;6354;3087;8352;6174;6174;
iNumb:; 454;5440;9954;5553;9981;8820;8532;7641;
;;445;4599;3555;1899;288;2358;1467;
;;4995;5355;1998;8082;8532;6174;6174;
iNumb:; 455;5540;8550;9972;7731;6543;8730;8532;7641;
;;455;558;2799;1377;3456;378;2358;1467;
;;5085;7992;7173;6354;3087;8352;6174;6174;
iNumb:; 456;6540;8640;8721;7443;9963;6642;7641;7641;
;;456;468;1278;3447;3699;2466;1467;1467;
;;6084;8172;7443;3996;6264;4176;6174;6174;
iNumb:; 457;7540;8730;8532;7641;
;;457;378;2358;1467;
;;7083;8352;6174;6174;
iNumb:; 458;8540;8820;8532;7641;
;;458;288;2358;1467;
;;8082;8532;6174;6174;
iNumb:; 459;9540;9810;9621;8532;7641;
;;459;189;1269;2358;1467;
;;9081;9621;8352;6174;6174;
iNumb:; 460;6400;6543;8730;8532;7641;
;;46;3456;378;2358;1467;
;;6354;3087;8352;6174;6174;
iNumb:; 461;6410;6642;7641;7641;
;;146;2466;1467;1467;
;;6264;4176;6174;6174;
iNumb:; 462;6420;7641;
;;246;1467;
;;6174;6174;
iNumb:; 463;6430;8640;8721;7443;9963;6642;7641;7641;
;;346;468;1278;3447;3699;2466;1467;1467;
;;6084;8172;7443;3996;6264;4176;6174;6174;
iNumb:; 464;6440;9954;5553;9981;8820;8532;7641;
;;446;4599;3555;1899;288;2358;1467;
;;5994;5355;1998;8082;8532;6174;6174;
iNumb:; 465;6540;8640;8721;7443;9963;6642;7641;7641;
;;456;468;1278;3447;3699;2466;1467;1467;
;;6084;8172;7443;3996;6264;4176;6174;6174;
iNumb:; 466;6640;7641;
;;466;1467;
;;6174;6174;
iNumb:; 467;7640;7731;6543;8730;8532;7641;
;;467;1377;3456;378;2358;1467;
;;7173;6354;3087;8352;6174;6174;
iNumb:; 468;8640;8721;7443;9963;6642;7641;7641;
;;468;1278;3447;3699;2466;1467;1467;
;;8172;7443;3996;6264;4176;6174;6174;
iNumb:; 469;9640;9711;8532;7641;
;;469;1179;2358;1467;
;;9171;8532;6174;6174;
iNumb:; 470;7400;7533;7641;7641;
;;47;3357;1467;1467;
;;7353;4176;6174;6174;
iNumb:; 471;7410;7632;6552;9963;6642;7641;7641;
;;147;2367;2556;3699;2466;1467;1467;
;;7263;5265;3996;6264;4176;6174;6174;
iNumb:; 472;7420;7731;6543;8730;8532;7641;
;;247;1377;3456;378;2358;1467;
;;7173;6354;3087;8352;6174;6174;
iNumb:; 473;7430;8730;8532;7641;
;;347;378;2358;1467;
;;7083;8352;6174;6174;
iNumb:; 474;7440;9963;6642;7641;7641;
;;447;3699;2466;1467;1467;
;;6993;6264;4176;6174;6174;
iNumb:; 475;7540;8730;8532;7641;
;;457;378;2358;1467;
;;7083;8352;6174;6174;
iNumb:; 476;7640;7731;6543;8730;8532;7641;
;;467;1377;3456;378;2358;1467;
;;7173;6354;3087;8352;6174;6174;
iNumb:; 477;7740;7632;6552;9963;6642;7641;7641;
;;477;2367;2556;3699;2466;1467;1467;
;;7263;5265;3996;6264;4176;6174;6174;
iNumb:; 478;8740;8622;6543;8730;8532;7641;
;;478;2268;3456;378;2358;1467;
;;8262;6354;3087;8352;6174;6174;
iNumb:; 479;9740;9621;8532;7641;
;;479;1269;2358;1467;
;;9261;8352;6174;6174;
iNumb:; 480;8400;8532;7641;
;;48;2358;1467;
;;8352;6174;6174;
iNumb:; 481;8410;8622;6543;8730;8532;7641;
;;148;2268;3456;378;2358;1467;
;;8262;6354;3087;8352;6174;6174;
iNumb:; 482;8420;8721;7443;9963;6642;7641;7641;
;;248;1278;3447;3699;2466;1467;1467;
;;8172;7443;3996;6264;4176;6174;6174;
iNumb:; 483;8430;8820;8532;7641;
;;348;288;2358;1467;
;;8082;8532;6174;6174;
iNumb:; 484;8440;9972;7731;6543;8730;8532;7641;
;;448;2799;1377;3456;378;2358;1467;
;;7992;7173;6354;3087;8352;6174;6174;
iNumb:; 485;8540;8820;8532;7641;
;;458;288;2358;1467;
;;8082;8532;6174;6174;
iNumb:; 486;8640;8721;7443;9963;6642;7641;7641;
;;468;1278;3447;3699;2466;1467;1467;
;;8172;7443;3996;6264;4176;6174;6174;
iNumb:; 487;8740;8622;6543;8730;8532;7641;
;;478;2268;3456;378;2358;1467;
;;8262;6354;3087;8352;6174;6174;
iNumb:; 488;8840;8532;7641;
;;488;2358;1467;
;;8352;6174;6174;
iNumb:; 489;9840;9531;8721;7443;9963;6642;7641;7641;
;;489;1359;1278;3447;3699;2466;1467;1467;
;;9351;8172;7443;3996;6264;4176;6174;6174;
iNumb:; 490;9400;9531;8721;7443;9963;6642;7641;7641;
;;49;1359;1278;3447;3699;2466;1467;1467;
;;9351;8172;7443;3996;6264;4176;6174;6174;
iNumb:; 491;9410;9621;8532;7641;
;;149;1269;2358;1467;
;;9261;8352;6174;6174;
iNumb:; 492;9420;9711;8532;7641;
;;249;1179;2358;1467;
;;9171;8532;6174;6174;
iNumb:; 493;9430;9810;9621;8532;7641;
;;349;189;1269;2358;1467;
;;9081;9621;8352;6174;6174;
iNumb:; 494;9440;9981;8820;8532;7641;
;;449;1899;288;2358;1467;
;;8991;8082;8532;6174;6174;
iNumb:; 495;9540;9810;9621;8532;7641;
;;459;189;1269;2358;1467;
;;9081;9621;8352;6174;6174;
iNumb:; 496;9640;9711;8532;7641;
;;469;1179;2358;1467;
;;9171;8532;6174;6174;
iNumb:; 497;9740;9621;8532;7641;
;;479;1269;2358;1467;
;;9261;8352;6174;6174;
iNumb:; 498;9840;9531;8721;7443;9963;6642;7641;7641;
;;489;1359;1278;3447;3699;2466;1467;1467;
;;9351;8172;7443;3996;6264;4176;6174;6174;
iNumb:; 499;9940;9441;9972;7731;6543;8730;8532;7641;
;;499;1449;2799;1377;3456;378;2358;1467;
;;9441;7992;7173;6354;3087;8352;6174;6174;
iNumb:; 500;5000;9954;5553;9981;8820;8532;7641;
;;5;4599;3555;1899;288;2358;1467;
;;4995;5355;1998;8082;8532;6174;6174;
iNumb:; 501;5100;8550;9972;7731;6543;8730;8532;7641;
;;15;558;2799;1377;3456;378;2358;1467;
;;5085;7992;7173;6354;3087;8352;6174;6174;
iNumb:; 502;5200;7551;9954;5553;9981;8820;8532;7641;
;;25;1557;4599;3555;1899;288;2358;1467;
;;5175;5994;5355;1998;8082;8532;6174;6174;
iNumb:; 503;5300;6552;9963;6642;7641;7641;
;;35;2556;3699;2466;1467;1467;
;;5265;3996;6264;4176;6174;6174;
iNumb:; 504;5400;5553;9981;8820;8532;7641;
;;45;3555;1899;288;2358;1467;
;;5355;1998;8082;8532;6174;6174;
iNumb:; 505;5500;5544;9810;9621;8532;7641;
;;55;4455;189;1269;2358;1467;
;;5445;1089;9621;8352;6174;6174;
iNumb:; 506;6500;6444;9981;8820;8532;7641;
;;56;4446;1899;288;2358;1467;
;;6444;1998;8082;8532;6174;6174;
iNumb:; 507;7500;7443;9963;6642;7641;7641;
;;57;3447;3699;2466;1467;1467;
;;7443;3996;6264;4176;6174;6174;
iNumb:; 508;8500;8442;9954;5553;9981;8820;8532;7641;
;;58;2448;4599;3555;1899;288;2358;1467;
;;8442;5994;5355;1998;8082;8532;6174;6174;
iNumb:; 509;9500;9441;9972;7731;6543;8730;8532;7641;
;;59;1449;2799;1377;3456;378;2358;1467;
;;9441;7992;7173;6354;3087;8352;6174;6174;
iNumb:; 510;5100;8550;9972;7731;6543;8730;8532;7641;
;;15;558;2799;1377;3456;378;2358;1467;
;;5085;7992;7173;6354;3087;8352;6174;6174;
iNumb:; 511;5110;9954;5553;9981;8820;8532;7641;
;;115;4599;3555;1899;288;2358;1467;
;;4995;5355;1998;8082;8532;6174;6174;
iNumb:; 512;5210;8550;9972;7731;6543;8730;8532;7641;
;;125;558;2799;1377;3456;378;2358;1467;
;;5085;7992;7173;6354;3087;8352;6174;6174;
iNumb:; 513;5310;7551;9954;5553;9981;8820;8532;7641;
;;135;1557;4599;3555;1899;288;2358;1467;
;;5175;5994;5355;1998;8082;8532;6174;6174;
iNumb:; 514;5410;6552;9963;6642;7641;7641;
;;145;2556;3699;2466;1467;1467;
;;5265;3996;6264;4176;6174;6174;
iNumb:; 515;5510;5553;9981;8820;8532;7641;
;;155;3555;1899;288;2358;1467;
;;5355;1998;8082;8532;6174;6174;
iNumb:; 516;6510;6543;8730;8532;7641;
;;156;3456;378;2358;1467;
;;6354;3087;8352;6174;6174;
iNumb:; 517;7510;7533;7641;7641;
;;157;3357;1467;1467;
;;7353;4176;6174;6174;
iNumb:; 518;8510;8532;7641;
;;158;2358;1467;
;;8352;6174;6174;
iNumb:; 519;9510;9531;8721;7443;9963;6642;7641;7641;
;;159;1359;1278;3447;3699;2466;1467;1467;
;;9351;8172;7443;3996;6264;4176;6174;6174;
iNumb:; 520;5200;7551;9954;5553;9981;8820;8532;7641;
;;25;1557;4599;3555;1899;288;2358;1467;
;;5175;5994;5355;1998;8082;8532;6174;6174;
iNumb:; 521;5210;8550;9972;7731;6543;8730;8532;7641;
;;125;558;2799;1377;3456;378;2358;1467;
;;5085;7992;7173;6354;3087;8352;6174;6174;
iNumb:; 522;5220;9954;5553;9981;8820;8532;7641;
;;225;4599;3555;1899;288;2358;1467;
;;4995;5355;1998;8082;8532;6174;6174;
iNumb:; 523;5320;8550;9972;7731;6543;8730;8532;7641;
;;235;558;2799;1377;3456;378;2358;1467;
;;5085;7992;7173;6354;3087;8352;6174;6174;
iNumb:; 524;5420;7551;9954;5553;9981;8820;8532;7641;
;;245;1557;4599;3555;1899;288;2358;1467;
;;5175;5994;5355;1998;8082;8532;6174;6174;
iNumb:; 525;5520;6552;9963;6642;7641;7641;
;;255;2556;3699;2466;1467;1467;
;;5265;3996;6264;4176;6174;6174;
iNumb:; 526;6520;6642;7641;7641;
;;256;2466;1467;1467;
;;6264;4176;6174;6174;
iNumb:; 527;7520;7632;6552;9963;6642;7641;7641;
;;257;2367;2556;3699;2466;1467;1467;
;;7263;5265;3996;6264;4176;6174;6174;
iNumb:; 528;8520;8622;6543;8730;8532;7641;
;;258;2268;3456;378;2358;1467;
;;8262;6354;3087;8352;6174;6174;
iNumb:; 529;9520;9621;8532;7641;
;;259;1269;2358;1467;
;;9261;8352;6174;6174;
iNumb:; 530;5300;6552;9963;6642;7641;7641;
;;35;2556;3699;2466;1467;1467;
;;5265;3996;6264;4176;6174;6174;
iNumb:; 531;5310;7551;9954;5553;9981;8820;8532;7641;
;;135;1557;4599;3555;1899;288;2358;1467;
;;5175;5994;5355;1998;8082;8532;6174;6174;
iNumb:; 532;5320;8550;9972;7731;6543;8730;8532;7641;
;;235;558;2799;1377;3456;378;2358;1467;
;;5085;7992;7173;6354;3087;8352;6174;6174;
iNumb:; 533;5330;9954;5553;9981;8820;8532;7641;
;;335;4599;3555;1899;288;2358;1467;
;;4995;5355;1998;8082;8532;6174;6174;
iNumb:; 534;5430;8550;9972;7731;6543;8730;8532;7641;
;;345;558;2799;1377;3456;378;2358;1467;
;;5085;7992;7173;6354;3087;8352;6174;6174;
iNumb:; 535;5530;7551;9954;5553;9981;8820;8532;7641;
;;355;1557;4599;3555;1899;288;2358;1467;
;;5175;5994;5355;1998;8082;8532;6174;6174;
iNumb:; 536;6530;7641;
;;356;1467;
;;6174;6174;
iNumb:; 537;7530;7731;6543;8730;8532;7641;
;;357;1377;3456;378;2358;1467;
;;7173;6354;3087;8352;6174;6174;
iNumb:; 538;8530;8721;7443;9963;6642;7641;7641;
;;358;1278;3447;3699;2466;1467;1467;
;;8172;7443;3996;6264;4176;6174;6174;
iNumb:; 539;9530;9711;8532;7641;
;;359;1179;2358;1467;
;;9171;8532;6174;6174;
iNumb:; 540;5400;5553;9981;8820;8532;7641;
;;45;3555;1899;288;2358;1467;
;;5355;1998;8082;8532;6174;6174;
iNumb:; 541;5410;6552;9963;6642;7641;7641;
;;145;2556;3699;2466;1467;1467;
;;5265;3996;6264;4176;6174;6174;
iNumb:; 542;5420;7551;9954;5553;9981;8820;8532;7641;
;;245;1557;4599;3555;1899;288;2358;1467;
;;5175;5994;5355;1998;8082;8532;6174;6174;
iNumb:; 543;5430;8550;9972;7731;6543;8730;8532;7641;
;;345;558;2799;1377;3456;378;2358;1467;
;;5085;7992;7173;6354;3087;8352;6174;6174;
iNumb:; 544;5440;9954;5553;9981;8820;8532;7641;
;;445;4599;3555;1899;288;2358;1467;
;;4995;5355;1998;8082;8532;6174;6174;
iNumb:; 545;5540;8550;9972;7731;6543;8730;8532;7641;
;;455;558;2799;1377;3456;378;2358;1467;
;;5085;7992;7173;6354;3087;8352;6174;6174;
iNumb:; 546;6540;8640;8721;7443;9963;6642;7641;7641;
;;456;468;1278;3447;3699;2466;1467;1467;
;;6084;8172;7443;3996;6264;4176;6174;6174;
iNumb:; 547;7540;8730;8532;7641;
;;457;378;2358;1467;
;;7083;8352;6174;6174;
iNumb:; 548;8540;8820;8532;7641;
;;458;288;2358;1467;
;;8082;8532;6174;6174;
iNumb:; 549;9540;9810;9621;8532;7641;
;;459;189;1269;2358;1467;
;;9081;9621;8352;6174;6174;
iNumb:; 550;5500;5544;9810;9621;8532;7641;
;;55;4455;189;1269;2358;1467;
;;5445;1089;9621;8352;6174;6174;
iNumb:; 551;5510;5553;9981;8820;8532;7641;
;;155;3555;1899;288;2358;1467;
;;5355;1998;8082;8532;6174;6174;
iNumb:; 552;5520;6552;9963;6642;7641;7641;
;;255;2556;3699;2466;1467;1467;
;;5265;3996;6264;4176;6174;6174;
iNumb:; 553;5530;7551;9954;5553;9981;8820;8532;7641;
;;355;1557;4599;3555;1899;288;2358;1467;
;;5175;5994;5355;1998;8082;8532;6174;6174;
iNumb:; 554;5540;8550;9972;7731;6543;8730;8532;7641;
;;455;558;2799;1377;3456;378;2358;1467;
;;5085;7992;7173;6354;3087;8352;6174;6174;
iNumb:; 555;5550;9954;5553;9981;8820;8532;7641;
;;555;4599;3555;1899;288;2358;1467;
;;4995;5355;1998;8082;8532;6174;6174;
iNumb:; 556;6550;9954;5553;9981;8820;8532;7641;
;;556;4599;3555;1899;288;2358;1467;
;;5994;5355;1998;8082;8532;6174;6174;
iNumb:; 557;7550;9963;6642;7641;7641;
;;557;3699;2466;1467;1467;
;;6993;6264;4176;6174;6174;
iNumb:; 558;8550;9972;7731;6543;8730;8532;7641;
;;558;2799;1377;3456;378;2358;1467;
;;7992;7173;6354;3087;8352;6174;6174;
iNumb:; 559;9550;9981;8820;8532;7641;
;;559;1899;288;2358;1467;
;;8991;8082;8532;6174;6174;
iNumb:; 560;6500;6444;9981;8820;8532;7641;
;;56;4446;1899;288;2358;1467;
;;6444;1998;8082;8532;6174;6174;
iNumb:; 561;6510;6543;8730;8532;7641;
;;156;3456;378;2358;1467;
;;6354;3087;8352;6174;6174;
iNumb:; 562;6520;6642;7641;7641;
;;256;2466;1467;1467;
;;6264;4176;6174;6174;
iNumb:; 563;6530;7641;
;;356;1467;
;;6174;6174;
iNumb:; 564;6540;8640;8721;7443;9963;6642;7641;7641;
;;456;468;1278;3447;3699;2466;1467;1467;
;;6084;8172;7443;3996;6264;4176;6174;6174;
iNumb:; 565;6550;9954;5553;9981;8820;8532;7641;
;;556;4599;3555;1899;288;2358;1467;
;;5994;5355;1998;8082;8532;6174;6174;
iNumb:; 566;6650;8640;8721;7443;9963;6642;7641;7641;
;;566;468;1278;3447;3699;2466;1467;1467;
;;6084;8172;7443;3996;6264;4176;6174;6174;
iNumb:; 567;7650;8730;8532;7641;
;;567;378;2358;1467;
;;7083;8352;6174;6174;
iNumb:; 568;8650;8820;8532;7641;
;;568;288;2358;1467;
;;8082;8532;6174;6174;
iNumb:; 569;9650;9810;9621;8532;7641;
;;569;189;1269;2358;1467;
;;9081;9621;8352;6174;6174;
iNumb:; 570;7500;7443;9963;6642;7641;7641;
;;57;3447;3699;2466;1467;1467;
;;7443;3996;6264;4176;6174;6174;
iNumb:; 571;7510;7533;7641;7641;
;;157;3357;1467;1467;
;;7353;4176;6174;6174;
iNumb:; 572;7520;7632;6552;9963;6642;7641;7641;
;;257;2367;2556;3699;2466;1467;1467;
;;7263;5265;3996;6264;4176;6174;6174;
iNumb:; 573;7530;7731;6543;8730;8532;7641;
;;357;1377;3456;378;2358;1467;
;;7173;6354;3087;8352;6174;6174;
iNumb:; 574;7540;8730;8532;7641;
;;457;378;2358;1467;
;;7083;8352;6174;6174;
iNumb:; 575;7550;9963;6642;7641;7641;
;;557;3699;2466;1467;1467;
;;6993;6264;4176;6174;6174;
iNumb:; 576;7650;8730;8532;7641;
;;567;378;2358;1467;
;;7083;8352;6174;6174;
iNumb:; 577;7750;7731;6543;8730;8532;7641;
;;577;1377;3456;378;2358;1467;
;;7173;6354;3087;8352;6174;6174;
iNumb:; 578;8750;8721;7443;9963;6642;7641;7641;
;;578;1278;3447;3699;2466;1467;1467;
;;8172;7443;3996;6264;4176;6174;6174;
iNumb:; 579;9750;9711;8532;7641;
;;579;1179;2358;1467;
;;9171;8532;6174;6174;
iNumb:; 580;8500;8442;9954;5553;9981;8820;8532;7641;
;;58;2448;4599;3555;1899;288;2358;1467;
;;8442;5994;5355;1998;8082;8532;6174;6174;
iNumb:; 581;8510;8532;7641;
;;158;2358;1467;
;;8352;6174;6174;
iNumb:; 582;8520;8622;6543;8730;8532;7641;
;;258;2268;3456;378;2358;1467;
;;8262;6354;3087;8352;6174;6174;
iNumb:; 583;8530;8721;7443;9963;6642;7641;7641;
;;358;1278;3447;3699;2466;1467;1467;
;;8172;7443;3996;6264;4176;6174;6174;
iNumb:; 584;8540;8820;8532;7641;
;;458;288;2358;1467;
;;8082;8532;6174;6174;
iNumb:; 585;8550;9972;7731;6543;8730;8532;7641;
;;558;2799;1377;3456;378;2358;1467;
;;7992;7173;6354;3087;8352;6174;6174;
iNumb:; 586;8650;8820;8532;7641;
;;568;288;2358;1467;
;;8082;8532;6174;6174;
iNumb:; 587;8750;8721;7443;9963;6642;7641;7641;
;;578;1278;3447;3699;2466;1467;1467;
;;8172;7443;3996;6264;4176;6174;6174;
iNumb:; 588;8850;8622;6543;8730;8532;7641;
;;588;2268;3456;378;2358;1467;
;;8262;6354;3087;8352;6174;6174;
iNumb:; 589;9850;9621;8532;7641;
;;589;1269;2358;1467;
;;9261;8352;6174;6174;
iNumb:; 590;9500;9441;9972;7731;6543;8730;8532;7641;
;;59;1449;2799;1377;3456;378;2358;1467;
;;9441;7992;7173;6354;3087;8352;6174;6174;
iNumb:; 591;9510;9531;8721;7443;9963;6642;7641;7641;
;;159;1359;1278;3447;3699;2466;1467;1467;
;;9351;8172;7443;3996;6264;4176;6174;6174;
iNumb:; 592;9520;9621;8532;7641;
;;259;1269;2358;1467;
;;9261;8352;6174;6174;
iNumb:; 593;9530;9711;8532;7641;
;;359;1179;2358;1467;
;;9171;8532;6174;6174;
iNumb:; 594;9540;9810;9621;8532;7641;
;;459;189;1269;2358;1467;
;;9081;9621;8352;6174;6174;
iNumb:; 595;9550;9981;8820;8532;7641;
;;559;1899;288;2358;1467;
;;8991;8082;8532;6174;6174;
iNumb:; 596;9650;9810;9621;8532;7641;
;;569;189;1269;2358;1467;
;;9081;9621;8352;6174;6174;
iNumb:; 597;9750;9711;8532;7641;
;;579;1179;2358;1467;
;;9171;8532;6174;6174;
iNumb:; 598;9850;9621;8532;7641;
;;589;1269;2358;1467;
;;9261;8352;6174;6174;
iNumb:; 599;9950;9531;8721;7443;9963;6642;7641;7641;
;;599;1359;1278;3447;3699;2466;1467;1467;
;;9351;8172;7443;3996;6264;4176;6174;6174;
iNumb:; 600;6000;9954;5553;9981;8820;8532;7641;
;;6;4599;3555;1899;288;2358;1467;
;;5994;5355;1998;8082;8532;6174;6174;
iNumb:; 601;6100;8640;8721;7443;9963;6642;7641;7641;
;;16;468;1278;3447;3699;2466;1467;1467;
;;6084;8172;7443;3996;6264;4176;6174;6174;
iNumb:; 602;6200;7641;
;;26;1467;
;;6174;6174;
iNumb:; 603;6300;6642;7641;7641;
;;36;2466;1467;1467;
;;6264;4176;6174;6174;
iNumb:; 604;6400;6543;8730;8532;7641;
;;46;3456;378;2358;1467;
;;6354;3087;8352;6174;6174;
iNumb:; 605;6500;6444;9981;8820;8532;7641;
;;56;4446;1899;288;2358;1467;
;;6444;1998;8082;8532;6174;6174;
iNumb:; 606;6600;6543;8730;8532;7641;
;;66;3456;378;2358;1467;
;;6534;3087;8352;6174;6174;
iNumb:; 607;7600;7533;7641;7641;
;;67;3357;1467;1467;
;;7533;4176;6174;6174;
iNumb:; 608;8600;8532;7641;
;;68;2358;1467;
;;8532;6174;6174;
iNumb:; 609;9600;9531;8721;7443;9963;6642;7641;7641;
;;69;1359;1278;3447;3699;2466;1467;1467;
;;9531;8172;7443;3996;6264;4176;6174;6174;
iNumb:; 610;6100;8640;8721;7443;9963;6642;7641;7641;
;;16;468;1278;3447;3699;2466;1467;1467;
;;6084;8172;7443;3996;6264;4176;6174;6174;
iNumb:; 611;6110;9954;5553;9981;8820;8532;7641;
;;116;4599;3555;1899;288;2358;1467;
;;5994;5355;1998;8082;8532;6174;6174;
iNumb:; 612;6210;8640;8721;7443;9963;6642;7641;7641;
;;126;468;1278;3447;3699;2466;1467;1467;
;;6084;8172;7443;3996;6264;4176;6174;6174;
iNumb:; 613;6310;7641;
;;136;1467;
;;6174;6174;
iNumb:; 614;6410;6642;7641;7641;
;;146;2466;1467;1467;
;;6264;4176;6174;6174;
iNumb:; 615;6510;6543;8730;8532;7641;
;;156;3456;378;2358;1467;
;;6354;3087;8352;6174;6174;
iNumb:; 616;6610;6444;9981;8820;8532;7641;
;;166;4446;1899;288;2358;1467;
;;6444;1998;8082;8532;6174;6174;
iNumb:; 617;7610;7443;9963;6642;7641;7641;
;;167;3447;3699;2466;1467;1467;
;;7443;3996;6264;4176;6174;6174;
iNumb:; 618;8610;8442;9954;5553;9981;8820;8532;7641;
;;168;2448;4599;3555;1899;288;2358;1467;
;;8442;5994;5355;1998;8082;8532;6174;6174;
iNumb:; 619;9610;9441;9972;7731;6543;8730;8532;7641;
;;169;1449;2799;1377;3456;378;2358;1467;
;;9441;7992;7173;6354;3087;8352;6174;6174;
iNumb:; 620;6200;7641;
;;26;1467;
;;6174;6174;
iNumb:; 621;6210;8640;8721;7443;9963;6642;7641;7641;
;;126;468;1278;3447;3699;2466;1467;1467;
;;6084;8172;7443;3996;6264;4176;6174;6174;
iNumb:; 622;6220;9954;5553;9981;8820;8532;7641;
;;226;4599;3555;1899;288;2358;1467;
;;5994;5355;1998;8082;8532;6174;6174;
iNumb:; 623;6320;8640;8721;7443;9963;6642;7641;7641;
;;236;468;1278;3447;3699;2466;1467;1467;
;;6084;8172;7443;3996;6264;4176;6174;6174;
iNumb:; 624;6420;7641;
;;246;1467;
;;6174;6174;
iNumb:; 625;6520;6642;7641;7641;
;;256;2466;1467;1467;
;;6264;4176;6174;6174;
iNumb:; 626;6620;6543;8730;8532;7641;
;;266;3456;378;2358;1467;
;;6354;3087;8352;6174;6174;
iNumb:; 627;7620;7533;7641;7641;
;;267;3357;1467;1467;
;;7353;4176;6174;6174;
iNumb:; 628;8620;8532;7641;
;;268;2358;1467;
;;8352;6174;6174;
iNumb:; 629;9620;9531;8721;7443;9963;6642;7641;7641;
;;269;1359;1278;3447;3699;2466;1467;1467;
;;9351;8172;7443;3996;6264;4176;6174;6174;
iNumb:; 630;6300;6642;7641;7641;
;;36;2466;1467;1467;
;;6264;4176;6174;6174;
iNumb:; 631;6310;7641;
;;136;1467;
;;6174;6174;
iNumb:; 632;6320;8640;8721;7443;9963;6642;7641;7641;
;;236;468;1278;3447;3699;2466;1467;1467;
;;6084;8172;7443;3996;6264;4176;6174;6174;
iNumb:; 633;6330;9954;5553;9981;8820;8532;7641;
;;336;4599;3555;1899;288;2358;1467;
;;5994;5355;1998;8082;8532;6174;6174;
iNumb:; 634;6430;8640;8721;7443;9963;6642;7641;7641;
;;346;468;1278;3447;3699;2466;1467;1467;
;;6084;8172;7443;3996;6264;4176;6174;6174;
iNumb:; 635;6530;7641;
;;356;1467;
;;6174;6174;
iNumb:; 636;6630;6642;7641;7641;
;;366;2466;1467;1467;
;;6264;4176;6174;6174;
iNumb:; 637;7630;7632;6552;9963;6642;7641;7641;
;;367;2367;2556;3699;2466;1467;1467;
;;7263;5265;3996;6264;4176;6174;6174;
iNumb:; 638;8630;8622;6543;8730;8532;7641;
;;368;2268;3456;378;2358;1467;
;;8262;6354;3087;8352;6174;6174;
iNumb:; 639;9630;9621;8532;7641;
;;369;1269;2358;1467;
;;9261;8352;6174;6174;
iNumb:; 640;6400;6543;8730;8532;7641;
;;46;3456;378;2358;1467;
;;6354;3087;8352;6174;6174;
iNumb:; 641;6410;6642;7641;7641;
;;146;2466;1467;1467;
;;6264;4176;6174;6174;
iNumb:; 642;6420;7641;
;;246;1467;
;;6174;6174;
iNumb:; 643;6430;8640;8721;7443;9963;6642;7641;7641;
;;346;468;1278;3447;3699;2466;1467;1467;
;;6084;8172;7443;3996;6264;4176;6174;6174;
iNumb:; 644;6440;9954;5553;9981;8820;8532;7641;
;;446;4599;3555;1899;288;2358;1467;
;;5994;5355;1998;8082;8532;6174;6174;
iNumb:; 645;6540;8640;8721;7443;9963;6642;7641;7641;
;;456;468;1278;3447;3699;2466;1467;1467;
;;6084;8172;7443;3996;6264;4176;6174;6174;
iNumb:; 646;6640;7641;
;;466;1467;
;;6174;6174;
iNumb:; 647;7640;7731;6543;8730;8532;7641;
;;467;1377;3456;378;2358;1467;
;;7173;6354;3087;8352;6174;6174;
iNumb:; 648;8640;8721;7443;9963;6642;7641;7641;
;;468;1278;3447;3699;2466;1467;1467;
;;8172;7443;3996;6264;4176;6174;6174;
iNumb:; 649;9640;9711;8532;7641;
;;469;1179;2358;1467;
;;9171;8532;6174;6174;
iNumb:; 650;6500;6444;9981;8820;8532;7641;
;;56;4446;1899;288;2358;1467;
;;6444;1998;8082;8532;6174;6174;
iNumb:; 651;6510;6543;8730;8532;7641;
;;156;3456;378;2358;1467;
;;6354;3087;8352;6174;6174;
iNumb:; 652;6520;6642;7641;7641;
;;256;2466;1467;1467;
;;6264;4176;6174;6174;
iNumb:; 653;6530;7641;
;;356;1467;
;;6174;6174;
iNumb:; 654;6540;8640;8721;7443;9963;6642;7641;7641;
;;456;468;1278;3447;3699;2466;1467;1467;
;;6084;8172;7443;3996;6264;4176;6174;6174;
iNumb:; 655;6550;9954;5553;9981;8820;8532;7641;
;;556;4599;3555;1899;288;2358;1467;
;;5994;5355;1998;8082;8532;6174;6174;
iNumb:; 656;6650;8640;8721;7443;9963;6642;7641;7641;
;;566;468;1278;3447;3699;2466;1467;1467;
;;6084;8172;7443;3996;6264;4176;6174;6174;
iNumb:; 657;7650;8730;8532;7641;
;;567;378;2358;1467;
;;7083;8352;6174;6174;
iNumb:; 658;8650;8820;8532;7641;
;;568;288;2358;1467;
;;8082;8532;6174;6174;
iNumb:; 659;9650;9810;9621;8532;7641;
;;569;189;1269;2358;1467;
;;9081;9621;8352;6174;6174;
iNumb:; 660;6600;6543;8730;8532;7641;
;;66;3456;378;2358;1467;
;;6534;3087;8352;6174;6174;
iNumb:; 661;6610;6444;9981;8820;8532;7641;
;;166;4446;1899;288;2358;1467;
;;6444;1998;8082;8532;6174;6174;
iNumb:; 662;6620;6543;8730;8532;7641;
;;266;3456;378;2358;1467;
;;6354;3087;8352;6174;6174;
iNumb:; 663;6630;6642;7641;7641;
;;366;2466;1467;1467;
;;6264;4176;6174;6174;
iNumb:; 664;6640;7641;
;;466;1467;
;;6174;6174;
iNumb:; 665;6650;8640;8721;7443;9963;6642;7641;7641;
;;566;468;1278;3447;3699;2466;1467;1467;
;;6084;8172;7443;3996;6264;4176;6174;6174;
iNumb:; 666;6660;9954;5553;9981;8820;8532;7641;
;;666;4599;3555;1899;288;2358;1467;
;;5994;5355;1998;8082;8532;6174;6174;
iNumb:; 667;7660;9963;6642;7641;7641;
;;667;3699;2466;1467;1467;
;;6993;6264;4176;6174;6174;
iNumb:; 668;8660;9972;7731;6543;8730;8532;7641;
;;668;2799;1377;3456;378;2358;1467;
;;7992;7173;6354;3087;8352;6174;6174;
iNumb:; 669;9660;9981;8820;8532;7641;
;;669;1899;288;2358;1467;
;;8991;8082;8532;6174;6174;
iNumb:; 670;7600;7533;7641;7641;
;;67;3357;1467;1467;
;;7533;4176;6174;6174;
iNumb:; 671;7610;7443;9963;6642;7641;7641;
;;167;3447;3699;2466;1467;1467;
;;7443;3996;6264;4176;6174;6174;
iNumb:; 672;7620;7533;7641;7641;
;;267;3357;1467;1467;
;;7353;4176;6174;6174;
iNumb:; 673;7630;7632;6552;9963;6642;7641;7641;
;;367;2367;2556;3699;2466;1467;1467;
;;7263;5265;3996;6264;4176;6174;6174;
iNumb:; 674;7640;7731;6543;8730;8532;7641;
;;467;1377;3456;378;2358;1467;
;;7173;6354;3087;8352;6174;6174;
iNumb:; 675;7650;8730;8532;7641;
;;567;378;2358;1467;
;;7083;8352;6174;6174;
iNumb:; 676;7660;9963;6642;7641;7641;
;;667;3699;2466;1467;1467;
;;6993;6264;4176;6174;6174;
iNumb:; 677;7760;8730;8532;7641;
;;677;378;2358;1467;
;;7083;8352;6174;6174;
iNumb:; 678;8760;8820;8532;7641;
;;678;288;2358;1467;
;;8082;8532;6174;6174;
iNumb:; 679;9760;9810;9621;8532;7641;
;;679;189;1269;2358;1467;
;;9081;9621;8352;6174;6174;
iNumb:; 680;8600;8532;7641;
;;68;2358;1467;
;;8532;6174;6174;
iNumb:; 681;8610;8442;9954;5553;9981;8820;8532;7641;
;;168;2448;4599;3555;1899;288;2358;1467;
;;8442;5994;5355;1998;8082;8532;6174;6174;
iNumb:; 682;8620;8532;7641;
;;268;2358;1467;
;;8352;6174;6174;
iNumb:; 683;8630;8622;6543;8730;8532;7641;
;;368;2268;3456;378;2358;1467;
;;8262;6354;3087;8352;6174;6174;
iNumb:; 684;8640;8721;7443;9963;6642;7641;7641;
;;468;1278;3447;3699;2466;1467;1467;
;;8172;7443;3996;6264;4176;6174;6174;
iNumb:; 685;8650;8820;8532;7641;
;;568;288;2358;1467;
;;8082;8532;6174;6174;
iNumb:; 686;8660;9972;7731;6543;8730;8532;7641;
;;668;2799;1377;3456;378;2358;1467;
;;7992;7173;6354;3087;8352;6174;6174;
iNumb:; 687;8760;8820;8532;7641;
;;678;288;2358;1467;
;;8082;8532;6174;6174;
iNumb:; 688;8860;8721;7443;9963;6642;7641;7641;
;;688;1278;3447;3699;2466;1467;1467;
;;8172;7443;3996;6264;4176;6174;6174;
iNumb:; 689;9860;9711;8532;7641;
;;689;1179;2358;1467;
;;9171;8532;6174;6174;
iNumb:; 690;9600;9531;8721;7443;9963;6642;7641;7641;
;;69;1359;1278;3447;3699;2466;1467;1467;
;;9531;8172;7443;3996;6264;4176;6174;6174;
iNumb:; 691;9610;9441;9972;7731;6543;8730;8532;7641;
;;169;1449;2799;1377;3456;378;2358;1467;
;;9441;7992;7173;6354;3087;8352;6174;6174;
iNumb:; 692;9620;9531;8721;7443;9963;6642;7641;7641;
;;269;1359;1278;3447;3699;2466;1467;1467;
;;9351;8172;7443;3996;6264;4176;6174;6174;
iNumb:; 693;9630;9621;8532;7641;
;;369;1269;2358;1467;
;;9261;8352;6174;6174;
iNumb:; 694;9640;9711;8532;7641;
;;469;1179;2358;1467;
;;9171;8532;6174;6174;
iNumb:; 695;9650;9810;9621;8532;7641;
;;569;189;1269;2358;1467;
;;9081;9621;8352;6174;6174;
iNumb:; 696;9660;9981;8820;8532;7641;
;;669;1899;288;2358;1467;
;;8991;8082;8532;6174;6174;
iNumb:; 697;9760;9810;9621;8532;7641;
;;679;189;1269;2358;1467;
;;9081;9621;8352;6174;6174;
iNumb:; 698;9860;9711;8532;7641;
;;689;1179;2358;1467;
;;9171;8532;6174;6174;
iNumb:; 699;9960;9621;8532;7641;
;;699;1269;2358;1467;
;;9261;8352;6174;6174;
iNumb:; 700;7000;9963;6642;7641;7641;
;;7;3699;2466;1467;1467;
;;6993;6264;4176;6174;6174;
iNumb:; 701;7100;8730;8532;7641;
;;17;378;2358;1467;
;;7083;8352;6174;6174;
iNumb:; 702;7200;7731;6543;8730;8532;7641;
;;27;1377;3456;378;2358;1467;
;;7173;6354;3087;8352;6174;6174;
iNumb:; 703;7300;7632;6552;9963;6642;7641;7641;
;;37;2367;2556;3699;2466;1467;1467;
;;7263;5265;3996;6264;4176;6174;6174;
iNumb:; 704;7400;7533;7641;7641;
;;47;3357;1467;1467;
;;7353;4176;6174;6174;
iNumb:; 705;7500;7443;9963;6642;7641;7641;
;;57;3447;3699;2466;1467;1467;
;;7443;3996;6264;4176;6174;6174;
iNumb:; 706;7600;7533;7641;7641;
;;67;3357;1467;1467;
;;7533;4176;6174;6174;
iNumb:; 707;7700;7632;6552;9963;6642;7641;7641;
;;77;2367;2556;3699;2466;1467;1467;
;;7623;5265;3996;6264;4176;6174;6174;
iNumb:; 708;8700;8622;6543;8730;8532;7641;
;;78;2268;3456;378;2358;1467;
;;8622;6354;3087;8352;6174;6174;
iNumb:; 709;9700;9621;8532;7641;
;;79;1269;2358;1467;
;;9621;8352;6174;6174;
iNumb:; 710;7100;8730;8532;7641;
;;17;378;2358;1467;
;;7083;8352;6174;6174;
iNumb:; 711;7110;9963;6642;7641;7641;
;;117;3699;2466;1467;1467;
;;6993;6264;4176;6174;6174;
iNumb:; 712;7210;8730;8532;7641;
;;127;378;2358;1467;
;;7083;8352;6174;6174;
iNumb:; 713;7310;7731;6543;8730;8532;7641;
;;137;1377;3456;378;2358;1467;
;;7173;6354;3087;8352;6174;6174;
iNumb:; 714;7410;7632;6552;9963;6642;7641;7641;
;;147;2367;2556;3699;2466;1467;1467;
;;7263;5265;3996;6264;4176;6174;6174;
iNumb:; 715;7510;7533;7641;7641;
;;157;3357;1467;1467;
;;7353;4176;6174;6174;
iNumb:; 716;7610;7443;9963;6642;7641;7641;
;;167;3447;3699;2466;1467;1467;
;;7443;3996;6264;4176;6174;6174;
iNumb:; 717;7710;7533;7641;7641;
;;177;3357;1467;1467;
;;7533;4176;6174;6174;
iNumb:; 718;8710;8532;7641;
;;178;2358;1467;
;;8532;6174;6174;
iNumb:; 719;9710;9531;8721;7443;9963;6642;7641;7641;
;;179;1359;1278;3447;3699;2466;1467;1467;
;;9531;8172;7443;3996;6264;4176;6174;6174;
iNumb:; 720;7200;7731;6543;8730;8532;7641;
;;27;1377;3456;378;2358;1467;
;;7173;6354;3087;8352;6174;6174;
iNumb:; 721;7210;8730;8532;7641;
;;127;378;2358;1467;
;;7083;8352;6174;6174;
iNumb:; 722;7220;9963;6642;7641;7641;
;;227;3699;2466;1467;1467;
;;6993;6264;4176;6174;6174;
iNumb:; 723;7320;8730;8532;7641;
;;237;378;2358;1467;
;;7083;8352;6174;6174;
iNumb:; 724;7420;7731;6543;8730;8532;7641;
;;247;1377;3456;378;2358;1467;
;;7173;6354;3087;8352;6174;6174;
iNumb:; 725;7520;7632;6552;9963;6642;7641;7641;
;;257;2367;2556;3699;2466;1467;1467;
;;7263;5265;3996;6264;4176;6174;6174;
iNumb:; 726;7620;7533;7641;7641;
;;267;3357;1467;1467;
;;7353;4176;6174;6174;
iNumb:; 727;7720;7443;9963;6642;7641;7641;
;;277;3447;3699;2466;1467;1467;
;;7443;3996;6264;4176;6174;6174;
iNumb:; 728;8720;8442;9954;5553;9981;8820;8532;7641;
;;278;2448;4599;3555;1899;288;2358;1467;
;;8442;5994;5355;1998;8082;8532;6174;6174;
iNumb:; 729;9720;9441;9972;7731;6543;8730;8532;7641;
;;279;1449;2799;1377;3456;378;2358;1467;
;;9441;7992;7173;6354;3087;8352;6174;6174;
iNumb:; 730;7300;7632;6552;9963;6642;7641;7641;
;;37;2367;2556;3699;2466;1467;1467;
;;7263;5265;3996;6264;4176;6174;6174;
iNumb:; 731;7310;7731;6543;8730;8532;7641;
;;137;1377;3456;378;2358;1467;
;;7173;6354;3087;8352;6174;6174;
iNumb:; 732;7320;8730;8532;7641;
;;237;378;2358;1467;
;;7083;8352;6174;6174;
iNumb:; 733;7330;9963;6642;7641;7641;
;;337;3699;2466;1467;1467;
;;6993;6264;4176;6174;6174;
iNumb:; 734;7430;8730;8532;7641;
;;347;378;2358;1467;
;;7083;8352;6174;6174;
iNumb:; 735;7530;7731;6543;8730;8532;7641;
;;357;1377;3456;378;2358;1467;
;;7173;6354;3087;8352;6174;6174;
iNumb:; 736;7630;7632;6552;9963;6642;7641;7641;
;;367;2367;2556;3699;2466;1467;1467;
;;7263;5265;3996;6264;4176;6174;6174;
iNumb:; 737;7730;7533;7641;7641;
;;377;3357;1467;1467;
;;7353;4176;6174;6174;
iNumb:; 738;8730;8532;7641;
;;378;2358;1467;
;;8352;6174;6174;
iNumb:; 739;9730;9531;8721;7443;9963;6642;7641;7641;
;;379;1359;1278;3447;3699;2466;1467;1467;
;;9351;8172;7443;3996;6264;4176;6174;6174;
iNumb:; 740;7400;7533;7641;7641;
;;47;3357;1467;1467;
;;7353;4176;6174;6174;
iNumb:; 741;7410;7632;6552;9963;6642;7641;7641;
;;147;2367;2556;3699;2466;1467;1467;
;;7263;5265;3996;6264;4176;6174;6174;
iNumb:; 742;7420;7731;6543;8730;8532;7641;
;;247;1377;3456;378;2358;1467;
;;7173;6354;3087;8352;6174;6174;
iNumb:; 743;7430;8730;8532;7641;
;;347;378;2358;1467;
;;7083;8352;6174;6174;
iNumb:; 744;7440;9963;6642;7641;7641;
;;447;3699;2466;1467;1467;
;;6993;6264;4176;6174;6174;
iNumb:; 745;7540;8730;8532;7641;
;;457;378;2358;1467;
;;7083;8352;6174;6174;
iNumb:; 746;7640;7731;6543;8730;8532;7641;
;;467;1377;3456;378;2358;1467;
;;7173;6354;3087;8352;6174;6174;
iNumb:; 747;7740;7632;6552;9963;6642;7641;7641;
;;477;2367;2556;3699;2466;1467;1467;
;;7263;5265;3996;6264;4176;6174;6174;
iNumb:; 748;8740;8622;6543;8730;8532;7641;
;;478;2268;3456;378;2358;1467;
;;8262;6354;3087;8352;6174;6174;
iNumb:; 749;9740;9621;8532;7641;
;;479;1269;2358;1467;
;;9261;8352;6174;6174;
iNumb:; 750;7500;7443;9963;6642;7641;7641;
;;57;3447;3699;2466;1467;1467;
;;7443;3996;6264;4176;6174;6174;
iNumb:; 751;7510;7533;7641;7641;
;;157;3357;1467;1467;
;;7353;4176;6174;6174;
iNumb:; 752;7520;7632;6552;9963;6642;7641;7641;
;;257;2367;2556;3699;2466;1467;1467;
;;7263;5265;3996;6264;4176;6174;6174;
iNumb:; 753;7530;7731;6543;8730;8532;7641;
;;357;1377;3456;378;2358;1467;
;;7173;6354;3087;8352;6174;6174;
iNumb:; 754;7540;8730;8532;7641;
;;457;378;2358;1467;
;;7083;8352;6174;6174;
iNumb:; 755;7550;9963;6642;7641;7641;
;;557;3699;2466;1467;1467;
;;6993;6264;4176;6174;6174;
iNumb:; 756;7650;8730;8532;7641;
;;567;378;2358;1467;
;;7083;8352;6174;6174;
iNumb:; 757;7750;7731;6543;8730;8532;7641;
;;577;1377;3456;378;2358;1467;
;;7173;6354;3087;8352;6174;6174;
iNumb:; 758;8750;8721;7443;9963;6642;7641;7641;
;;578;1278;3447;3699;2466;1467;1467;
;;8172;7443;3996;6264;4176;6174;6174;
iNumb:; 759;9750;9711;8532;7641;
;;579;1179;2358;1467;
;;9171;8532;6174;6174;
iNumb:; 760;7600;7533;7641;7641;
;;67;3357;1467;1467;
;;7533;4176;6174;6174;
iNumb:; 761;7610;7443;9963;6642;7641;7641;
;;167;3447;3699;2466;1467;1467;
;;7443;3996;6264;4176;6174;6174;
iNumb:; 762;7620;7533;7641;7641;
;;267;3357;1467;1467;
;;7353;4176;6174;6174;
iNumb:; 763;7630;7632;6552;9963;6642;7641;7641;
;;367;2367;2556;3699;2466;1467;1467;
;;7263;5265;3996;6264;4176;6174;6174;
iNumb:; 764;7640;7731;6543;8730;8532;7641;
;;467;1377;3456;378;2358;1467;
;;7173;6354;3087;8352;6174;6174;
iNumb:; 765;7650;8730;8532;7641;
;;567;378;2358;1467;
;;7083;8352;6174;6174;
iNumb:; 766;7660;9963;6642;7641;7641;
;;667;3699;2466;1467;1467;
;;6993;6264;4176;6174;6174;
iNumb:; 767;7760;8730;8532;7641;
;;677;378;2358;1467;
;;7083;8352;6174;6174;
iNumb:; 768;8760;8820;8532;7641;
;;678;288;2358;1467;
;;8082;8532;6174;6174;
iNumb:; 769;9760;9810;9621;8532;7641;
;;679;189;1269;2358;1467;
;;9081;9621;8352;6174;6174;
iNumb:; 770;7700;7632;6552;9963;6642;7641;7641;
;;77;2367;2556;3699;2466;1467;1467;
;;7623;5265;3996;6264;4176;6174;6174;
iNumb:; 771;7710;7533;7641;7641;
;;177;3357;1467;1467;
;;7533;4176;6174;6174;
iNumb:; 772;7720;7443;9963;6642;7641;7641;
;;277;3447;3699;2466;1467;1467;
;;7443;3996;6264;4176;6174;6174;
iNumb:; 773;7730;7533;7641;7641;
;;377;3357;1467;1467;
;;7353;4176;6174;6174;
iNumb:; 774;7740;7632;6552;9963;6642;7641;7641;
;;477;2367;2556;3699;2466;1467;1467;
;;7263;5265;3996;6264;4176;6174;6174;
iNumb:; 775;7750;7731;6543;8730;8532;7641;
;;577;1377;3456;378;2358;1467;
;;7173;6354;3087;8352;6174;6174;
iNumb:; 776;7760;8730;8532;7641;
;;677;378;2358;1467;
;;7083;8352;6174;6174;
iNumb:; 777;7770;9963;6642;7641;7641;
;;777;3699;2466;1467;1467;
;;6993;6264;4176;6174;6174;
iNumb:; 778;8770;9972;7731;6543;8730;8532;7641;
;;778;2799;1377;3456;378;2358;1467;
;;7992;7173;6354;3087;8352;6174;6174;
iNumb:; 779;9770;9981;8820;8532;7641;
;;779;1899;288;2358;1467;
;;8991;8082;8532;6174;6174;
iNumb:; 780;8700;8622;6543;8730;8532;7641;
;;78;2268;3456;378;2358;1467;
;;8622;6354;3087;8352;6174;6174;
iNumb:; 781;8710;8532;7641;
;;178;2358;1467;
;;8532;6174;6174;
iNumb:; 782;8720;8442;9954;5553;9981;8820;8532;7641;
;;278;2448;4599;3555;1899;288;2358;1467;
;;8442;5994;5355;1998;8082;8532;6174;6174;
iNumb:; 783;8730;8532;7641;
;;378;2358;1467;
;;8352;6174;6174;
iNumb:; 784;8740;8622;6543;8730;8532;7641;
;;478;2268;3456;378;2358;1467;
;;8262;6354;3087;8352;6174;6174;
iNumb:; 785;8750;8721;7443;9963;6642;7641;7641;
;;578;1278;3447;3699;2466;1467;1467;
;;8172;7443;3996;6264;4176;6174;6174;
iNumb:; 786;8760;8820;8532;7641;
;;678;288;2358;1467;
;;8082;8532;6174;6174;
iNumb:; 787;8770;9972;7731;6543;8730;8532;7641;
;;778;2799;1377;3456;378;2358;1467;
;;7992;7173;6354;3087;8352;6174;6174;
iNumb:; 788;8870;8820;8532;7641;
;;788;288;2358;1467;
;;8082;8532;6174;6174;
iNumb:; 789;9870;9810;9621;8532;7641;
;;789;189;1269;2358;1467;
;;9081;9621;8352;6174;6174;
iNumb:; 790;9700;9621;8532;7641;
;;79;1269;2358;1467;
;;9621;8352;6174;6174;
iNumb:; 791;9710;9531;8721;7443;9963;6642;7641;7641;
;;179;1359;1278;3447;3699;2466;1467;1467;
;;9531;8172;7443;3996;6264;4176;6174;6174;
iNumb:; 792;9720;9441;9972;7731;6543;8730;8532;7641;
;;279;1449;2799;1377;3456;378;2358;1467;
;;9441;7992;7173;6354;3087;8352;6174;6174;
iNumb:; 793;9730;9531;8721;7443;9963;6642;7641;7641;
;;379;1359;1278;3447;3699;2466;1467;1467;
;;9351;8172;7443;3996;6264;4176;6174;6174;
iNumb:; 794;9740;9621;8532;7641;
;;479;1269;2358;1467;
;;9261;8352;6174;6174;
iNumb:; 795;9750;9711;8532;7641;
;;579;1179;2358;1467;
;;9171;8532;6174;6174;
iNumb:; 796;9760;9810;9621;8532;7641;
;;679;189;1269;2358;1467;
;;9081;9621;8352;6174;6174;
iNumb:; 797;9770;9981;8820;8532;7641;
;;779;1899;288;2358;1467;
;;8991;8082;8532;6174;6174;
iNumb:; 798;9870;9810;9621;8532;7641;
;;789;189;1269;2358;1467;
;;9081;9621;8352;6174;6174;
iNumb:; 799;9970;9711;8532;7641;
;;799;1179;2358;1467;
;;9171;8532;6174;6174;
iNumb:; 800;8000;9972;7731;6543;8730;8532;7641;
;;8;2799;1377;3456;378;2358;1467;
;;7992;7173;6354;3087;8352;6174;6174;
iNumb:; 801;8100;8820;8532;7641;
;;18;288;2358;1467;
;;8082;8532;6174;6174;
iNumb:; 802;8200;8721;7443;9963;6642;7641;7641;
;;28;1278;3447;3699;2466;1467;1467;
;;8172;7443;3996;6264;4176;6174;6174;
iNumb:; 803;8300;8622;6543;8730;8532;7641;
;;38;2268;3456;378;2358;1467;
;;8262;6354;3087;8352;6174;6174;
iNumb:; 804;8400;8532;7641;
;;48;2358;1467;
;;8352;6174;6174;
iNumb:; 805;8500;8442;9954;5553;9981;8820;8532;7641;
;;58;2448;4599;3555;1899;288;2358;1467;
;;8442;5994;5355;1998;8082;8532;6174;6174;
iNumb:; 806;8600;8532;7641;
;;68;2358;1467;
;;8532;6174;6174;
iNumb:; 807;8700;8622;6543;8730;8532;7641;
;;78;2268;3456;378;2358;1467;
;;8622;6354;3087;8352;6174;6174;
iNumb:; 808;8800;8721;7443;9963;6642;7641;7641;
;;88;1278;3447;3699;2466;1467;1467;
;;8712;7443;3996;6264;4176;6174;6174;
iNumb:; 809;9800;9711;8532;7641;
;;89;1179;2358;1467;
;;9711;8532;6174;6174;
iNumb:; 810;8100;8820;8532;7641;
;;18;288;2358;1467;
;;8082;8532;6174;6174;
iNumb:; 811;8110;9972;7731;6543;8730;8532;7641;
;;118;2799;1377;3456;378;2358;1467;
;;7992;7173;6354;3087;8352;6174;6174;
iNumb:; 812;8210;8820;8532;7641;
;;128;288;2358;1467;
;;8082;8532;6174;6174;
iNumb:; 813;8310;8721;7443;9963;6642;7641;7641;
;;138;1278;3447;3699;2466;1467;1467;
;;8172;7443;3996;6264;4176;6174;6174;
iNumb:; 814;8410;8622;6543;8730;8532;7641;
;;148;2268;3456;378;2358;1467;
;;8262;6354;3087;8352;6174;6174;
iNumb:; 815;8510;8532;7641;
;;158;2358;1467;
;;8352;6174;6174;
iNumb:; 816;8610;8442;9954;5553;9981;8820;8532;7641;
;;168;2448;4599;3555;1899;288;2358;1467;
;;8442;5994;5355;1998;8082;8532;6174;6174;
iNumb:; 817;8710;8532;7641;
;;178;2358;1467;
;;8532;6174;6174;
iNumb:; 818;8810;8622;6543;8730;8532;7641;
;;188;2268;3456;378;2358;1467;
;;8622;6354;3087;8352;6174;6174;
iNumb:; 819;9810;9621;8532;7641;
;;189;1269;2358;1467;
;;9621;8352;6174;6174;
iNumb:; 820;8200;8721;7443;9963;6642;7641;7641;
;;28;1278;3447;3699;2466;1467;1467;
;;8172;7443;3996;6264;4176;6174;6174;
iNumb:; 821;8210;8820;8532;7641;
;;128;288;2358;1467;
;;8082;8532;6174;6174;
iNumb:; 822;8220;9972;7731;6543;8730;8532;7641;
;;228;2799;1377;3456;378;2358;1467;
;;7992;7173;6354;3087;8352;6174;6174;
iNumb:; 823;8320;8820;8532;7641;
;;238;288;2358;1467;
;;8082;8532;6174;6174;
iNumb:; 824;8420;8721;7443;9963;6642;7641;7641;
;;248;1278;3447;3699;2466;1467;1467;
;;8172;7443;3996;6264;4176;6174;6174;
iNumb:; 825;8520;8622;6543;8730;8532;7641;
;;258;2268;3456;378;2358;1467;
;;8262;6354;3087;8352;6174;6174;
iNumb:; 826;8620;8532;7641;
;;268;2358;1467;
;;8352;6174;6174;
iNumb:; 827;8720;8442;9954;5553;9981;8820;8532;7641;
;;278;2448;4599;3555;1899;288;2358;1467;
;;8442;5994;5355;1998;8082;8532;6174;6174;
iNumb:; 828;8820;8532;7641;
;;288;2358;1467;
;;8532;6174;6174;
iNumb:; 829;9820;9531;8721;7443;9963;6642;7641;7641;
;;289;1359;1278;3447;3699;2466;1467;1467;
;;9531;8172;7443;3996;6264;4176;6174;6174;
iNumb:; 830;8300;8622;6543;8730;8532;7641;
;;38;2268;3456;378;2358;1467;
;;8262;6354;3087;8352;6174;6174;
iNumb:; 831;8310;8721;7443;9963;6642;7641;7641;
;;138;1278;3447;3699;2466;1467;1467;
;;8172;7443;3996;6264;4176;6174;6174;
iNumb:; 832;8320;8820;8532;7641;
;;238;288;2358;1467;
;;8082;8532;6174;6174;
iNumb:; 833;8330;9972;7731;6543;8730;8532;7641;
;;338;2799;1377;3456;378;2358;1467;
;;7992;7173;6354;3087;8352;6174;6174;
iNumb:; 834;8430;8820;8532;7641;
;;348;288;2358;1467;
;;8082;8532;6174;6174;
iNumb:; 835;8530;8721;7443;9963;6642;7641;7641;
;;358;1278;3447;3699;2466;1467;1467;
;;8172;7443;3996;6264;4176;6174;6174;
iNumb:; 836;8630;8622;6543;8730;8532;7641;
;;368;2268;3456;378;2358;1467;
;;8262;6354;3087;8352;6174;6174;
iNumb:; 837;8730;8532;7641;
;;378;2358;1467;
;;8352;6174;6174;
iNumb:; 838;8830;8442;9954;5553;9981;8820;8532;7641;
;;388;2448;4599;3555;1899;288;2358;1467;
;;8442;5994;5355;1998;8082;8532;6174;6174;
iNumb:; 839;9830;9441;9972;7731;6543;8730;8532;7641;
;;389;1449;2799;1377;3456;378;2358;1467;
;;9441;7992;7173;6354;3087;8352;6174;6174;
iNumb:; 840;8400;8532;7641;
;;48;2358;1467;
;;8352;6174;6174;
iNumb:; 841;8410;8622;6543;8730;8532;7641;
;;148;2268;3456;378;2358;1467;
;;8262;6354;3087;8352;6174;6174;
iNumb:; 842;8420;8721;7443;9963;6642;7641;7641;
;;248;1278;3447;3699;2466;1467;1467;
;;8172;7443;3996;6264;4176;6174;6174;
iNumb:; 843;8430;8820;8532;7641;
;;348;288;2358;1467;
;;8082;8532;6174;6174;
iNumb:; 844;8440;9972;7731;6543;8730;8532;7641;
;;448;2799;1377;3456;378;2358;1467;
;;7992;7173;6354;3087;8352;6174;6174;
iNumb:; 845;8540;8820;8532;7641;
;;458;288;2358;1467;
;;8082;8532;6174;6174;
iNumb:; 846;8640;8721;7443;9963;6642;7641;7641;
;;468;1278;3447;3699;2466;1467;1467;
;;8172;7443;3996;6264;4176;6174;6174;
iNumb:; 847;8740;8622;6543;8730;8532;7641;
;;478;2268;3456;378;2358;1467;
;;8262;6354;3087;8352;6174;6174;
iNumb:; 848;8840;8532;7641;
;;488;2358;1467;
;;8352;6174;6174;
iNumb:; 849;9840;9531;8721;7443;9963;6642;7641;7641;
;;489;1359;1278;3447;3699;2466;1467;1467;
;;9351;8172;7443;3996;6264;4176;6174;6174;
iNumb:; 850;8500;8442;9954;5553;9981;8820;8532;7641;
;;58;2448;4599;3555;1899;288;2358;1467;
;;8442;5994;5355;1998;8082;8532;6174;6174;
iNumb:; 851;8510;8532;7641;
;;158;2358;1467;
;;8352;6174;6174;
iNumb:; 852;8520;8622;6543;8730;8532;7641;
;;258;2268;3456;378;2358;1467;
;;8262;6354;3087;8352;6174;6174;
iNumb:; 853;8530;8721;7443;9963;6642;7641;7641;
;;358;1278;3447;3699;2466;1467;1467;
;;8172;7443;3996;6264;4176;6174;6174;
iNumb:; 854;8540;8820;8532;7641;
;;458;288;2358;1467;
;;8082;8532;6174;6174;
iNumb:; 855;8550;9972;7731;6543;8730;8532;7641;
;;558;2799;1377;3456;378;2358;1467;
;;7992;7173;6354;3087;8352;6174;6174;
iNumb:; 856;8650;8820;8532;7641;
;;568;288;2358;1467;
;;8082;8532;6174;6174;
iNumb:; 857;8750;8721;7443;9963;6642;7641;7641;
;;578;1278;3447;3699;2466;1467;1467;
;;8172;7443;3996;6264;4176;6174;6174;
iNumb:; 858;8850;8622;6543;8730;8532;7641;
;;588;2268;3456;378;2358;1467;
;;8262;6354;3087;8352;6174;6174;
iNumb:; 859;9850;9621;8532;7641;
;;589;1269;2358;1467;
;;9261;8352;6174;6174;
iNumb:; 860;8600;8532;7641;
;;68;2358;1467;
;;8532;6174;6174;
iNumb:; 861;8610;8442;9954;5553;9981;8820;8532;7641;
;;168;2448;4599;3555;1899;288;2358;1467;
;;8442;5994;5355;1998;8082;8532;6174;6174;
iNumb:; 862;8620;8532;7641;
;;268;2358;1467;
;;8352;6174;6174;
iNumb:; 863;8630;8622;6543;8730;8532;7641;
;;368;2268;3456;378;2358;1467;
;;8262;6354;3087;8352;6174;6174;
iNumb:; 864;8640;8721;7443;9963;6642;7641;7641;
;;468;1278;3447;3699;2466;1467;1467;
;;8172;7443;3996;6264;4176;6174;6174;
iNumb:; 865;8650;8820;8532;7641;
;;568;288;2358;1467;
;;8082;8532;6174;6174;
iNumb:; 866;8660;9972;7731;6543;8730;8532;7641;
;;668;2799;1377;3456;378;2358;1467;
;;7992;7173;6354;3087;8352;6174;6174;
iNumb:; 867;8760;8820;8532;7641;
;;678;288;2358;1467;
;;8082;8532;6174;6174;
iNumb:; 868;8860;8721;7443;9963;6642;7641;7641;
;;688;1278;3447;3699;2466;1467;1467;
;;8172;7443;3996;6264;4176;6174;6174;
iNumb:; 869;9860;9711;8532;7641;
;;689;1179;2358;1467;
;;9171;8532;6174;6174;
iNumb:; 870;8700;8622;6543;8730;8532;7641;
;;78;2268;3456;378;2358;1467;
;;8622;6354;3087;8352;6174;6174;
iNumb:; 871;8710;8532;7641;
;;178;2358;1467;
;;8532;6174;6174;
iNumb:; 872;8720;8442;9954;5553;9981;8820;8532;7641;
;;278;2448;4599;3555;1899;288;2358;1467;
;;8442;5994;5355;1998;8082;8532;6174;6174;
iNumb:; 873;8730;8532;7641;
;;378;2358;1467;
;;8352;6174;6174;
iNumb:; 874;8740;8622;6543;8730;8532;7641;
;;478;2268;3456;378;2358;1467;
;;8262;6354;3087;8352;6174;6174;
iNumb:; 875;8750;8721;7443;9963;6642;7641;7641;
;;578;1278;3447;3699;2466;1467;1467;
;;8172;7443;3996;6264;4176;6174;6174;
iNumb:; 876;8760;8820;8532;7641;
;;678;288;2358;1467;
;;8082;8532;6174;6174;
iNumb:; 877;8770;9972;7731;6543;8730;8532;7641;
;;778;2799;1377;3456;378;2358;1467;
;;7992;7173;6354;3087;8352;6174;6174;
iNumb:; 878;8870;8820;8532;7641;
;;788;288;2358;1467;
;;8082;8532;6174;6174;
iNumb:; 879;9870;9810;9621;8532;7641;
;;789;189;1269;2358;1467;
;;9081;9621;8352;6174;6174;
iNumb:; 880;8800;8721;7443;9963;6642;7641;7641;
;;88;1278;3447;3699;2466;1467;1467;
;;8712;7443;3996;6264;4176;6174;6174;
iNumb:; 881;8810;8622;6543;8730;8532;7641;
;;188;2268;3456;378;2358;1467;
;;8622;6354;3087;8352;6174;6174;
iNumb:; 882;8820;8532;7641;
;;288;2358;1467;
;;8532;6174;6174;
iNumb:; 883;8830;8442;9954;5553;9981;8820;8532;7641;
;;388;2448;4599;3555;1899;288;2358;1467;
;;8442;5994;5355;1998;8082;8532;6174;6174;
iNumb:; 884;8840;8532;7641;
;;488;2358;1467;
;;8352;6174;6174;
iNumb:; 885;8850;8622;6543;8730;8532;7641;
;;588;2268;3456;378;2358;1467;
;;8262;6354;3087;8352;6174;6174;
iNumb:; 886;8860;8721;7443;9963;6642;7641;7641;
;;688;1278;3447;3699;2466;1467;1467;
;;8172;7443;3996;6264;4176;6174;6174;
iNumb:; 887;8870;8820;8532;7641;
;;788;288;2358;1467;
;;8082;8532;6174;6174;
iNumb:; 888;8880;9972;7731;6543;8730;8532;7641;
;;888;2799;1377;3456;378;2358;1467;
;;7992;7173;6354;3087;8352;6174;6174;
iNumb:; 889;9880;9981;8820;8532;7641;
;;889;1899;288;2358;1467;
;;8991;8082;8532;6174;6174;
iNumb:; 890;9800;9711;8532;7641;
;;89;1179;2358;1467;
;;9711;8532;6174;6174;
iNumb:; 891;9810;9621;8532;7641;
;;189;1269;2358;1467;
;;9621;8352;6174;6174;
iNumb:; 892;9820;9531;8721;7443;9963;6642;7641;7641;
;;289;1359;1278;3447;3699;2466;1467;1467;
;;9531;8172;7443;3996;6264;4176;6174;6174;
iNumb:; 893;9830;9441;9972;7731;6543;8730;8532;7641;
;;389;1449;2799;1377;3456;378;2358;1467;
;;9441;7992;7173;6354;3087;8352;6174;6174;
iNumb:; 894;9840;9531;8721;7443;9963;6642;7641;7641;
;;489;1359;1278;3447;3699;2466;1467;1467;
;;9351;8172;7443;3996;6264;4176;6174;6174;
iNumb:; 895;9850;9621;8532;7641;
;;589;1269;2358;1467;
;;9261;8352;6174;6174;
iNumb:; 896;9860;9711;8532;7641;
;;689;1179;2358;1467;
;;9171;8532;6174;6174;
iNumb:; 897;9870;9810;9621;8532;7641;
;;789;189;1269;2358;1467;
;;9081;9621;8352;6174;6174;
iNumb:; 898;9880;9981;8820;8532;7641;
;;889;1899;288;2358;1467;
;;8991;8082;8532;6174;6174;
iNumb:; 899;9980;9810;9621;8532;7641;
;;899;189;1269;2358;1467;
;;9081;9621;8352;6174;6174;
iNumb:; 900;9000;9981;8820;8532;7641;
;;9;1899;288;2358;1467;
;;8991;8082;8532;6174;6174;
iNumb:; 901;9100;9810;9621;8532;7641;
;;19;189;1269;2358;1467;
;;9081;9621;8352;6174;6174;
iNumb:; 902;9200;9711;8532;7641;
;;29;1179;2358;1467;
;;9171;8532;6174;6174;
iNumb:; 903;9300;9621;8532;7641;
;;39;1269;2358;1467;
;;9261;8352;6174;6174;
iNumb:; 904;9400;9531;8721;7443;9963;6642;7641;7641;
;;49;1359;1278;3447;3699;2466;1467;1467;
;;9351;8172;7443;3996;6264;4176;6174;6174;
iNumb:; 905;9500;9441;9972;7731;6543;8730;8532;7641;
;;59;1449;2799;1377;3456;378;2358;1467;
;;9441;7992;7173;6354;3087;8352;6174;6174;
iNumb:; 906;9600;9531;8721;7443;9963;6642;7641;7641;
;;69;1359;1278;3447;3699;2466;1467;1467;
;;9531;8172;7443;3996;6264;4176;6174;6174;
iNumb:; 907;9700;9621;8532;7641;
;;79;1269;2358;1467;
;;9621;8352;6174;6174;
iNumb:; 908;9800;9711;8532;7641;
;;89;1179;2358;1467;
;;9711;8532;6174;6174;
iNumb:; 909;9900;9810;9621;8532;7641;
;;99;189;1269;2358;1467;
;;9801;9621;8352;6174;6174;
iNumb:; 910;9100;9810;9621;8532;7641;
;;19;189;1269;2358;1467;
;;9081;9621;8352;6174;6174;
iNumb:; 911;9110;9981;8820;8532;7641;
;;119;1899;288;2358;1467;
;;8991;8082;8532;6174;6174;
iNumb:; 912;9210;9810;9621;8532;7641;
;;129;189;1269;2358;1467;
;;9081;9621;8352;6174;6174;
iNumb:; 913;9310;9711;8532;7641;
;;139;1179;2358;1467;
;;9171;8532;6174;6174;
iNumb:; 914;9410;9621;8532;7641;
;;149;1269;2358;1467;
;;9261;8352;6174;6174;
iNumb:; 915;9510;9531;8721;7443;9963;6642;7641;7641;
;;159;1359;1278;3447;3699;2466;1467;1467;
;;9351;8172;7443;3996;6264;4176;6174;6174;
iNumb:; 916;9610;9441;9972;7731;6543;8730;8532;7641;
;;169;1449;2799;1377;3456;378;2358;1467;
;;9441;7992;7173;6354;3087;8352;6174;6174;
iNumb:; 917;9710;9531;8721;7443;9963;6642;7641;7641;
;;179;1359;1278;3447;3699;2466;1467;1467;
;;9531;8172;7443;3996;6264;4176;6174;6174;
iNumb:; 918;9810;9621;8532;7641;
;;189;1269;2358;1467;
;;9621;8352;6174;6174;
iNumb:; 919;9910;9711;8532;7641;
;;199;1179;2358;1467;
;;9711;8532;6174;6174;
iNumb:; 920;9200;9711;8532;7641;
;;29;1179;2358;1467;
;;9171;8532;6174;6174;
iNumb:; 921;9210;9810;9621;8532;7641;
;;129;189;1269;2358;1467;
;;9081;9621;8352;6174;6174;
iNumb:; 922;9220;9981;8820;8532;7641;
;;229;1899;288;2358;1467;
;;8991;8082;8532;6174;6174;
iNumb:; 923;9320;9810;9621;8532;7641;
;;239;189;1269;2358;1467;
;;9081;9621;8352;6174;6174;
iNumb:; 924;9420;9711;8532;7641;
;;249;1179;2358;1467;
;;9171;8532;6174;6174;
iNumb:; 925;9520;9621;8532;7641;
;;259;1269;2358;1467;
;;9261;8352;6174;6174;
iNumb:; 926;9620;9531;8721;7443;9963;6642;7641;7641;
;;269;1359;1278;3447;3699;2466;1467;1467;
;;9351;8172;7443;3996;6264;4176;6174;6174;
iNumb:; 927;9720;9441;9972;7731;6543;8730;8532;7641;
;;279;1449;2799;1377;3456;378;2358;1467;
;;9441;7992;7173;6354;3087;8352;6174;6174;
iNumb:; 928;9820;9531;8721;7443;9963;6642;7641;7641;
;;289;1359;1278;3447;3699;2466;1467;1467;
;;9531;8172;7443;3996;6264;4176;6174;6174;
iNumb:; 929;9920;9621;8532;7641;
;;299;1269;2358;1467;
;;9621;8352;6174;6174;
iNumb:; 930;9300;9621;8532;7641;
;;39;1269;2358;1467;
;;9261;8352;6174;6174;
iNumb:; 931;9310;9711;8532;7641;
;;139;1179;2358;1467;
;;9171;8532;6174;6174;
iNumb:; 932;9320;9810;9621;8532;7641;
;;239;189;1269;2358;1467;
;;9081;9621;8352;6174;6174;
iNumb:; 933;9330;9981;8820;8532;7641;
;;339;1899;288;2358;1467;
;;8991;8082;8532;6174;6174;
iNumb:; 934;9430;9810;9621;8532;7641;
;;349;189;1269;2358;1467;
;;9081;9621;8352;6174;6174;
iNumb:; 935;9530;9711;8532;7641;
;;359;1179;2358;1467;
;;9171;8532;6174;6174;
iNumb:; 936;9630;9621;8532;7641;
;;369;1269;2358;1467;
;;9261;8352;6174;6174;
iNumb:; 937;9730;9531;8721;7443;9963;6642;7641;7641;
;;379;1359;1278;3447;3699;2466;1467;1467;
;;9351;8172;7443;3996;6264;4176;6174;6174;
iNumb:; 938;9830;9441;9972;7731;6543;8730;8532;7641;
;;389;1449;2799;1377;3456;378;2358;1467;
;;9441;7992;7173;6354;3087;8352;6174;6174;
iNumb:; 939;9930;9531;8721;7443;9963;6642;7641;7641;
;;399;1359;1278;3447;3699;2466;1467;1467;
;;9531;8172;7443;3996;6264;4176;6174;6174;
iNumb:; 940;9400;9531;8721;7443;9963;6642;7641;7641;
;;49;1359;1278;3447;3699;2466;1467;1467;
;;9351;8172;7443;3996;6264;4176;6174;6174;
iNumb:; 941;9410;9621;8532;7641;
;;149;1269;2358;1467;
;;9261;8352;6174;6174;
iNumb:; 942;9420;9711;8532;7641;
;;249;1179;2358;1467;
;;9171;8532;6174;6174;
iNumb:; 943;9430;9810;9621;8532;7641;
;;349;189;1269;2358;1467;
;;9081;9621;8352;6174;6174;
iNumb:; 944;9440;9981;8820;8532;7641;
;;449;1899;288;2358;1467;
;;8991;8082;8532;6174;6174;
iNumb:; 945;9540;9810;9621;8532;7641;
;;459;189;1269;2358;1467;
;;9081;9621;8352;6174;6174;
iNumb:; 946;9640;9711;8532;7641;
;;469;1179;2358;1467;
;;9171;8532;6174;6174;
iNumb:; 947;9740;9621;8532;7641;
;;479;1269;2358;1467;
;;9261;8352;6174;6174;
iNumb:; 948;9840;9531;8721;7443;9963;6642;7641;7641;
;;489;1359;1278;3447;3699;2466;1467;1467;
;;9351;8172;7443;3996;6264;4176;6174;6174;
iNumb:; 949;9940;9441;9972;7731;6543;8730;8532;7641;
;;499;1449;2799;1377;3456;378;2358;1467;
;;9441;7992;7173;6354;3087;8352;6174;6174;
iNumb:; 950;9500;9441;9972;7731;6543;8730;8532;7641;
;;59;1449;2799;1377;3456;378;2358;1467;
;;9441;7992;7173;6354;3087;8352;6174;6174;
iNumb:; 951;9510;9531;8721;7443;9963;6642;7641;7641;
;;159;1359;1278;3447;3699;2466;1467;1467;
;;9351;8172;7443;3996;6264;4176;6174;6174;
iNumb:; 952;9520;9621;8532;7641;
;;259;1269;2358;1467;
;;9261;8352;6174;6174;
iNumb:; 953;9530;9711;8532;7641;
;;359;1179;2358;1467;
;;9171;8532;6174;6174;
iNumb:; 954;9540;9810;9621;8532;7641;
;;459;189;1269;2358;1467;
;;9081;9621;8352;6174;6174;
iNumb:; 955;9550;9981;8820;8532;7641;
;;559;1899;288;2358;1467;
;;8991;8082;8532;6174;6174;
iNumb:; 956;9650;9810;9621;8532;7641;
;;569;189;1269;2358;1467;
;;9081;9621;8352;6174;6174;
iNumb:; 957;9750;9711;8532;7641;
;;579;1179;2358;1467;
;;9171;8532;6174;6174;
iNumb:; 958;9850;9621;8532;7641;
;;589;1269;2358;1467;
;;9261;8352;6174;6174;
iNumb:; 959;9950;9531;8721;7443;9963;6642;7641;7641;
;;599;1359;1278;3447;3699;2466;1467;1467;
;;9351;8172;7443;3996;6264;4176;6174;6174;
iNumb:; 960;9600;9531;8721;7443;9963;6642;7641;7641;
;;69;1359;1278;3447;3699;2466;1467;1467;
;;9531;8172;7443;3996;6264;4176;6174;6174;
iNumb:; 961;9610;9441;9972;7731;6543;8730;8532;7641;
;;169;1449;2799;1377;3456;378;2358;1467;
;;9441;7992;7173;6354;3087;8352;6174;6174;
iNumb:; 962;9620;9531;8721;7443;9963;6642;7641;7641;
;;269;1359;1278;3447;3699;2466;1467;1467;
;;9351;8172;7443;3996;6264;4176;6174;6174;
iNumb:; 963;9630;9621;8532;7641;
;;369;1269;2358;1467;
;;9261;8352;6174;6174;
iNumb:; 964;9640;9711;8532;7641;
;;469;1179;2358;1467;
;;9171;8532;6174;6174;
iNumb:; 965;9650;9810;9621;8532;7641;
;;569;189;1269;2358;1467;
;;9081;9621;8352;6174;6174;
iNumb:; 966;9660;9981;8820;8532;7641;
;;669;1899;288;2358;1467;
;;8991;8082;8532;6174;6174;
iNumb:; 967;9760;9810;9621;8532;7641;
;;679;189;1269;2358;1467;
;;9081;9621;8352;6174;6174;
iNumb:; 968;9860;9711;8532;7641;
;;689;1179;2358;1467;
;;9171;8532;6174;6174;
iNumb:; 969;9960;9621;8532;7641;
;;699;1269;2358;1467;
;;9261;8352;6174;6174;
iNumb:; 970;9700;9621;8532;7641;
;;79;1269;2358;1467;
;;9621;8352;6174;6174;
iNumb:; 971;9710;9531;8721;7443;9963;6642;7641;7641;
;;179;1359;1278;3447;3699;2466;1467;1467;
;;9531;8172;7443;3996;6264;4176;6174;6174;
iNumb:; 972;9720;9441;9972;7731;6543;8730;8532;7641;
;;279;1449;2799;1377;3456;378;2358;1467;
;;9441;7992;7173;6354;3087;8352;6174;6174;
iNumb:; 973;9730;9531;8721;7443;9963;6642;7641;7641;
;;379;1359;1278;3447;3699;2466;1467;1467;
;;9351;8172;7443;3996;6264;4176;6174;6174;
iNumb:; 974;9740;9621;8532;7641;
;;479;1269;2358;1467;
;;9261;8352;6174;6174;
iNumb:; 975;9750;9711;8532;7641;
;;579;1179;2358;1467;
;;9171;8532;6174;6174;
iNumb:; 976;9760;9810;9621;8532;7641;
;;679;189;1269;2358;1467;
;;9081;9621;8352;6174;6174;
iNumb:; 977;9770;9981;8820;8532;7641;
;;779;1899;288;2358;1467;
;;8991;8082;8532;6174;6174;
iNumb:; 978;9870;9810;9621;8532;7641;
;;789;189;1269;2358;1467;
;;9081;9621;8352;6174;6174;
iNumb:; 979;9970;9711;8532;7641;
;;799;1179;2358;1467;
;;9171;8532;6174;6174;
iNumb:; 980;9800;9711;8532;7641;
;;89;1179;2358;1467;
;;9711;8532;6174;6174;
iNumb:; 981;9810;9621;8532;7641;
;;189;1269;2358;1467;
;;9621;8352;6174;6174;
iNumb:; 982;9820;9531;8721;7443;9963;6642;7641;7641;
;;289;1359;1278;3447;3699;2466;1467;1467;
;;9531;8172;7443;3996;6264;4176;6174;6174;
iNumb:; 983;9830;9441;9972;7731;6543;8730;8532;7641;
;;389;1449;2799;1377;3456;378;2358;1467;
;;9441;7992;7173;6354;3087;8352;6174;6174;
iNumb:; 984;9840;9531;8721;7443;9963;6642;7641;7641;
;;489;1359;1278;3447;3699;2466;1467;1467;
;;9351;8172;7443;3996;6264;4176;6174;6174;
iNumb:; 985;9850;9621;8532;7641;
;;589;1269;2358;1467;
;;9261;8352;6174;6174;
iNumb:; 986;9860;9711;8532;7641;
;;689;1179;2358;1467;
;;9171;8532;6174;6174;
iNumb:; 987;9870;9810;9621;8532;7641;
;;789;189;1269;2358;1467;
;;9081;9621;8352;6174;6174;
iNumb:; 988;9880;9981;8820;8532;7641;
;;889;1899;288;2358;1467;
;;8991;8082;8532;6174;6174;
iNumb:; 989;9980;9810;9621;8532;7641;
;;899;189;1269;2358;1467;
;;9081;9621;8352;6174;6174;
iNumb:; 990;9900;9810;9621;8532;7641;
;;99;189;1269;2358;1467;
;;9801;9621;8352;6174;6174;
iNumb:; 991;9910;9711;8532;7641;
;;199;1179;2358;1467;
;;9711;8532;6174;6174;
iNumb:; 992;9920;9621;8532;7641;
;;299;1269;2358;1467;
;;9621;8352;6174;6174;
iNumb:; 993;9930;9531;8721;7443;9963;6642;7641;7641;
;;399;1359;1278;3447;3699;2466;1467;1467;
;;9531;8172;7443;3996;6264;4176;6174;6174;
iNumb:; 994;9940;9441;9972;7731;6543;8730;8532;7641;
;;499;1449;2799;1377;3456;378;2358;1467;
;;9441;7992;7173;6354;3087;8352;6174;6174;
iNumb:; 995;9950;9531;8721;7443;9963;6642;7641;7641;
;;599;1359;1278;3447;3699;2466;1467;1467;
;;9351;8172;7443;3996;6264;4176;6174;6174;
iNumb:; 996;9960;9621;8532;7641;
;;699;1269;2358;1467;
;;9261;8352;6174;6174;
iNumb:; 997;9970;9711;8532;7641;
;;799;1179;2358;1467;
;;9171;8532;6174;6174;
iNumb:; 998;9980;9810;9621;8532;7641;
;;899;189;1269;2358;1467;
;;9081;9621;8352;6174;6174;
iNumb:; 999;9990;9981;8820;8532;7641;
;;999;1899;288;2358;1467;
;;8991;8082;8532;6174;6174;
iNumb:; 0;
;;
;;
